{
"type": "FeatureCollection",
"name": "retrogression_adaptive_balanced_streams_subset_5",
"crs": { "type": "name", "properties": { "name": "urn:ogc:def:crs:EPSG::25833" } },
"features": [
{ "type": "Feature", "properties": { "id": 1, "slope": 1 }, "geometry": { "type": "Polygon", "coordinates": [ [ [ 255550.219786902889609, 7041392.524823925457895 ], [ 255550.219786902889609, 7041387.521633335389197 ], [ 255545.216596312937327, 7041387.521633335389197 ], [ 255545.216596312937327, 7041382.518442745320499 ], [ 255540.213405722985044, 7041382.518442745320499 ], [ 255540.213405722985044, 7041377.515252155251801 ], [ 255535.210215133032762, 7041377.515252155251801 ], [ 255535.210215133032762, 7041372.512061565183103 ], [ 255530.207024543080479, 7041372.512061565183103 ], [ 255530.207024543080479, 7041367.508870975114405 ], [ 255525.2038339531573, 7041367.508870975114405 ], [ 255525.2038339531573, 7041362.50568038597703 ], [ 255520.200643363205018, 7041362.50568038597703 ], [ 255520.200643363205018, 7041357.502489795908332 ], [ 255515.197452773252735, 7041357.502489795908332 ], [ 255515.197452773252735, 7041352.499299205839634 ], [ 255510.194262183300452, 7041352.499299205839634 ], [ 255510.194262183300452, 7041347.496108615770936 ], [ 255505.19107159334817, 7041347.496108615770936 ], [ 255505.19107159334817, 7041342.492918025702238 ], [ 255485.178309233568143, 7041342.492918025702238 ], [ 255485.178309233568143, 7041347.496108615770936 ], [ 255470.168737463740399, 7041347.496108615770936 ], [ 255470.168737463740399, 7041342.492918025702238 ], [ 255465.165546873788116, 7041342.492918025702238 ], [ 255465.165546873788116, 7041347.496108615770936 ], [ 255460.162356283835834, 7041347.496108615770936 ], [ 255460.162356283835834, 7041352.499299205839634 ], [ 255430.143212744151242, 7041352.499299205839634 ], [ 255430.143212744151242, 7041347.496108615770936 ], [ 255405.127259794418933, 7041347.496108615770936 ], [ 255405.127259794418933, 7041342.492918025702238 ], [ 255395.120878614514368, 7041342.492918025702238 ], [ 255395.120878614514368, 7041337.48972743563354 ], [ 255390.117688024591189, 7041337.48972743563354 ], [ 255390.117688024591189, 7041327.483346256427467 ], [ 255385.114497434638906, 7041327.483346256427467 ], [ 255385.114497434638906, 7041307.470583896152675 ], [ 255380.111306844686624, 7041307.470583896152675 ], [ 255380.111306844686624, 7041302.467393306083977 ], [ 255375.108116254734341, 7041302.467393306083977 ], [ 255375.108116254734341, 7041292.461012125946581 ], [ 255370.104925664782058, 7041292.461012125946581 ], [ 255370.104925664782058, 7041287.457821536809206 ], [ 255360.098544484906597, 7041287.457821536809206 ], [ 255360.098544484906597, 7041282.454630946740508 ], [ 255355.095353894954314, 7041282.454630946740508 ], [ 255355.095353894954314, 7041277.45144035667181 ], [ 255350.092163305002032, 7041277.45144035667181 ], [ 255350.092163305002032, 7041272.448249766603112 ], [ 255345.088972715049749, 7041272.448249766603112 ], [ 255345.088972715049749, 7041262.441868586465716 ], [ 255340.085782125097467, 7041262.441868586465716 ], [ 255340.085782125097467, 7041252.435487406328321 ], [ 255335.082591535174288, 7041252.435487406328321 ], [ 255335.082591535174288, 7041242.429106227122247 ], [ 255330.079400945222005, 7041242.429106227122247 ], [ 255330.079400945222005, 7041232.422725046984851 ], [ 255325.076210355269723, 7041232.422725046984851 ], [ 255325.076210355269723, 7041222.416343866847456 ], [ 255320.07301976531744, 7041222.416343866847456 ], [ 255320.07301976531744, 7041207.406772097572684 ], [ 255315.069829175365157, 7041207.406772097572684 ], [ 255315.069829175365157, 7041197.400390917435288 ], [ 255310.066638585412875, 7041197.400390917435288 ], [ 255310.066638585412875, 7041182.390819147229195 ], [ 255305.063447995489696, 7041182.390819147229195 ], [ 255305.063447995489696, 7041177.387628557160497 ], [ 255300.060257405537413, 7041177.387628557160497 ], [ 255300.060257405537413, 7041172.384437968023121 ], [ 255295.057066815585131, 7041172.384437968023121 ], [ 255295.057066815585131, 7041167.381247377954423 ], [ 255290.053876225632848, 7041167.381247377954423 ], [ 255290.053876225632848, 7041162.378056787885725 ], [ 255285.050685635680566, 7041162.378056787885725 ], [ 255285.050685635680566, 7041152.37167560774833 ], [ 255280.047495045757387, 7041152.37167560774833 ], [ 255280.047495045757387, 7041132.35891324840486 ], [ 255275.044304455805104, 7041132.35891324840486 ], [ 255275.044304455805104, 7041107.342960298061371 ], [ 255270.041113865852822, 7041107.342960298061371 ], [ 255270.041113865852822, 7041072.320626168511808 ], [ 255265.037923275900539, 7041072.320626168511808 ], [ 255265.037923275900539, 7041032.295101448893547 ], [ 255260.034732685948256, 7041032.295101448893547 ], [ 255260.034732685948256, 7041017.285529679618776 ], [ 255255.031542095995974, 7041017.285529679618776 ], [ 255255.031542095995974, 7041007.27914849948138 ], [ 255245.025160916120512, 7041007.27914849948138 ], [ 255245.025160916120512, 7041002.275957909412682 ], [ 255240.02197032616823, 7041002.275957909412682 ], [ 255240.02197032616823, 7040997.272767319343984 ], [ 255235.018779736215947, 7040997.272767319343984 ], [ 255235.018779736215947, 7040982.263195550069213 ], [ 255230.015589146263665, 7040982.263195550069213 ], [ 255230.015589146263665, 7040977.260004960000515 ], [ 255225.012398556340486, 7040977.260004960000515 ], [ 255225.012398556340486, 7040972.256814369931817 ], [ 255220.009207966388203, 7040972.256814369931817 ], [ 255220.009207966388203, 7040957.247242599725723 ], [ 255215.006017376435921, 7040957.247242599725723 ], [ 255215.006017376435921, 7040947.240861419588327 ], [ 255210.002826786483638, 7040947.240861419588327 ], [ 255210.002826786483638, 7040942.237670830450952 ], [ 255204.999636196531355, 7040942.237670830450952 ], [ 255204.999636196531355, 7040937.234480240382254 ], [ 255194.993255016655894, 7040937.234480240382254 ], [ 255194.993255016655894, 7040932.231289650313556 ], [ 255189.990064426703611, 7040932.231289650313556 ], [ 255189.990064426703611, 7040927.228099060244858 ], [ 255184.986873836751329, 7040927.228099060244858 ], [ 255184.986873836751329, 7040917.221717880107462 ], [ 255179.983683246799046, 7040917.221717880107462 ], [ 255179.983683246799046, 7040897.208955520763993 ], [ 255174.980492656846764, 7040897.208955520763993 ], [ 255174.980492656846764, 7040872.193002570420504 ], [ 255169.977302066923585, 7040872.193002570420504 ], [ 255169.977302066923585, 7040832.167477850802243 ], [ 255174.980492656846764, 7040832.167477850802243 ], [ 255174.980492656846764, 7040812.154715491458774 ], [ 255179.983683246799046, 7040812.154715491458774 ], [ 255179.983683246799046, 7040797.14514372125268 ], [ 255184.986873836751329, 7040797.14514372125268 ], [ 255184.986873836751329, 7040792.141953132115304 ], [ 255189.990064426703611, 7040792.141953132115304 ], [ 255189.990064426703611, 7040787.138762542046607 ], [ 255220.009207966388203, 7040787.138762542046607 ], [ 255220.009207966388203, 7040782.135571951977909 ], [ 255230.015589146263665, 7040782.135571951977909 ], [ 255230.015589146263665, 7040777.132381361909211 ], [ 255235.018779736215947, 7040777.132381361909211 ], [ 255235.018779736215947, 7040772.129190771840513 ], [ 255240.02197032616823, 7040772.129190771840513 ], [ 255240.02197032616823, 7040767.126000181771815 ], [ 255245.025160916120512, 7040767.126000181771815 ], [ 255245.025160916120512, 7040757.119619001634419 ], [ 255250.028351506072795, 7040757.119619001634419 ], [ 255250.028351506072795, 7040752.116428412497044 ], [ 255255.031542095995974, 7040752.116428412497044 ], [ 255255.031542095995974, 7040747.113237822428346 ], [ 255260.034732685948256, 7040747.113237822428346 ], [ 255260.034732685948256, 7040742.110047232359648 ], [ 255265.037923275900539, 7040742.110047232359648 ], [ 255265.037923275900539, 7040737.10685664229095 ], [ 255270.041113865852822, 7040737.10685664229095 ], [ 255270.041113865852822, 7040727.100475462153554 ], [ 255275.044304455805104, 7040727.100475462153554 ], [ 255275.044304455805104, 7040722.097284872084856 ], [ 255280.047495045757387, 7040722.097284872084856 ], [ 255280.047495045757387, 7040717.094094282016158 ], [ 255285.050685635680566, 7040717.094094282016158 ], [ 255285.050685635680566, 7040707.087713102810085 ], [ 255290.053876225632848, 7040707.087713102810085 ], [ 255290.053876225632848, 7040702.084522512741387 ], [ 255295.057066815585131, 7040702.084522512741387 ], [ 255295.057066815585131, 7040697.081331922672689 ], [ 255300.060257405537413, 7040697.081331922672689 ], [ 255300.060257405537413, 7040692.078141332603991 ], [ 255315.069829175365157, 7040692.078141332603991 ], [ 255315.069829175365157, 7040687.074950742535293 ], [ 255330.079400945222005, 7040687.074950742535293 ], [ 255330.079400945222005, 7040682.071760152466595 ], [ 255355.095353894954314, 7040682.071760152466595 ], [ 255355.095353894954314, 7040677.06856956332922 ], [ 255365.101735074829776, 7040677.06856956332922 ], [ 255365.101735074829776, 7040672.065378973260522 ], [ 255375.108116254734341, 7040672.065378973260522 ], [ 255375.108116254734341, 7040667.062188383191824 ], [ 255390.117688024591189, 7040667.062188383191824 ], [ 255390.117688024591189, 7040662.058997793123126 ], [ 255400.12406920446665, 7040662.058997793123126 ], [ 255400.12406920446665, 7040657.055807203054428 ], [ 255410.130450384371215, 7040657.055807203054428 ], [ 255410.130450384371215, 7040652.05261661298573 ], [ 255415.133640974323498, 7040652.05261661298573 ], [ 255415.133640974323498, 7040647.049426022917032 ], [ 255425.140022154198959, 7040647.049426022917032 ], [ 255425.140022154198959, 7040642.046235432848334 ], [ 255435.146403334103525, 7040642.046235432848334 ], [ 255435.146403334103525, 7040637.043044843710959 ], [ 255445.15278451400809, 7040637.043044843710959 ], [ 255445.15278451400809, 7040632.039854253642261 ], [ 255450.155975103931269, 7040632.039854253642261 ], [ 255450.155975103931269, 7040627.036663663573563 ], [ 255460.162356283835834, 7040627.036663663573563 ], [ 255460.162356283835834, 7040622.033473073504865 ], [ 255465.165546873788116, 7040622.033473073504865 ], [ 255465.165546873788116, 7040617.030282483436167 ], [ 255470.168737463740399, 7040617.030282483436167 ], [ 255470.168737463740399, 7040612.027091893367469 ], [ 255475.171928053663578, 7040612.027091893367469 ], [ 255475.171928053663578, 7040607.023901303298771 ], [ 255485.178309233568143, 7040607.023901303298771 ], [ 255485.178309233568143, 7040602.020710713230073 ], [ 255490.181499823520426, 7040602.020710713230073 ], [ 255490.181499823520426, 7040597.017520124092698 ], [ 255495.184690413472708, 7040597.017520124092698 ], [ 255495.184690413472708, 7040592.014329534024 ], [ 255500.187881003424991, 7040592.014329534024 ], [ 255500.187881003424991, 7040587.011138943955302 ], [ 255505.19107159334817, 7040587.011138943955302 ], [ 255505.19107159334817, 7040582.007948353886604 ], [ 255515.197452773252735, 7040582.007948353886604 ], [ 255515.197452773252735, 7040577.004757763817906 ], [ 255520.200643363205018, 7040577.004757763817906 ], [ 255520.200643363205018, 7040572.001567173749208 ], [ 255525.2038339531573, 7040572.001567173749208 ], [ 255525.2038339531573, 7040566.998376583680511 ], [ 255530.207024543080479, 7040566.998376583680511 ], [ 255530.207024543080479, 7040561.995185994543135 ], [ 255540.213405722985044, 7040561.995185994543135 ], [ 255540.213405722985044, 7040551.988804814405739 ], [ 255545.216596312937327, 7040551.988804814405739 ], [ 255545.216596312937327, 7040546.985614224337041 ], [ 255550.219786902889609, 7040546.985614224337041 ], [ 255550.219786902889609, 7040541.982423634268343 ], [ 255555.222977492841892, 7040541.982423634268343 ], [ 255555.222977492841892, 7040536.979233044199646 ], [ 255560.226168082765071, 7040536.979233044199646 ], [ 255560.226168082765071, 7040531.976042454130948 ], [ 255565.229358672717353, 7040531.976042454130948 ], [ 255565.229358672717353, 7040526.97285186406225 ], [ 255580.238930442574201, 7040526.97285186406225 ], [ 255580.238930442574201, 7040521.969661274924874 ], [ 255585.24212103249738, 7040521.969661274924874 ], [ 255585.24212103249738, 7040516.966470684856176 ], [ 255590.245311622449663, 7040516.966470684856176 ], [ 255590.245311622449663, 7040511.963280094787478 ], [ 255595.248502212401945, 7040511.963280094787478 ], [ 255595.248502212401945, 7040506.960089504718781 ], [ 255600.251692802354228, 7040506.960089504718781 ], [ 255600.251692802354228, 7040496.953708324581385 ], [ 255605.25488339230651, 7040496.953708324581385 ], [ 255605.25488339230651, 7040491.950517734512687 ], [ 255625.267645752086537, 7040491.950517734512687 ], [ 255625.267645752086537, 7040486.947327144443989 ], [ 255635.274026931991102, 7040486.947327144443989 ], [ 255635.274026931991102, 7040491.950517734512687 ], [ 255670.296361061598873, 7040491.950517734512687 ], [ 255670.296361061598873, 7040486.947327144443989 ], [ 255755.350601090700366, 7040486.947327144443989 ], [ 255755.350601090700366, 7040481.944136555306613 ], [ 255760.353791680652648, 7040481.944136555306613 ], [ 255760.353791680652648, 7040476.940945965237916 ], [ 255765.356982270604931, 7040476.940945965237916 ], [ 255765.356982270604931, 7040471.937755375169218 ], [ 255770.360172860557213, 7040471.937755375169218 ], [ 255770.360172860557213, 7040466.93456478510052 ], [ 255815.388888170069549, 7040466.93456478510052 ], [ 255815.388888170069549, 7040471.937755375169218 ], [ 255825.395269349974114, 7040471.937755375169218 ], [ 255825.395269349974114, 7040476.940945965237916 ], [ 255835.401650529849576, 7040476.940945965237916 ], [ 255835.401650529849576, 7040481.944136555306613 ], [ 255845.408031709754141, 7040481.944136555306613 ], [ 255845.408031709754141, 7040486.947327144443989 ], [ 255855.414412889658706, 7040486.947327144443989 ], [ 255855.414412889658706, 7040491.950517734512687 ], [ 255870.42398465948645, 7040491.950517734512687 ], [ 255870.42398465948645, 7040496.953708324581385 ], [ 255880.430365839391015, 7040496.953708324581385 ], [ 255880.430365839391015, 7040501.956898914650083 ], [ 255900.443128199171042, 7040501.956898914650083 ], [ 255900.443128199171042, 7040506.960089504718781 ], [ 255915.452699968998786, 7040506.960089504718781 ], [ 255915.452699968998786, 7040511.963280094787478 ], [ 255925.459081148903351, 7040511.963280094787478 ], [ 255925.459081148903351, 7040516.966470684856176 ], [ 255930.462271738855634, 7040516.966470684856176 ], [ 255930.462271738855634, 7040521.969661274924874 ], [ 255940.468652918760199, 7040521.969661274924874 ], [ 255940.468652918760199, 7040526.97285186406225 ], [ 255945.471843508683378, 7040526.97285186406225 ], [ 255945.471843508683378, 7040531.976042454130948 ], [ 255955.478224688587943, 7040531.976042454130948 ], [ 255955.478224688587943, 7040536.979233044199646 ], [ 255965.484605868492508, 7040536.979233044199646 ], [ 255965.484605868492508, 7040541.982423634268343 ], [ 255955.478224688587943, 7040541.982423634268343 ], [ 255955.478224688587943, 7040546.985614224337041 ], [ 255965.484605868492508, 7040546.985614224337041 ], [ 255965.484605868492508, 7040551.988804814405739 ], [ 255980.494177638320252, 7040551.988804814405739 ], [ 255980.494177638320252, 7040556.991995404474437 ], [ 256000.506939998100279, 7040556.991995404474437 ], [ 256000.506939998100279, 7040561.995185994543135 ], [ 256005.510130588052562, 7040561.995185994543135 ], [ 256005.510130588052562, 7040566.998376583680511 ], [ 256040.532464717689436, 7040566.998376583680511 ], [ 256040.532464717689436, 7040572.001567173749208 ], [ 256050.538845897594001, 7040572.001567173749208 ], [ 256050.538845897594001, 7040566.998376583680511 ], [ 256055.54203648751718, 7040566.998376583680511 ], [ 256055.54203648751718, 7040551.988804814405739 ], [ 256060.545227077469463, 7040551.988804814405739 ], [ 256060.545227077469463, 7040546.985614224337041 ], [ 256070.551608257374028, 7040546.985614224337041 ], [ 256070.551608257374028, 7040541.982423634268343 ], [ 256075.55479884732631, 7040541.982423634268343 ], [ 256075.55479884732631, 7040536.979233044199646 ], [ 256080.557989437249489, 7040536.979233044199646 ], [ 256080.557989437249489, 7040531.976042454130948 ], [ 256105.573942387010902, 7040531.976042454130948 ], [ 256105.573942387010902, 7040526.97285186406225 ], [ 256125.586704746790929, 7040526.97285186406225 ], [ 256125.586704746790929, 7040531.976042454130948 ], [ 256135.59308592666639, 7040531.976042454130948 ], [ 256135.59308592666639, 7040541.982423634268343 ], [ 256140.596276516618673, 7040541.982423634268343 ], [ 256140.596276516618673, 7040546.985614224337041 ], [ 256145.599467106570955, 7040546.985614224337041 ], [ 256145.599467106570955, 7040551.988804814405739 ], [ 256155.605848286475521, 7040551.988804814405739 ], [ 256155.605848286475521, 7040556.991995404474437 ], [ 256160.609038876427803, 7040556.991995404474437 ], [ 256160.609038876427803, 7040561.995185994543135 ], [ 256165.612229466350982, 7040561.995185994543135 ], [ 256165.612229466350982, 7040572.001567173749208 ], [ 256170.615420056303265, 7040572.001567173749208 ], [ 256170.615420056303265, 7040582.007948353886604 ], [ 256175.618610646255547, 7040582.007948353886604 ], [ 256175.618610646255547, 7040592.014329534024 ], [ 256180.62180123620783, 7040592.014329534024 ], [ 256180.62180123620783, 7040607.023901303298771 ], [ 256185.624991826160112, 7040607.023901303298771 ], [ 256185.624991826160112, 7040612.027091893367469 ], [ 256190.628182416083291, 7040612.027091893367469 ], [ 256190.628182416083291, 7040627.036663663573563 ], [ 256195.631373006035574, 7040627.036663663573563 ], [ 256195.631373006035574, 7040637.043044843710959 ], [ 256200.634563595987856, 7040637.043044843710959 ], [ 256200.634563595987856, 7040642.046235432848334 ], [ 256205.637754185940139, 7040642.046235432848334 ], [ 256205.637754185940139, 7040652.05261661298573 ], [ 256210.640944775892422, 7040652.05261661298573 ], [ 256210.640944775892422, 7040657.055807203054428 ], [ 256215.644135365844704, 7040657.055807203054428 ], [ 256215.644135365844704, 7040662.058997793123126 ], [ 256220.647325955767883, 7040662.058997793123126 ], [ 256220.647325955767883, 7040667.062188383191824 ], [ 256225.650516545720166, 7040667.062188383191824 ], [ 256225.650516545720166, 7040672.065378973260522 ], [ 256230.653707135672448, 7040672.065378973260522 ], [ 256230.653707135672448, 7040682.071760152466595 ], [ 256235.656897725624731, 7040682.071760152466595 ], [ 256235.656897725624731, 7040687.074950742535293 ], [ 256240.660088315577013, 7040687.074950742535293 ], [ 256240.660088315577013, 7040692.078141332603991 ], [ 256245.663278905500192, 7040692.078141332603991 ], [ 256245.663278905500192, 7040697.081331922672689 ], [ 256250.666469495452475, 7040697.081331922672689 ], [ 256250.666469495452475, 7040707.087713102810085 ], [ 256255.669660085404757, 7040707.087713102810085 ], [ 256255.669660085404757, 7040712.090903692878783 ], [ 256260.67285067535704, 7040712.090903692878783 ], [ 256260.67285067535704, 7040727.100475462153554 ], [ 256265.676041265309323, 7040727.100475462153554 ], [ 256265.676041265309323, 7040737.10685664229095 ], [ 256270.679231855261605, 7040737.10685664229095 ], [ 256270.679231855261605, 7040757.119619001634419 ], [ 256275.682422445184784, 7040757.119619001634419 ], [ 256275.682422445184784, 7040767.126000181771815 ], [ 256280.685613035137067, 7040767.126000181771815 ], [ 256280.685613035137067, 7040777.132381361909211 ], [ 256285.688803625089349, 7040777.132381361909211 ], [ 256285.688803625089349, 7040792.141953132115304 ], [ 256290.691994215041632, 7040792.141953132115304 ], [ 256290.691994215041632, 7040807.151524901390076 ], [ 256295.695184804993914, 7040807.151524901390076 ], [ 256295.695184804993914, 7040827.164287261664867 ], [ 256300.698375394917093, 7040827.164287261664867 ], [ 256300.698375394917093, 7040857.183430801145732 ], [ 256305.701565984869376, 7040857.183430801145732 ], [ 256305.701565984869376, 7040882.199383750557899 ], [ 256310.704756574821658, 7040882.199383750557899 ], [ 256310.704756574821658, 7040907.215336700901389 ], [ 256315.707947164773941, 7040907.215336700901389 ], [ 256315.707947164773941, 7040937.234480240382254 ], [ 256320.711137754726224, 7040937.234480240382254 ], [ 256320.711137754726224, 7040967.253623779863119 ], [ 256325.714328344678506, 7040967.253623779863119 ], [ 256325.714328344678506, 7040987.266386139206588 ], [ 256330.717518934601685, 7040987.266386139206588 ], [ 256330.717518934601685, 7041002.275957909412682 ], [ 256335.720709524553968, 7041002.275957909412682 ], [ 256335.720709524553968, 7041022.288720269687474 ], [ 256340.72390011450625, 7041022.288720269687474 ], [ 256340.72390011450625, 7041037.298292038962245 ], [ 256345.727090704458533, 7041037.298292038962245 ], [ 256345.727090704458533, 7041057.311054399237037 ], [ 256350.730281294410815, 7041057.311054399237037 ], [ 256350.730281294410815, 7041077.323816758580506 ], [ 256355.733471884333994, 7041077.323816758580506 ], [ 256355.733471884333994, 7041132.35891324840486 ], [ 256360.736662474286277, 7041132.35891324840486 ], [ 256360.736662474286277, 7041142.365294427610934 ], [ 256355.733471884333994, 7041142.365294427610934 ], [ 256355.733471884333994, 7041162.378056787885725 ], [ 256345.727090704458533, 7041162.378056787885725 ], [ 256345.727090704458533, 7041167.381247377954423 ], [ 256340.72390011450625, 7041167.381247377954423 ], [ 256340.72390011450625, 7041172.384437968023121 ], [ 256330.717518934601685, 7041172.384437968023121 ], [ 256330.717518934601685, 7041177.387628557160497 ], [ 256325.714328344678506, 7041177.387628557160497 ], [ 256325.714328344678506, 7041197.400390917435288 ], [ 256330.717518934601685, 7041197.400390917435288 ], [ 256330.717518934601685, 7041202.403581507503986 ], [ 256325.714328344678506, 7041202.403581507503986 ], [ 256325.714328344678506, 7041207.406772097572684 ], [ 256315.707947164773941, 7041207.406772097572684 ], [ 256315.707947164773941, 7041217.413153276778758 ], [ 256310.704756574821658, 7041217.413153276778758 ], [ 256310.704756574821658, 7041237.425915637053549 ], [ 256305.701565984869376, 7041237.425915637053549 ], [ 256305.701565984869376, 7041242.429106227122247 ], [ 256300.698375394917093, 7041242.429106227122247 ], [ 256300.698375394917093, 7041247.432296817190945 ], [ 256295.695184804993914, 7041247.432296817190945 ], [ 256295.695184804993914, 7041252.435487406328321 ], [ 256290.691994215041632, 7041252.435487406328321 ], [ 256290.691994215041632, 7041257.438677996397018 ], [ 256285.688803625089349, 7041257.438677996397018 ], [ 256285.688803625089349, 7041262.441868586465716 ], [ 256280.685613035137067, 7041262.441868586465716 ], [ 256280.685613035137067, 7041267.445059176534414 ], [ 256270.679231855261605, 7041267.445059176534414 ], [ 256270.679231855261605, 7041277.45144035667181 ], [ 256260.67285067535704, 7041277.45144035667181 ], [ 256260.67285067535704, 7041282.454630946740508 ], [ 256255.669660085404757, 7041282.454630946740508 ], [ 256255.669660085404757, 7041292.461012125946581 ], [ 256245.663278905500192, 7041292.461012125946581 ], [ 256245.663278905500192, 7041297.464202716015279 ], [ 256235.656897725624731, 7041297.464202716015279 ], [ 256235.656897725624731, 7041302.467393306083977 ], [ 256230.653707135672448, 7041302.467393306083977 ], [ 256230.653707135672448, 7041307.470583896152675 ], [ 256220.647325955767883, 7041307.470583896152675 ], [ 256220.647325955767883, 7041317.476965076290071 ], [ 256215.644135365844704, 7041317.476965076290071 ], [ 256215.644135365844704, 7041322.480155666358769 ], [ 256210.640944775892422, 7041322.480155666358769 ], [ 256210.640944775892422, 7041327.483346256427467 ], [ 256205.637754185940139, 7041327.483346256427467 ], [ 256205.637754185940139, 7041332.486536845564842 ], [ 256200.634563595987856, 7041332.486536845564842 ], [ 256200.634563595987856, 7041337.48972743563354 ], [ 256195.631373006035574, 7041337.48972743563354 ], [ 256195.631373006035574, 7041347.496108615770936 ], [ 256185.624991826160112, 7041347.496108615770936 ], [ 256185.624991826160112, 7041352.499299205839634 ], [ 256180.62180123620783, 7041352.499299205839634 ], [ 256180.62180123620783, 7041357.502489795908332 ], [ 256165.612229466350982, 7041357.502489795908332 ], [ 256165.612229466350982, 7041362.50568038597703 ], [ 256145.599467106570955, 7041362.50568038597703 ], [ 256145.599467106570955, 7041367.508870975114405 ], [ 256125.586704746790929, 7041367.508870975114405 ], [ 256125.586704746790929, 7041372.512061565183103 ], [ 256090.564370617154054, 7041372.512061565183103 ], [ 256090.564370617154054, 7041377.515252155251801 ], [ 256080.557989437249489, 7041377.515252155251801 ], [ 256080.557989437249489, 7041382.518442745320499 ], [ 256065.548417667421745, 7041382.518442745320499 ], [ 256065.548417667421745, 7041377.515252155251801 ], [ 256060.545227077469463, 7041377.515252155251801 ], [ 256060.545227077469463, 7041382.518442745320499 ], [ 256050.538845897594001, 7041382.518442745320499 ], [ 256050.538845897594001, 7041377.515252155251801 ], [ 256040.532464717689436, 7041377.515252155251801 ], [ 256040.532464717689436, 7041382.518442745320499 ], [ 255980.494177638320252, 7041382.518442745320499 ], [ 255980.494177638320252, 7041377.515252155251801 ], [ 255945.471843508683378, 7041377.515252155251801 ], [ 255945.471843508683378, 7041372.512061565183103 ], [ 255920.455890558951069, 7041372.512061565183103 ], [ 255920.455890558951069, 7041367.508870975114405 ], [ 255900.443128199171042, 7041367.508870975114405 ], [ 255900.443128199171042, 7041362.50568038597703 ], [ 255890.436747019266477, 7041362.50568038597703 ], [ 255890.436747019266477, 7041357.502489795908332 ], [ 255880.430365839391015, 7041357.502489795908332 ], [ 255880.430365839391015, 7041352.499299205839634 ], [ 255870.42398465948645, 7041352.499299205839634 ], [ 255870.42398465948645, 7041347.496108615770936 ], [ 255860.417603479581885, 7041347.496108615770936 ], [ 255860.417603479581885, 7041342.492918025702238 ], [ 255850.411222299706424, 7041342.492918025702238 ], [ 255850.411222299706424, 7041337.48972743563354 ], [ 255835.401650529849576, 7041337.48972743563354 ], [ 255835.401650529849576, 7041332.486536845564842 ], [ 255830.398459939926397, 7041332.486536845564842 ], [ 255830.398459939926397, 7041327.483346256427467 ], [ 255815.388888170069549, 7041327.483346256427467 ], [ 255815.388888170069549, 7041322.480155666358769 ], [ 255805.382506990164984, 7041322.480155666358769 ], [ 255805.382506990164984, 7041317.476965076290071 ], [ 255795.376125810289523, 7041317.476965076290071 ], [ 255795.376125810289523, 7041312.473774486221373 ], [ 255775.363363450509496, 7041312.473774486221373 ], [ 255775.363363450509496, 7041302.467393306083977 ], [ 255770.360172860557213, 7041302.467393306083977 ], [ 255770.360172860557213, 7041292.461012125946581 ], [ 255760.353791680652648, 7041292.461012125946581 ], [ 255760.353791680652648, 7041297.464202716015279 ], [ 255755.350601090700366, 7041297.464202716015279 ], [ 255755.350601090700366, 7041302.467393306083977 ], [ 255750.347410500748083, 7041302.467393306083977 ], [ 255750.347410500748083, 7041307.470583896152675 ], [ 255690.309123421408003, 7041307.470583896152675 ], [ 255690.309123421408003, 7041312.473774486221373 ], [ 255680.302742241503438, 7041312.473774486221373 ], [ 255680.302742241503438, 7041327.483346256427467 ], [ 255670.296361061598873, 7041327.483346256427467 ], [ 255670.296361061598873, 7041332.486536845564842 ], [ 255635.274026931991102, 7041332.486536845564842 ], [ 255635.274026931991102, 7041327.483346256427467 ], [ 255625.267645752086537, 7041327.483346256427467 ], [ 255625.267645752086537, 7041332.486536845564842 ], [ 255620.264455162134254, 7041332.486536845564842 ], [ 255620.264455162134254, 7041337.48972743563354 ], [ 255615.261264572181972, 7041337.48972743563354 ], [ 255615.261264572181972, 7041342.492918025702238 ], [ 255610.258073982258793, 7041342.492918025702238 ], [ 255610.258073982258793, 7041347.496108615770936 ], [ 255605.25488339230651, 7041347.496108615770936 ], [ 255605.25488339230651, 7041352.499299205839634 ], [ 255600.251692802354228, 7041352.499299205839634 ], [ 255600.251692802354228, 7041357.502489795908332 ], [ 255595.248502212401945, 7041357.502489795908332 ], [ 255595.248502212401945, 7041362.50568038597703 ], [ 255590.245311622449663, 7041362.50568038597703 ], [ 255590.245311622449663, 7041367.508870975114405 ], [ 255585.24212103249738, 7041367.508870975114405 ], [ 255585.24212103249738, 7041372.512061565183103 ], [ 255580.238930442574201, 7041372.512061565183103 ], [ 255580.238930442574201, 7041377.515252155251801 ], [ 255575.235739852621919, 7041377.515252155251801 ], [ 255575.235739852621919, 7041382.518442745320499 ], [ 255570.232549262669636, 7041382.518442745320499 ], [ 255570.232549262669636, 7041387.521633335389197 ], [ 255565.229358672717353, 7041387.521633335389197 ], [ 255565.229358672717353, 7041392.524823925457895 ], [ 255550.219786902889609, 7041392.524823925457895 ] ] ] } },
{ "type": "Feature", "properties": { "id": 4, "slope": 1 }, "geometry": { "type": "Polygon", "coordinates": [ [ [ 259247.577632873697439, 7041922.863026459701359 ], [ 259247.577632873697439, 7041917.859835869632661 ], [ 259242.574442283745157, 7041917.859835869632661 ], [ 259242.574442283745157, 7041912.856645279563963 ], [ 259227.564870513917413, 7041912.856645279563963 ], [ 259227.564870513917413, 7041907.853454689495265 ], [ 259222.56167992396513, 7041907.853454689495265 ], [ 259222.56167992396513, 7041902.85026410035789 ], [ 259217.558489334012847, 7041902.85026410035789 ], [ 259217.558489334012847, 7041897.847073510289192 ], [ 259212.555298744089669, 7041897.847073510289192 ], [ 259212.555298744089669, 7041892.843882920220494 ], [ 259207.552108154137386, 7041892.843882920220494 ], [ 259207.552108154137386, 7041882.837501740083098 ], [ 259202.548917564185103, 7041882.837501740083098 ], [ 259202.548917564185103, 7041877.8343111500144 ], [ 259197.545726974232821, 7041877.8343111500144 ], [ 259197.545726974232821, 7041832.805595840327442 ], [ 259192.542536384280538, 7041832.805595840327442 ], [ 259192.542536384280538, 7041822.799214661121368 ], [ 259187.539345794328256, 7041822.799214661121368 ], [ 259187.539345794328256, 7041812.792833480983973 ], [ 259182.536155204405077, 7041812.792833480983973 ], [ 259182.536155204405077, 7041807.789642890915275 ], [ 259177.532964614452794, 7041807.789642890915275 ], [ 259177.532964614452794, 7041797.783261710777879 ], [ 259172.529774024500512, 7041797.783261710777879 ], [ 259172.529774024500512, 7041777.77049935143441 ], [ 259167.526583434548229, 7041777.77049935143441 ], [ 259167.526583434548229, 7041767.764118171297014 ], [ 259157.520202254672768, 7041767.764118171297014 ], [ 259157.520202254672768, 7041762.760927581228316 ], [ 259152.517011664720485, 7041762.760927581228316 ], [ 259152.517011664720485, 7041757.757736991159618 ], [ 259147.513821074768202, 7041757.757736991159618 ], [ 259147.513821074768202, 7041752.75454640109092 ], [ 259142.51063048481592, 7041752.75454640109092 ], [ 259142.51063048481592, 7041747.751355811953545 ], [ 259127.501058714988176, 7041747.751355811953545 ], [ 259127.501058714988176, 7041742.748165221884847 ], [ 259122.497868125035893, 7041742.748165221884847 ], [ 259122.497868125035893, 7041737.744974631816149 ], [ 259117.494677535083611, 7041737.744974631816149 ], [ 259117.494677535083611, 7041732.741784041747451 ], [ 259112.491486945131328, 7041732.741784041747451 ], [ 259112.491486945131328, 7041727.738593451678753 ], [ 259107.488296355179045, 7041727.738593451678753 ], [ 259107.488296355179045, 7041717.732212271541357 ], [ 259102.485105765255867, 7041717.732212271541357 ], [ 259102.485105765255867, 7041712.729021681472659 ], [ 259092.478724585351301, 7041712.729021681472659 ], [ 259092.478724585351301, 7041702.722640502266586 ], [ 259087.475533995399019, 7041702.722640502266586 ], [ 259087.475533995399019, 7041697.719449912197888 ], [ 259077.469152815523557, 7041697.719449912197888 ], [ 259077.469152815523557, 7041672.703496962785721 ], [ 259067.462771635618992, 7041672.703496962785721 ], [ 259067.462771635618992, 7041667.700306372717023 ], [ 259042.446818685886683, 7041667.700306372717023 ], [ 259042.446818685886683, 7041672.703496962785721 ], [ 259032.440437505982118, 7041672.703496962785721 ], [ 259032.440437505982118, 7041677.706687551923096 ], [ 259017.430865736154374, 7041677.706687551923096 ], [ 259017.430865736154374, 7041672.703496962785721 ], [ 259007.424484556249809, 7041672.703496962785721 ], [ 259007.424484556249809, 7041667.700306372717023 ], [ 258997.418103376345243, 7041667.700306372717023 ], [ 258997.418103376345243, 7041672.703496962785721 ], [ 258972.402150426612934, 7041672.703496962785721 ], [ 258972.402150426612934, 7041667.700306372717023 ], [ 258967.398959836689755, 7041667.700306372717023 ], [ 258967.398959836689755, 7041662.697115782648325 ], [ 258962.395769246737473, 7041662.697115782648325 ], [ 258962.395769246737473, 7041657.693925192579627 ], [ 258957.39257865678519, 7041657.693925192579627 ], [ 258957.39257865678519, 7041652.690734602510929 ], [ 258952.389388066832907, 7041652.690734602510929 ], [ 258952.389388066832907, 7041647.687544012442231 ], [ 258947.386197476880625, 7041647.687544012442231 ], [ 258947.386197476880625, 7041642.684353422373533 ], [ 258942.383006886928342, 7041642.684353422373533 ], [ 258942.383006886928342, 7041637.681162832304835 ], [ 258927.373435117100598, 7041637.681162832304835 ], [ 258927.373435117100598, 7041632.67797224316746 ], [ 258917.367053937196033, 7041632.67797224316746 ], [ 258917.367053937196033, 7041627.674781653098762 ], [ 258897.354291577416006, 7041627.674781653098762 ], [ 258897.354291577416006, 7041622.671591063030064 ], [ 258887.347910397511441, 7041622.671591063030064 ], [ 258887.347910397511441, 7041617.668400472961366 ], [ 258882.344719807588262, 7041617.668400472961366 ], [ 258882.344719807588262, 7041612.665209882892668 ], [ 258877.34152921763598, 7041612.665209882892668 ], [ 258877.34152921763598, 7041607.66201929282397 ], [ 258852.325576267903671, 7041607.66201929282397 ], [ 258852.325576267903671, 7041602.658828702755272 ], [ 258797.29047977848677, 7041602.658828702755272 ], [ 258797.29047977848677, 7041597.655638112686574 ], [ 258787.284098598582204, 7041597.655638112686574 ], [ 258787.284098598582204, 7041592.652447523549199 ], [ 258782.280908008629922, 7041592.652447523549199 ], [ 258782.280908008629922, 7041587.649256933480501 ], [ 258772.27452682875446, 7041587.649256933480501 ], [ 258772.27452682875446, 7041582.646066343411803 ], [ 258767.271336238802178, 7041582.646066343411803 ], [ 258767.271336238802178, 7041577.642875753343105 ], [ 258762.268145648849895, 7041577.642875753343105 ], [ 258762.268145648849895, 7041567.636494573205709 ], [ 258757.264955058897613, 7041567.636494573205709 ], [ 258757.264955058897613, 7041562.633303983137012 ], [ 258752.26176446894533, 7041562.633303983137012 ], [ 258752.26176446894533, 7041547.62373221386224 ], [ 258747.258573879022151, 7041547.62373221386224 ], [ 258747.258573879022151, 7041527.610969853587449 ], [ 258742.255383289069869, 7041527.610969853587449 ], [ 258742.255383289069869, 7041517.604588674381375 ], [ 258737.252192699117586, 7041517.604588674381375 ], [ 258737.252192699117586, 7041497.591826314106584 ], [ 258732.249002109165303, 7041497.591826314106584 ], [ 258732.249002109165303, 7041472.575873364694417 ], [ 258737.252192699117586, 7041472.575873364694417 ], [ 258737.252192699117586, 7041462.569492184557021 ], [ 258742.255383289069869, 7041462.569492184557021 ], [ 258742.255383289069869, 7041452.563111004419625 ], [ 258737.252192699117586, 7041452.563111004419625 ], [ 258737.252192699117586, 7041447.559920414350927 ], [ 258722.242620929260738, 7041447.559920414350927 ], [ 258722.242620929260738, 7041452.563111004419625 ], [ 258712.236239749385277, 7041452.563111004419625 ], [ 258712.236239749385277, 7041447.559920414350927 ], [ 258707.233049159432994, 7041447.559920414350927 ], [ 258707.233049159432994, 7041442.556729825213552 ], [ 258702.229858569480712, 7041442.556729825213552 ], [ 258702.229858569480712, 7041437.553539235144854 ], [ 258697.226667979528429, 7041437.553539235144854 ], [ 258697.226667979528429, 7041417.540776874870062 ], [ 258692.22347738960525, 7041417.540776874870062 ], [ 258692.22347738960525, 7041412.537586284801364 ], [ 258682.217096209700685, 7041412.537586284801364 ], [ 258682.217096209700685, 7041407.534395694732666 ], [ 258672.21071502979612, 7041407.534395694732666 ], [ 258672.21071502979612, 7041402.531205105595291 ], [ 258662.204333849920658, 7041402.531205105595291 ], [ 258662.204333849920658, 7041397.528014515526593 ], [ 258647.194762080063811, 7041397.528014515526593 ], [ 258647.194762080063811, 7041402.531205105595291 ], [ 258642.191571490111528, 7041402.531205105595291 ], [ 258642.191571490111528, 7041407.534395694732666 ], [ 258637.188380900188349, 7041407.534395694732666 ], [ 258637.188380900188349, 7041412.537586284801364 ], [ 258632.185190310236067, 7041412.537586284801364 ], [ 258632.185190310236067, 7041417.540776874870062 ], [ 258627.181999720283784, 7041417.540776874870062 ], [ 258627.181999720283784, 7041432.550348645076156 ], [ 258622.178809130331501, 7041432.550348645076156 ], [ 258622.178809130331501, 7041447.559920414350927 ], [ 258617.175618540379219, 7041447.559920414350927 ], [ 258617.175618540379219, 7041457.566301594488323 ], [ 258607.169237360503757, 7041457.566301594488323 ], [ 258607.169237360503757, 7041502.595016904175282 ], [ 258602.166046770551475, 7041502.595016904175282 ], [ 258602.166046770551475, 7041537.617351033724844 ], [ 258597.162856180599192, 7041537.617351033724844 ], [ 258597.162856180599192, 7041547.62373221386224 ], [ 258592.15966559064691, 7041547.62373221386224 ], [ 258592.15966559064691, 7041552.626922803930938 ], [ 258587.156475000694627, 7041552.626922803930938 ], [ 258587.156475000694627, 7041557.630113393999636 ], [ 258577.150093820819166, 7041557.630113393999636 ], [ 258577.150093820819166, 7041562.633303983137012 ], [ 258567.1437126409146, 7041562.633303983137012 ], [ 258567.1437126409146, 7041567.636494573205709 ], [ 258562.140522050962318, 7041567.636494573205709 ], [ 258562.140522050962318, 7041572.639685163274407 ], [ 258537.124569101230009, 7041572.639685163274407 ], [ 258537.124569101230009, 7041577.642875753343105 ], [ 258532.121378511277726, 7041577.642875753343105 ], [ 258532.121378511277726, 7041582.646066343411803 ], [ 258522.114997331402265, 7041582.646066343411803 ], [ 258522.114997331402265, 7041587.649256933480501 ], [ 258512.108616151497699, 7041587.649256933480501 ], [ 258512.108616151497699, 7041592.652447523549199 ], [ 258502.102234971593134, 7041592.652447523549199 ], [ 258502.102234971593134, 7041597.655638112686574 ], [ 258497.099044381669955, 7041597.655638112686574 ], [ 258497.099044381669955, 7041602.658828702755272 ], [ 258492.095853791717673, 7041602.658828702755272 ], [ 258492.095853791717673, 7041607.66201929282397 ], [ 258487.09266320176539, 7041607.66201929282397 ], [ 258487.09266320176539, 7041612.665209882892668 ], [ 258482.089472611813108, 7041612.665209882892668 ], [ 258482.089472611813108, 7041617.668400472961366 ], [ 258472.083091431937646, 7041617.668400472961366 ], [ 258472.083091431937646, 7041622.671591063030064 ], [ 258457.073519662080798, 7041622.671591063030064 ], [ 258457.073519662080798, 7041627.674781653098762 ], [ 258447.067138482176233, 7041627.674781653098762 ], [ 258447.067138482176233, 7041632.67797224316746 ], [ 258437.060757302300772, 7041632.67797224316746 ], [ 258437.060757302300772, 7041637.681162832304835 ], [ 258427.054376122396206, 7041637.681162832304835 ], [ 258427.054376122396206, 7041642.684353422373533 ], [ 258412.044804352568462, 7041642.684353422373533 ], [ 258412.044804352568462, 7041647.687544012442231 ], [ 258407.04161376261618, 7041647.687544012442231 ], [ 258407.04161376261618, 7041652.690734602510929 ], [ 258397.035232582711615, 7041652.690734602510929 ], [ 258397.035232582711615, 7041657.693925192579627 ], [ 258387.028851402836153, 7041657.693925192579627 ], [ 258387.028851402836153, 7041662.697115782648325 ], [ 258382.025660812883871, 7041662.697115782648325 ], [ 258382.025660812883871, 7041667.700306372717023 ], [ 258372.019279632979305, 7041667.700306372717023 ], [ 258372.019279632979305, 7041672.703496962785721 ], [ 258362.012898453103844, 7041672.703496962785721 ], [ 258362.012898453103844, 7041677.706687551923096 ], [ 258347.003326683246996, 7041677.706687551923096 ], [ 258347.003326683246996, 7041682.709878141991794 ], [ 258336.996945503342431, 7041682.709878141991794 ], [ 258336.996945503342431, 7041692.71625932212919 ], [ 258331.993754913419252, 7041692.71625932212919 ], [ 258331.993754913419252, 7041697.719449912197888 ], [ 258326.99056432346697, 7041697.719449912197888 ], [ 258326.99056432346697, 7041702.722640502266586 ], [ 258311.980992553610122, 7041702.722640502266586 ], [ 258311.980992553610122, 7041707.725831092335284 ], [ 258301.97461137373466, 7041707.725831092335284 ], [ 258301.97461137373466, 7041712.729021681472659 ], [ 258296.971420783782378, 7041712.729021681472659 ], [ 258296.971420783782378, 7041717.732212271541357 ], [ 258291.968230193830095, 7041717.732212271541357 ], [ 258291.968230193830095, 7041722.735402861610055 ], [ 258286.965039603877813, 7041722.735402861610055 ], [ 258286.965039603877813, 7041727.738593451678753 ], [ 258266.952277244097786, 7041727.738593451678753 ], [ 258266.952277244097786, 7041732.741784041747451 ], [ 258241.936324294365477, 7041732.741784041747451 ], [ 258241.936324294365477, 7041727.738593451678753 ], [ 258236.933133704413194, 7041727.738593451678753 ], [ 258236.933133704413194, 7041732.741784041747451 ], [ 258201.91079957477632, 7041732.741784041747451 ], [ 258201.91079957477632, 7041737.744974631816149 ], [ 258156.882084265263984, 7041737.744974631816149 ], [ 258156.882084265263984, 7041732.741784041747451 ], [ 258126.862940725579392, 7041732.741784041747451 ], [ 258126.862940725579392, 7041727.738593451678753 ], [ 258111.853368955751648, 7041727.738593451678753 ], [ 258111.853368955751648, 7041722.735402861610055 ], [ 258081.834225416067056, 7041722.735402861610055 ], [ 258081.834225416067056, 7041717.732212271541357 ], [ 258056.818272466334747, 7041717.732212271541357 ], [ 258056.818272466334747, 7041712.729021681472659 ], [ 258006.786366566841025, 7041712.729021681472659 ], [ 258006.786366566841025, 7041717.732212271541357 ], [ 257996.779985386965564, 7041717.732212271541357 ], [ 257996.779985386965564, 7041722.735402861610055 ], [ 257981.770413617108716, 7041722.735402861610055 ], [ 257981.770413617108716, 7041717.732212271541357 ], [ 257966.760841847280972, 7041717.732212271541357 ], [ 257966.760841847280972, 7041712.729021681472659 ], [ 257961.757651257328689, 7041712.729021681472659 ], [ 257961.757651257328689, 7041702.722640502266586 ], [ 257956.754460667376406, 7041702.722640502266586 ], [ 257956.754460667376406, 7041692.71625932212919 ], [ 257951.751270077424124, 7041692.71625932212919 ], [ 257951.751270077424124, 7041677.706687551923096 ], [ 257946.748079487500945, 7041677.706687551923096 ], [ 257946.748079487500945, 7041662.697115782648325 ], [ 257941.744888897548662, 7041662.697115782648325 ], [ 257941.744888897548662, 7041652.690734602510929 ], [ 257936.74169830759638, 7041652.690734602510929 ], [ 257936.74169830759638, 7041657.693925192579627 ], [ 257921.732126537768636, 7041657.693925192579627 ], [ 257921.732126537768636, 7041652.690734602510929 ], [ 257916.728935947816353, 7041652.690734602510929 ], [ 257916.728935947816353, 7041647.687544012442231 ], [ 257911.725745357864071, 7041647.687544012442231 ], [ 257911.725745357864071, 7041642.684353422373533 ], [ 257906.722554767911788, 7041642.684353422373533 ], [ 257906.722554767911788, 7041637.681162832304835 ], [ 257901.719364177959505, 7041637.681162832304835 ], [ 257901.719364177959505, 7041632.67797224316746 ], [ 257896.716173588007223, 7041632.67797224316746 ], [ 257896.716173588007223, 7041627.674781653098762 ], [ 257891.712982998084044, 7041627.674781653098762 ], [ 257891.712982998084044, 7041622.671591063030064 ], [ 257886.709792408131761, 7041622.671591063030064 ], [ 257886.709792408131761, 7041617.668400472961366 ], [ 257881.706601818179479, 7041617.668400472961366 ], [ 257881.706601818179479, 7041612.665209882892668 ], [ 257876.703411228227196, 7041612.665209882892668 ], [ 257876.703411228227196, 7041607.66201929282397 ], [ 257871.700220638274914, 7041607.66201929282397 ], [ 257871.700220638274914, 7041602.658828702755272 ], [ 257866.697030048351735, 7041602.658828702755272 ], [ 257866.697030048351735, 7041597.655638112686574 ], [ 257861.693839458399452, 7041597.655638112686574 ], [ 257861.693839458399452, 7041602.658828702755272 ], [ 257856.69064886844717, 7041602.658828702755272 ], [ 257856.69064886844717, 7041612.665209882892668 ], [ 257851.687458278494887, 7041612.665209882892668 ], [ 257851.687458278494887, 7041617.668400472961366 ], [ 257846.684267688542604, 7041617.668400472961366 ], [ 257846.684267688542604, 7041622.671591063030064 ], [ 257841.681077098590322, 7041622.671591063030064 ], [ 257841.681077098590322, 7041627.674781653098762 ], [ 257836.677886508667143, 7041627.674781653098762 ], [ 257836.677886508667143, 7041632.67797224316746 ], [ 257831.67469591871486, 7041632.67797224316746 ], [ 257831.67469591871486, 7041627.674781653098762 ], [ 257826.671505328762578, 7041627.674781653098762 ], [ 257826.671505328762578, 7041622.671591063030064 ], [ 257821.668314738810295, 7041622.671591063030064 ], [ 257821.668314738810295, 7041617.668400472961366 ], [ 257816.665124148858013, 7041617.668400472961366 ], [ 257816.665124148858013, 7041612.665209882892668 ], [ 257791.649171199125703, 7041612.665209882892668 ], [ 257791.649171199125703, 7041617.668400472961366 ], [ 257781.642790019250242, 7041617.668400472961366 ], [ 257781.642790019250242, 7041607.66201929282397 ], [ 257771.636408839345677, 7041607.66201929282397 ], [ 257771.636408839345677, 7041597.655638112686574 ], [ 257766.633218249393394, 7041597.655638112686574 ], [ 257766.633218249393394, 7041592.652447523549199 ], [ 257761.630027659441112, 7041592.652447523549199 ], [ 257761.630027659441112, 7041587.649256933480501 ], [ 257756.626837069517933, 7041587.649256933480501 ], [ 257756.626837069517933, 7041567.636494573205709 ], [ 257761.630027659441112, 7041567.636494573205709 ], [ 257761.630027659441112, 7041552.626922803930938 ], [ 257756.626837069517933, 7041552.626922803930938 ], [ 257756.626837069517933, 7041547.62373221386224 ], [ 257751.62364647956565, 7041547.62373221386224 ], [ 257751.62364647956565, 7041542.620541623793542 ], [ 257741.617265299661085, 7041542.620541623793542 ], [ 257741.617265299661085, 7041532.614160443656147 ], [ 257736.614074709708802, 7041532.614160443656147 ], [ 257736.614074709708802, 7041527.610969853587449 ], [ 257731.61088411975652, 7041527.610969853587449 ], [ 257731.61088411975652, 7041492.588635724037886 ], [ 257726.607693529833341, 7041492.588635724037886 ], [ 257726.607693529833341, 7041482.58225454390049 ], [ 257716.601312349928776, 7041482.58225454390049 ], [ 257716.601312349928776, 7041477.579063954763114 ], [ 257711.598121759976493, 7041477.579063954763114 ], [ 257711.598121759976493, 7041472.575873364694417 ], [ 257716.601312349928776, 7041472.575873364694417 ], [ 257716.601312349928776, 7041467.572682774625719 ], [ 257721.604502939881058, 7041467.572682774625719 ], [ 257721.604502939881058, 7041462.569492184557021 ], [ 257731.61088411975652, 7041462.569492184557021 ], [ 257731.61088411975652, 7041452.563111004419625 ], [ 257736.614074709708802, 7041452.563111004419625 ], [ 257736.614074709708802, 7041447.559920414350927 ], [ 257741.617265299661085, 7041447.559920414350927 ], [ 257741.617265299661085, 7041437.553539235144854 ], [ 257746.620455889613368, 7041437.553539235144854 ], [ 257746.620455889613368, 7041432.550348645076156 ], [ 257751.62364647956565, 7041432.550348645076156 ], [ 257751.62364647956565, 7041422.54396746493876 ], [ 257756.626837069517933, 7041422.54396746493876 ], [ 257756.626837069517933, 7041417.540776874870062 ], [ 257761.630027659441112, 7041417.540776874870062 ], [ 257761.630027659441112, 7041412.537586284801364 ], [ 257766.633218249393394, 7041412.537586284801364 ], [ 257766.633218249393394, 7041402.531205105595291 ], [ 257771.636408839345677, 7041402.531205105595291 ], [ 257771.636408839345677, 7041397.528014515526593 ], [ 257781.642790019250242, 7041397.528014515526593 ], [ 257781.642790019250242, 7041392.524823925457895 ], [ 257821.668314738810295, 7041392.524823925457895 ], [ 257821.668314738810295, 7041387.521633335389197 ], [ 257816.665124148858013, 7041387.521633335389197 ], [ 257816.665124148858013, 7041382.518442745320499 ], [ 257811.661933558934834, 7041382.518442745320499 ], [ 257811.661933558934834, 7041377.515252155251801 ], [ 257816.665124148858013, 7041377.515252155251801 ], [ 257816.665124148858013, 7041362.50568038597703 ], [ 257821.668314738810295, 7041362.50568038597703 ], [ 257821.668314738810295, 7041352.499299205839634 ], [ 257826.671505328762578, 7041352.499299205839634 ], [ 257826.671505328762578, 7041332.486536845564842 ], [ 257821.668314738810295, 7041332.486536845564842 ], [ 257821.668314738810295, 7041322.480155666358769 ], [ 257816.665124148858013, 7041322.480155666358769 ], [ 257816.665124148858013, 7041312.473774486221373 ], [ 257806.658742968982551, 7041312.473774486221373 ], [ 257806.658742968982551, 7041302.467393306083977 ], [ 257801.655552379030269, 7041302.467393306083977 ], [ 257801.655552379030269, 7041297.464202716015279 ], [ 257806.658742968982551, 7041297.464202716015279 ], [ 257806.658742968982551, 7041292.461012125946581 ], [ 257811.661933558934834, 7041292.461012125946581 ], [ 257811.661933558934834, 7041287.457821536809206 ], [ 257821.668314738810295, 7041287.457821536809206 ], [ 257821.668314738810295, 7041282.454630946740508 ], [ 257826.671505328762578, 7041282.454630946740508 ], [ 257826.671505328762578, 7041272.448249766603112 ], [ 257821.668314738810295, 7041272.448249766603112 ], [ 257821.668314738810295, 7041257.438677996397018 ], [ 257816.665124148858013, 7041257.438677996397018 ], [ 257816.665124148858013, 7041247.432296817190945 ], [ 257811.661933558934834, 7041247.432296817190945 ], [ 257811.661933558934834, 7041242.429106227122247 ], [ 257806.658742968982551, 7041242.429106227122247 ], [ 257806.658742968982551, 7041237.425915637053549 ], [ 257811.661933558934834, 7041237.425915637053549 ], [ 257811.661933558934834, 7041212.409962687641382 ], [ 257821.668314738810295, 7041212.409962687641382 ], [ 257821.668314738810295, 7041207.406772097572684 ], [ 257826.671505328762578, 7041207.406772097572684 ], [ 257826.671505328762578, 7041182.390819147229195 ], [ 257821.668314738810295, 7041182.390819147229195 ], [ 257821.668314738810295, 7041167.381247377954423 ], [ 257816.665124148858013, 7041167.381247377954423 ], [ 257816.665124148858013, 7041157.374866197817028 ], [ 257811.661933558934834, 7041157.374866197817028 ], [ 257811.661933558934834, 7041142.365294427610934 ], [ 257806.658742968982551, 7041142.365294427610934 ], [ 257806.658742968982551, 7041132.35891324840486 ], [ 257801.655552379030269, 7041132.35891324840486 ], [ 257801.655552379030269, 7041127.355722658336163 ], [ 257796.652361789077986, 7041127.355722658336163 ], [ 257796.652361789077986, 7041117.349341478198767 ], [ 257766.633218249393394, 7041117.349341478198767 ], [ 257766.633218249393394, 7041082.327007348649204 ], [ 257756.626837069517933, 7041082.327007348649204 ], [ 257756.626837069517933, 7041077.323816758580506 ], [ 257741.617265299661085, 7041077.323816758580506 ], [ 257741.617265299661085, 7041082.327007348649204 ], [ 257731.61088411975652, 7041082.327007348649204 ], [ 257731.61088411975652, 7041062.314244988374412 ], [ 257726.607693529833341, 7041062.314244988374412 ], [ 257726.607693529833341, 7041052.307863809168339 ], [ 257721.604502939881058, 7041052.307863809168339 ], [ 257721.604502939881058, 7041047.304673219099641 ], [ 257716.601312349928776, 7041047.304673219099641 ], [ 257716.601312349928776, 7041042.301482629030943 ], [ 257711.598121759976493, 7041042.301482629030943 ], [ 257711.598121759976493, 7041037.298292038962245 ], [ 257706.594931170024211, 7041037.298292038962245 ], [ 257706.594931170024211, 7041032.295101448893547 ], [ 257701.591740580101032, 7041032.295101448893547 ], [ 257701.591740580101032, 7041022.288720269687474 ], [ 257691.585359400196467, 7041022.288720269687474 ], [ 257691.585359400196467, 7041017.285529679618776 ], [ 257686.582168810244184, 7041017.285529679618776 ], [ 257686.582168810244184, 7041012.282339089550078 ], [ 257681.578978220291901, 7041012.282339089550078 ], [ 257681.578978220291901, 7041007.27914849948138 ], [ 257666.569406450464157, 7041007.27914849948138 ], [ 257666.569406450464157, 7040987.266386139206588 ], [ 257661.566215860511875, 7040987.266386139206588 ], [ 257661.566215860511875, 7040977.260004960000515 ], [ 257656.563025270559592, 7040977.260004960000515 ], [ 257656.563025270559592, 7040972.256814369931817 ], [ 257641.553453500731848, 7040972.256814369931817 ], [ 257641.553453500731848, 7040977.260004960000515 ], [ 257636.550262910779566, 7040977.260004960000515 ], [ 257636.550262910779566, 7040972.256814369931817 ], [ 257631.547072320827283, 7040972.256814369931817 ], [ 257631.547072320827283, 7040967.253623779863119 ], [ 257626.543881730875, 7040967.253623779863119 ], [ 257626.543881730875, 7040957.247242599725723 ], [ 257616.537500550999539, 7040957.247242599725723 ], [ 257616.537500550999539, 7040952.244052009657025 ], [ 257606.531119371094974, 7040952.244052009657025 ], [ 257606.531119371094974, 7040957.247242599725723 ], [ 257596.524738191190409, 7040957.247242599725723 ], [ 257596.524738191190409, 7040967.253623779863119 ], [ 257591.52154760126723, 7040967.253623779863119 ], [ 257591.52154760126723, 7040972.256814369931817 ], [ 257586.518357011314947, 7040972.256814369931817 ], [ 257586.518357011314947, 7040977.260004960000515 ], [ 257581.515166421362665, 7040977.260004960000515 ], [ 257581.515166421362665, 7040982.263195550069213 ], [ 257576.511975831410382, 7040982.263195550069213 ], [ 257576.511975831410382, 7040987.266386139206588 ], [ 257566.505594651505817, 7040987.266386139206588 ], [ 257566.505594651505817, 7040997.272767319343984 ], [ 257551.496022881678073, 7040997.272767319343984 ], [ 257551.496022881678073, 7040992.269576729275286 ], [ 257541.489641701773508, 7040992.269576729275286 ], [ 257541.489641701773508, 7040987.266386139206588 ], [ 257536.486451111850329, 7040987.266386139206588 ], [ 257536.486451111850329, 7040972.256814369931817 ], [ 257531.483260521898046, 7040972.256814369931817 ], [ 257531.483260521898046, 7040942.237670830450952 ], [ 257526.480069931945764, 7040942.237670830450952 ], [ 257526.480069931945764, 7040912.218527290038764 ], [ 257531.483260521898046, 7040912.218527290038764 ], [ 257531.483260521898046, 7040892.205764930695295 ], [ 257536.486451111850329, 7040892.205764930695295 ], [ 257536.486451111850329, 7040852.180240211077034 ], [ 257541.489641701773508, 7040852.180240211077034 ], [ 257541.489641701773508, 7040802.148334311321378 ], [ 257536.486451111850329, 7040802.148334311321378 ], [ 257536.486451111850329, 7040782.135571951977909 ], [ 257531.483260521898046, 7040782.135571951977909 ], [ 257531.483260521898046, 7040777.132381361909211 ], [ 257536.486451111850329, 7040777.132381361909211 ], [ 257536.486451111850329, 7040757.119619001634419 ], [ 257531.483260521898046, 7040757.119619001634419 ], [ 257531.483260521898046, 7040752.116428412497044 ], [ 257526.480069931945764, 7040752.116428412497044 ], [ 257526.480069931945764, 7040747.113237822428346 ], [ 257521.476879341993481, 7040747.113237822428346 ], [ 257521.476879341993481, 7040722.097284872084856 ], [ 257516.473688752041198, 7040722.097284872084856 ], [ 257516.473688752041198, 7040717.094094282016158 ], [ 257496.460926392261172, 7040717.094094282016158 ], [ 257496.460926392261172, 7040712.090903692878783 ], [ 257491.457735802308889, 7040712.090903692878783 ], [ 257491.457735802308889, 7040702.084522512741387 ], [ 257486.454545212356606, 7040702.084522512741387 ], [ 257486.454545212356606, 7040692.078141332603991 ], [ 257481.451354622433428, 7040692.078141332603991 ], [ 257481.451354622433428, 7040687.074950742535293 ], [ 257471.444973442528863, 7040687.074950742535293 ], [ 257471.444973442528863, 7040682.071760152466595 ], [ 257456.435401672672015, 7040682.071760152466595 ], [ 257456.435401672672015, 7040677.06856956332922 ], [ 257446.429020492796553, 7040677.06856956332922 ], [ 257446.429020492796553, 7040682.071760152466595 ], [ 257441.425829902844271, 7040682.071760152466595 ], [ 257441.425829902844271, 7040687.074950742535293 ], [ 257431.419448722939705, 7040687.074950742535293 ], [ 257431.419448722939705, 7040697.081331922672689 ], [ 257426.416258133016527, 7040697.081331922672689 ], [ 257426.416258133016527, 7040702.084522512741387 ], [ 257401.400305183255114, 7040702.084522512741387 ], [ 257401.400305183255114, 7040692.078141332603991 ], [ 257396.397114593331935, 7040692.078141332603991 ], [ 257396.397114593331935, 7040682.071760152466595 ], [ 257391.393924003379652, 7040682.071760152466595 ], [ 257391.393924003379652, 7040672.065378973260522 ], [ 257386.39073341342737, 7040672.065378973260522 ], [ 257386.39073341342737, 7040667.062188383191824 ], [ 257381.387542823475087, 7040667.062188383191824 ], [ 257381.387542823475087, 7040662.058997793123126 ], [ 257371.381161643599626, 7040662.058997793123126 ], [ 257371.381161643599626, 7040657.055807203054428 ], [ 257366.377971053647343, 7040657.055807203054428 ], [ 257366.377971053647343, 7040652.05261661298573 ], [ 257351.368399283790495, 7040652.05261661298573 ], [ 257351.368399283790495, 7040657.055807203054428 ], [ 257336.358827513962751, 7040657.055807203054428 ], [ 257336.358827513962751, 7040652.05261661298573 ], [ 257331.355636924010469, 7040652.05261661298573 ], [ 257331.355636924010469, 7040642.046235432848334 ], [ 257326.352446334058186, 7040642.046235432848334 ], [ 257326.352446334058186, 7040632.039854253642261 ], [ 257321.349255744105903, 7040632.039854253642261 ], [ 257321.349255744105903, 7040622.033473073504865 ], [ 257316.346065154182725, 7040622.033473073504865 ], [ 257316.346065154182725, 7040612.027091893367469 ], [ 257311.342874564230442, 7040612.027091893367469 ], [ 257311.342874564230442, 7040582.007948353886604 ], [ 257316.346065154182725, 7040582.007948353886604 ], [ 257316.346065154182725, 7040577.004757763817906 ], [ 257321.349255744105903, 7040577.004757763817906 ], [ 257321.349255744105903, 7040572.001567173749208 ], [ 257326.352446334058186, 7040572.001567173749208 ], [ 257326.352446334058186, 7040546.985614224337041 ], [ 257331.355636924010469, 7040546.985614224337041 ], [ 257331.355636924010469, 7040536.979233044199646 ], [ 257336.358827513962751, 7040536.979233044199646 ], [ 257336.358827513962751, 7040531.976042454130948 ], [ 257341.362018103915034, 7040531.976042454130948 ], [ 257341.362018103915034, 7040521.969661274924874 ], [ 257346.365208693838213, 7040521.969661274924874 ], [ 257346.365208693838213, 7040506.960089504718781 ], [ 257351.368399283790495, 7040506.960089504718781 ], [ 257351.368399283790495, 7040496.953708324581385 ], [ 257356.371589873742778, 7040496.953708324581385 ], [ 257356.371589873742778, 7040491.950517734512687 ], [ 257361.37478046369506, 7040491.950517734512687 ], [ 257361.37478046369506, 7040496.953708324581385 ], [ 257366.377971053647343, 7040496.953708324581385 ], [ 257366.377971053647343, 7040491.950517734512687 ], [ 257376.384352233522804, 7040491.950517734512687 ], [ 257376.384352233522804, 7040471.937755375169218 ], [ 257386.39073341342737, 7040471.937755375169218 ], [ 257386.39073341342737, 7040466.93456478510052 ], [ 257396.397114593331935, 7040466.93456478510052 ], [ 257396.397114593331935, 7040461.931374195031822 ], [ 257406.403495773207396, 7040461.931374195031822 ], [ 257406.403495773207396, 7040456.928183604963124 ], [ 257411.406686363159679, 7040456.928183604963124 ], [ 257411.406686363159679, 7040451.924993014894426 ], [ 257416.409876953111961, 7040451.924993014894426 ], [ 257416.409876953111961, 7040446.921802425757051 ], [ 257426.416258133016527, 7040446.921802425757051 ], [ 257426.416258133016527, 7040441.918611835688353 ], [ 257436.422639312891988, 7040441.918611835688353 ], [ 257436.422639312891988, 7040436.915421245619655 ], [ 257446.429020492796553, 7040436.915421245619655 ], [ 257446.429020492796553, 7040431.912230655550957 ], [ 257451.432211082748836, 7040431.912230655550957 ], [ 257451.432211082748836, 7040426.909040065482259 ], [ 257461.438592262624297, 7040426.909040065482259 ], [ 257461.438592262624297, 7040421.905849475413561 ], [ 257476.448164032481145, 7040421.905849475413561 ], [ 257476.448164032481145, 7040416.902658885344863 ], [ 257491.457735802308889, 7040416.902658885344863 ], [ 257491.457735802308889, 7040411.899468295276165 ], [ 257526.480069931945764, 7040411.899468295276165 ], [ 257526.480069931945764, 7040406.89627770613879 ], [ 257531.483260521898046, 7040406.89627770613879 ], [ 257531.483260521898046, 7040396.889896526001394 ], [ 257536.486451111850329, 7040396.889896526001394 ], [ 257536.486451111850329, 7040391.886705935932696 ], [ 257541.489641701773508, 7040391.886705935932696 ], [ 257541.489641701773508, 7040386.883515345863998 ], [ 257536.486451111850329, 7040386.883515345863998 ], [ 257536.486451111850329, 7040366.870752986520529 ], [ 257541.489641701773508, 7040366.870752986520529 ], [ 257541.489641701773508, 7040361.867562396451831 ], [ 257546.49283229172579, 7040361.867562396451831 ], [ 257546.49283229172579, 7040351.861181216314435 ], [ 257551.496022881678073, 7040351.861181216314435 ], [ 257551.496022881678073, 7040346.857990626245737 ], [ 257546.49283229172579, 7040346.857990626245737 ], [ 257546.49283229172579, 7040341.854800036177039 ], [ 257541.489641701773508, 7040341.854800036177039 ], [ 257541.489641701773508, 7040336.851609446108341 ], [ 257536.486451111850329, 7040336.851609446108341 ], [ 257536.486451111850329, 7040326.845228266902268 ], [ 257531.483260521898046, 7040326.845228266902268 ], [ 257531.483260521898046, 7040316.838847086764872 ], [ 257536.486451111850329, 7040316.838847086764872 ], [ 257536.486451111850329, 7040306.832465906627476 ], [ 257541.489641701773508, 7040306.832465906627476 ], [ 257541.489641701773508, 7040301.829275316558778 ], [ 257546.49283229172579, 7040301.829275316558778 ], [ 257546.49283229172579, 7040296.82608472649008 ], [ 257551.496022881678073, 7040296.82608472649008 ], [ 257551.496022881678073, 7040286.819703547284007 ], [ 257556.499213471630355, 7040286.819703547284007 ], [ 257556.499213471630355, 7040281.816512957215309 ], [ 257571.508785241458099, 7040281.816512957215309 ], [ 257571.508785241458099, 7040276.813322367146611 ], [ 257576.511975831410382, 7040276.813322367146611 ], [ 257576.511975831410382, 7040266.806941187009215 ], [ 257596.524738191190409, 7040266.806941187009215 ], [ 257596.524738191190409, 7040271.810131777077913 ], [ 257611.534309961047256, 7040271.810131777077913 ], [ 257611.534309961047256, 7040276.813322367146611 ], [ 257621.540691140922718, 7040276.813322367146611 ], [ 257621.540691140922718, 7040281.816512957215309 ], [ 257631.547072320827283, 7040281.816512957215309 ], [ 257631.547072320827283, 7040286.819703547284007 ], [ 257641.553453500731848, 7040286.819703547284007 ], [ 257641.553453500731848, 7040291.822894137352705 ], [ 257666.569406450464157, 7040291.822894137352705 ], [ 257666.569406450464157, 7040286.819703547284007 ], [ 257671.57259704041644, 7040286.819703547284007 ], [ 257671.57259704041644, 7040291.822894137352705 ], [ 257681.578978220291901, 7040291.822894137352705 ], [ 257681.578978220291901, 7040301.829275316558778 ], [ 257671.57259704041644, 7040301.829275316558778 ], [ 257671.57259704041644, 7040306.832465906627476 ], [ 257656.563025270559592, 7040306.832465906627476 ], [ 257656.563025270559592, 7040311.835656496696174 ], [ 257646.556644090684131, 7040311.835656496696174 ], [ 257646.556644090684131, 7040316.838847086764872 ], [ 257641.553453500731848, 7040316.838847086764872 ], [ 257641.553453500731848, 7040321.84203767683357 ], [ 257636.550262910779566, 7040321.84203767683357 ], [ 257636.550262910779566, 7040326.845228266902268 ], [ 257631.547072320827283, 7040326.845228266902268 ], [ 257631.547072320827283, 7040346.857990626245737 ], [ 257636.550262910779566, 7040346.857990626245737 ], [ 257636.550262910779566, 7040361.867562396451831 ], [ 257641.553453500731848, 7040361.867562396451831 ], [ 257641.553453500731848, 7040366.870752986520529 ], [ 257646.556644090684131, 7040366.870752986520529 ], [ 257646.556644090684131, 7040381.8803247557953 ], [ 257651.55983468060731, 7040381.8803247557953 ], [ 257651.55983468060731, 7040406.89627770613879 ], [ 257646.556644090684131, 7040406.89627770613879 ], [ 257646.556644090684131, 7040411.899468295276165 ], [ 257641.553453500731848, 7040411.899468295276165 ], [ 257641.553453500731848, 7040421.905849475413561 ], [ 257646.556644090684131, 7040421.905849475413561 ], [ 257646.556644090684131, 7040426.909040065482259 ], [ 257651.55983468060731, 7040426.909040065482259 ], [ 257651.55983468060731, 7040431.912230655550957 ], [ 257656.563025270559592, 7040431.912230655550957 ], [ 257656.563025270559592, 7040436.915421245619655 ], [ 257661.566215860511875, 7040436.915421245619655 ], [ 257661.566215860511875, 7040441.918611835688353 ], [ 257671.57259704041644, 7040441.918611835688353 ], [ 257671.57259704041644, 7040446.921802425757051 ], [ 257686.582168810244184, 7040446.921802425757051 ], [ 257686.582168810244184, 7040451.924993014894426 ], [ 257701.591740580101032, 7040451.924993014894426 ], [ 257701.591740580101032, 7040456.928183604963124 ], [ 257716.601312349928776, 7040456.928183604963124 ], [ 257716.601312349928776, 7040461.931374195031822 ], [ 257726.607693529833341, 7040461.931374195031822 ], [ 257726.607693529833341, 7040466.93456478510052 ], [ 257736.614074709708802, 7040466.93456478510052 ], [ 257736.614074709708802, 7040471.937755375169218 ], [ 257746.620455889613368, 7040471.937755375169218 ], [ 257746.620455889613368, 7040476.940945965237916 ], [ 257751.62364647956565, 7040476.940945965237916 ], [ 257751.62364647956565, 7040501.956898914650083 ], [ 257756.626837069517933, 7040501.956898914650083 ], [ 257756.626837069517933, 7040541.982423634268343 ], [ 257751.62364647956565, 7040541.982423634268343 ], [ 257751.62364647956565, 7040551.988804814405739 ], [ 257746.620455889613368, 7040551.988804814405739 ], [ 257746.620455889613368, 7040561.995185994543135 ], [ 257741.617265299661085, 7040561.995185994543135 ], [ 257741.617265299661085, 7040572.001567173749208 ], [ 257736.614074709708802, 7040572.001567173749208 ], [ 257736.614074709708802, 7040577.004757763817906 ], [ 257731.61088411975652, 7040577.004757763817906 ], [ 257731.61088411975652, 7040587.011138943955302 ], [ 257721.604502939881058, 7040587.011138943955302 ], [ 257721.604502939881058, 7040592.014329534024 ], [ 257716.601312349928776, 7040592.014329534024 ], [ 257716.601312349928776, 7040597.017520124092698 ], [ 257711.598121759976493, 7040597.017520124092698 ], [ 257711.598121759976493, 7040602.020710713230073 ], [ 257706.594931170024211, 7040602.020710713230073 ], [ 257706.594931170024211, 7040607.023901303298771 ], [ 257701.591740580101032, 7040607.023901303298771 ], [ 257701.591740580101032, 7040622.033473073504865 ], [ 257696.588549990148749, 7040622.033473073504865 ], [ 257696.588549990148749, 7040632.039854253642261 ], [ 257691.585359400196467, 7040632.039854253642261 ], [ 257691.585359400196467, 7040637.043044843710959 ], [ 257686.582168810244184, 7040637.043044843710959 ], [ 257686.582168810244184, 7040642.046235432848334 ], [ 257691.585359400196467, 7040642.046235432848334 ], [ 257691.585359400196467, 7040647.049426022917032 ], [ 257716.601312349928776, 7040647.049426022917032 ], [ 257716.601312349928776, 7040652.05261661298573 ], [ 257726.607693529833341, 7040652.05261661298573 ], [ 257726.607693529833341, 7040657.055807203054428 ], [ 257731.61088411975652, 7040657.055807203054428 ], [ 257731.61088411975652, 7040662.058997793123126 ], [ 257751.62364647956565, 7040662.058997793123126 ], [ 257751.62364647956565, 7040657.055807203054428 ], [ 257771.636408839345677, 7040657.055807203054428 ], [ 257771.636408839345677, 7040662.058997793123126 ], [ 257781.642790019250242, 7040662.058997793123126 ], [ 257781.642790019250242, 7040657.055807203054428 ], [ 257791.649171199125703, 7040657.055807203054428 ], [ 257791.649171199125703, 7040652.05261661298573 ], [ 257861.693839458399452, 7040652.05261661298573 ], [ 257861.693839458399452, 7040667.062188383191824 ], [ 257866.697030048351735, 7040667.062188383191824 ], [ 257866.697030048351735, 7040677.06856956332922 ], [ 257871.700220638274914, 7040677.06856956332922 ], [ 257871.700220638274914, 7040682.071760152466595 ], [ 257881.706601818179479, 7040682.071760152466595 ], [ 257881.706601818179479, 7040687.074950742535293 ], [ 257891.712982998084044, 7040687.074950742535293 ], [ 257891.712982998084044, 7040692.078141332603991 ], [ 257896.716173588007223, 7040692.078141332603991 ], [ 257896.716173588007223, 7040697.081331922672689 ], [ 257901.719364177959505, 7040697.081331922672689 ], [ 257901.719364177959505, 7040702.084522512741387 ], [ 257906.722554767911788, 7040702.084522512741387 ], [ 257906.722554767911788, 7040707.087713102810085 ], [ 257911.725745357864071, 7040707.087713102810085 ], [ 257911.725745357864071, 7040712.090903692878783 ], [ 257921.732126537768636, 7040712.090903692878783 ], [ 257921.732126537768636, 7040717.094094282016158 ], [ 257926.735317127691815, 7040717.094094282016158 ], [ 257926.735317127691815, 7040727.100475462153554 ], [ 257936.74169830759638, 7040727.100475462153554 ], [ 257936.74169830759638, 7040732.103666052222252 ], [ 257941.744888897548662, 7040732.103666052222252 ], [ 257941.744888897548662, 7040737.10685664229095 ], [ 257946.748079487500945, 7040737.10685664229095 ], [ 257946.748079487500945, 7040742.110047232359648 ], [ 257951.751270077424124, 7040742.110047232359648 ], [ 257951.751270077424124, 7040752.116428412497044 ], [ 257956.754460667376406, 7040752.116428412497044 ], [ 257956.754460667376406, 7040757.119619001634419 ], [ 257961.757651257328689, 7040757.119619001634419 ], [ 257961.757651257328689, 7040762.122809591703117 ], [ 257971.764032437233254, 7040762.122809591703117 ], [ 257971.764032437233254, 7040767.126000181771815 ], [ 257976.767223027185537, 7040767.126000181771815 ], [ 257976.767223027185537, 7040772.129190771840513 ], [ 257981.770413617108716, 7040772.129190771840513 ], [ 257981.770413617108716, 7040787.138762542046607 ], [ 257976.767223027185537, 7040787.138762542046607 ], [ 257976.767223027185537, 7040802.148334311321378 ], [ 257951.751270077424124, 7040802.148334311321378 ], [ 257951.751270077424124, 7040807.151524901390076 ], [ 257946.748079487500945, 7040807.151524901390076 ], [ 257946.748079487500945, 7040817.157906081527472 ], [ 257941.744888897548662, 7040817.157906081527472 ], [ 257941.744888897548662, 7040827.164287261664867 ], [ 257936.74169830759638, 7040827.164287261664867 ], [ 257936.74169830759638, 7040837.170668440870941 ], [ 257931.738507717644097, 7040837.170668440870941 ], [ 257931.738507717644097, 7040842.173859030939639 ], [ 257916.728935947816353, 7040842.173859030939639 ], [ 257916.728935947816353, 7040847.177049621008337 ], [ 257906.722554767911788, 7040847.177049621008337 ], [ 257906.722554767911788, 7040852.180240211077034 ], [ 257901.719364177959505, 7040852.180240211077034 ], [ 257901.719364177959505, 7040882.199383750557899 ], [ 257906.722554767911788, 7040882.199383750557899 ], [ 257906.722554767911788, 7040892.205764930695295 ], [ 257911.725745357864071, 7040892.205764930695295 ], [ 257911.725745357864071, 7040902.212146110832691 ], [ 257916.728935947816353, 7040902.212146110832691 ], [ 257916.728935947816353, 7040907.215336700901389 ], [ 257921.732126537768636, 7040907.215336700901389 ], [ 257921.732126537768636, 7040912.218527290038764 ], [ 257926.735317127691815, 7040912.218527290038764 ], [ 257926.735317127691815, 7040917.221717880107462 ], [ 257931.738507717644097, 7040917.221717880107462 ], [ 257931.738507717644097, 7040922.22490847017616 ], [ 257936.74169830759638, 7040922.22490847017616 ], [ 257936.74169830759638, 7040927.228099060244858 ], [ 257941.744888897548662, 7040927.228099060244858 ], [ 257941.744888897548662, 7040932.231289650313556 ], [ 257946.748079487500945, 7040932.231289650313556 ], [ 257946.748079487500945, 7040937.234480240382254 ], [ 257951.751270077424124, 7040937.234480240382254 ], [ 257951.751270077424124, 7040942.237670830450952 ], [ 257956.754460667376406, 7040942.237670830450952 ], [ 257956.754460667376406, 7040947.240861419588327 ], [ 257961.757651257328689, 7040947.240861419588327 ], [ 257961.757651257328689, 7040952.244052009657025 ], [ 257966.760841847280972, 7040952.244052009657025 ], [ 257966.760841847280972, 7040957.247242599725723 ], [ 257971.764032437233254, 7040957.247242599725723 ], [ 257971.764032437233254, 7040972.256814369931817 ], [ 257976.767223027185537, 7040972.256814369931817 ], [ 257976.767223027185537, 7040997.272767319343984 ], [ 257981.770413617108716, 7040997.272767319343984 ], [ 257981.770413617108716, 7041007.27914849948138 ], [ 257986.773604207060998, 7041007.27914849948138 ], [ 257986.773604207060998, 7041017.285529679618776 ], [ 257991.776794797013281, 7041017.285529679618776 ], [ 257991.776794797013281, 7041022.288720269687474 ], [ 257996.779985386965564, 7041022.288720269687474 ], [ 257996.779985386965564, 7041027.291910858824849 ], [ 258001.783175976917846, 7041027.291910858824849 ], [ 258001.783175976917846, 7041032.295101448893547 ], [ 258006.786366566841025, 7041032.295101448893547 ], [ 258006.786366566841025, 7041037.298292038962245 ], [ 258011.789557156793308, 7041037.298292038962245 ], [ 258011.789557156793308, 7041097.336579118855298 ], [ 258006.786366566841025, 7041097.336579118855298 ], [ 258006.786366566841025, 7041102.339769707992673 ], [ 258001.783175976917846, 7041102.339769707992673 ], [ 258001.783175976917846, 7041107.342960298061371 ], [ 257996.779985386965564, 7041107.342960298061371 ], [ 257996.779985386965564, 7041112.346150888130069 ], [ 257986.773604207060998, 7041112.346150888130069 ], [ 257986.773604207060998, 7041117.349341478198767 ], [ 257966.760841847280972, 7041117.349341478198767 ], [ 257966.760841847280972, 7041112.346150888130069 ], [ 257956.754460667376406, 7041112.346150888130069 ], [ 257956.754460667376406, 7041107.342960298061371 ], [ 257946.748079487500945, 7041107.342960298061371 ], [ 257946.748079487500945, 7041102.339769707992673 ], [ 257941.744888897548662, 7041102.339769707992673 ], [ 257941.744888897548662, 7041097.336579118855298 ], [ 257931.738507717644097, 7041097.336579118855298 ], [ 257931.738507717644097, 7041092.3333885287866 ], [ 257926.735317127691815, 7041092.3333885287866 ], [ 257926.735317127691815, 7041087.330197938717902 ], [ 257901.719364177959505, 7041087.330197938717902 ], [ 257901.719364177959505, 7041092.3333885287866 ], [ 257896.716173588007223, 7041092.3333885287866 ], [ 257896.716173588007223, 7041097.336579118855298 ], [ 257881.706601818179479, 7041097.336579118855298 ], [ 257881.706601818179479, 7041102.339769707992673 ], [ 257871.700220638274914, 7041102.339769707992673 ], [ 257871.700220638274914, 7041117.349341478198767 ], [ 257876.703411228227196, 7041117.349341478198767 ], [ 257876.703411228227196, 7041127.355722658336163 ], [ 257886.709792408131761, 7041127.355722658336163 ], [ 257886.709792408131761, 7041132.35891324840486 ], [ 257891.712982998084044, 7041132.35891324840486 ], [ 257891.712982998084044, 7041172.384437968023121 ], [ 257896.716173588007223, 7041172.384437968023121 ], [ 257896.716173588007223, 7041197.400390917435288 ], [ 257901.719364177959505, 7041197.400390917435288 ], [ 257901.719364177959505, 7041207.406772097572684 ], [ 257911.725745357864071, 7041207.406772097572684 ], [ 257911.725745357864071, 7041212.409962687641382 ], [ 257926.735317127691815, 7041212.409962687641382 ], [ 257926.735317127691815, 7041217.413153276778758 ], [ 257921.732126537768636, 7041217.413153276778758 ], [ 257921.732126537768636, 7041227.419534456916153 ], [ 257926.735317127691815, 7041227.419534456916153 ], [ 257926.735317127691815, 7041232.422725046984851 ], [ 257931.738507717644097, 7041232.422725046984851 ], [ 257931.738507717644097, 7041242.429106227122247 ], [ 257926.735317127691815, 7041242.429106227122247 ], [ 257926.735317127691815, 7041247.432296817190945 ], [ 257931.738507717644097, 7041247.432296817190945 ], [ 257931.738507717644097, 7041262.441868586465716 ], [ 257936.74169830759638, 7041262.441868586465716 ], [ 257936.74169830759638, 7041272.448249766603112 ], [ 257946.748079487500945, 7041272.448249766603112 ], [ 257946.748079487500945, 7041277.45144035667181 ], [ 257961.757651257328689, 7041277.45144035667181 ], [ 257961.757651257328689, 7041302.467393306083977 ], [ 257956.754460667376406, 7041302.467393306083977 ], [ 257956.754460667376406, 7041362.50568038597703 ], [ 257961.757651257328689, 7041362.50568038597703 ], [ 257961.757651257328689, 7041387.521633335389197 ], [ 257966.760841847280972, 7041387.521633335389197 ], [ 257966.760841847280972, 7041392.524823925457895 ], [ 257971.764032437233254, 7041392.524823925457895 ], [ 257971.764032437233254, 7041402.531205105595291 ], [ 257976.767223027185537, 7041402.531205105595291 ], [ 257976.767223027185537, 7041412.537586284801364 ], [ 257971.764032437233254, 7041412.537586284801364 ], [ 257971.764032437233254, 7041422.54396746493876 ], [ 257966.760841847280972, 7041422.54396746493876 ], [ 257966.760841847280972, 7041432.550348645076156 ], [ 257961.757651257328689, 7041432.550348645076156 ], [ 257961.757651257328689, 7041437.553539235144854 ], [ 257956.754460667376406, 7041437.553539235144854 ], [ 257956.754460667376406, 7041467.572682774625719 ], [ 257961.757651257328689, 7041467.572682774625719 ], [ 257961.757651257328689, 7041482.58225454390049 ], [ 257956.754460667376406, 7041482.58225454390049 ], [ 257956.754460667376406, 7041487.585445133969188 ], [ 257946.748079487500945, 7041487.585445133969188 ], [ 257946.748079487500945, 7041492.588635724037886 ], [ 257951.751270077424124, 7041492.588635724037886 ], [ 257951.751270077424124, 7041497.591826314106584 ], [ 257956.754460667376406, 7041497.591826314106584 ], [ 257956.754460667376406, 7041502.595016904175282 ], [ 257961.757651257328689, 7041502.595016904175282 ], [ 257961.757651257328689, 7041507.598207494243979 ], [ 257966.760841847280972, 7041507.598207494243979 ], [ 257966.760841847280972, 7041512.601398084312677 ], [ 257971.764032437233254, 7041512.601398084312677 ], [ 257971.764032437233254, 7041517.604588674381375 ], [ 257976.767223027185537, 7041517.604588674381375 ], [ 257976.767223027185537, 7041522.607779263518751 ], [ 257981.770413617108716, 7041522.607779263518751 ], [ 257981.770413617108716, 7041527.610969853587449 ], [ 257986.773604207060998, 7041527.610969853587449 ], [ 257986.773604207060998, 7041522.607779263518751 ], [ 258006.786366566841025, 7041522.607779263518751 ], [ 258006.786366566841025, 7041517.604588674381375 ], [ 258016.79274774674559, 7041517.604588674381375 ], [ 258016.79274774674559, 7041507.598207494243979 ], [ 258021.795938336697873, 7041507.598207494243979 ], [ 258021.795938336697873, 7041502.595016904175282 ], [ 258026.799128926650155, 7041502.595016904175282 ], [ 258026.799128926650155, 7041497.591826314106584 ], [ 258031.802319516602438, 7041497.591826314106584 ], [ 258031.802319516602438, 7041482.58225454390049 ], [ 258026.799128926650155, 7041482.58225454390049 ], [ 258026.799128926650155, 7041462.569492184557021 ], [ 258021.795938336697873, 7041462.569492184557021 ], [ 258021.795938336697873, 7041452.563111004419625 ], [ 258016.79274774674559, 7041452.563111004419625 ], [ 258016.79274774674559, 7041447.559920414350927 ], [ 258011.789557156793308, 7041447.559920414350927 ], [ 258011.789557156793308, 7041437.553539235144854 ], [ 258016.79274774674559, 7041437.553539235144854 ], [ 258016.79274774674559, 7041377.515252155251801 ], [ 258021.795938336697873, 7041377.515252155251801 ], [ 258021.795938336697873, 7041372.512061565183103 ], [ 258026.799128926650155, 7041372.512061565183103 ], [ 258026.799128926650155, 7041367.508870975114405 ], [ 258036.805510106525617, 7041367.508870975114405 ], [ 258036.805510106525617, 7041362.50568038597703 ], [ 258041.808700696477899, 7041362.50568038597703 ], [ 258041.808700696477899, 7041357.502489795908332 ], [ 258046.811891286430182, 7041357.502489795908332 ], [ 258046.811891286430182, 7041352.499299205839634 ], [ 258051.815081876382465, 7041352.499299205839634 ], [ 258051.815081876382465, 7041347.496108615770936 ], [ 258056.818272466334747, 7041347.496108615770936 ], [ 258056.818272466334747, 7041342.492918025702238 ], [ 258061.821463056257926, 7041342.492918025702238 ], [ 258061.821463056257926, 7041332.486536845564842 ], [ 258066.824653646210209, 7041332.486536845564842 ], [ 258066.824653646210209, 7041327.483346256427467 ], [ 258071.827844236162491, 7041327.483346256427467 ], [ 258071.827844236162491, 7041322.480155666358769 ], [ 258076.831034826114774, 7041322.480155666358769 ], [ 258076.831034826114774, 7041317.476965076290071 ], [ 258081.834225416067056, 7041317.476965076290071 ], [ 258081.834225416067056, 7041307.470583896152675 ], [ 258086.837416006019339, 7041307.470583896152675 ], [ 258086.837416006019339, 7041302.467393306083977 ], [ 258091.840606595942518, 7041302.467393306083977 ], [ 258091.840606595942518, 7041297.464202716015279 ], [ 258096.8437971858948, 7041297.464202716015279 ], [ 258096.8437971858948, 7041282.454630946740508 ], [ 258101.846987775847083, 7041282.454630946740508 ], [ 258101.846987775847083, 7041277.45144035667181 ], [ 258106.850178365799366, 7041277.45144035667181 ], [ 258106.850178365799366, 7041267.445059176534414 ], [ 258111.853368955751648, 7041267.445059176534414 ], [ 258111.853368955751648, 7041262.441868586465716 ], [ 258116.856559545674827, 7041262.441868586465716 ], [ 258116.856559545674827, 7041252.435487406328321 ], [ 258121.85975013562711, 7041252.435487406328321 ], [ 258121.85975013562711, 7041247.432296817190945 ], [ 258126.862940725579392, 7041247.432296817190945 ], [ 258126.862940725579392, 7041242.429106227122247 ], [ 258146.875703085359419, 7041242.429106227122247 ], [ 258146.875703085359419, 7041237.425915637053549 ], [ 258161.885274855216267, 7041237.425915637053549 ], [ 258161.885274855216267, 7041232.422725046984851 ], [ 258166.888465445168549, 7041232.422725046984851 ], [ 258166.888465445168549, 7041227.419534456916153 ], [ 258176.894846625044011, 7041227.419534456916153 ], [ 258176.894846625044011, 7041222.416343866847456 ], [ 258181.898037214996293, 7041222.416343866847456 ], [ 258181.898037214996293, 7041217.413153276778758 ], [ 258186.901227804948576, 7041217.413153276778758 ], [ 258186.901227804948576, 7041212.409962687641382 ], [ 258191.904418394900858, 7041212.409962687641382 ], [ 258191.904418394900858, 7041207.406772097572684 ], [ 258196.907608984853141, 7041207.406772097572684 ], [ 258196.907608984853141, 7041197.400390917435288 ], [ 258201.91079957477632, 7041197.400390917435288 ], [ 258201.91079957477632, 7041187.394009737297893 ], [ 258206.913990164728602, 7041187.394009737297893 ], [ 258206.913990164728602, 7041177.387628557160497 ], [ 258211.917180754680885, 7041177.387628557160497 ], [ 258211.917180754680885, 7041162.378056787885725 ], [ 258216.920371344633168, 7041162.378056787885725 ], [ 258216.920371344633168, 7041152.37167560774833 ], [ 258221.92356193458545, 7041152.37167560774833 ], [ 258221.92356193458545, 7041147.368485017679632 ], [ 258231.929943114460912, 7041147.368485017679632 ], [ 258231.929943114460912, 7041142.365294427610934 ], [ 258246.939514884317759, 7041142.365294427610934 ], [ 258246.939514884317759, 7041147.368485017679632 ], [ 258261.949086654145503, 7041147.368485017679632 ], [ 258261.949086654145503, 7041152.37167560774833 ], [ 258266.952277244097786, 7041152.37167560774833 ], [ 258266.952277244097786, 7041157.374866197817028 ], [ 258276.958658424002351, 7041157.374866197817028 ], [ 258276.958658424002351, 7041162.378056787885725 ], [ 258281.96184901392553, 7041162.378056787885725 ], [ 258281.96184901392553, 7041167.381247377954423 ], [ 258301.97461137373466, 7041167.381247377954423 ], [ 258301.97461137373466, 7041147.368485017679632 ], [ 258296.971420783782378, 7041147.368485017679632 ], [ 258296.971420783782378, 7041082.327007348649204 ], [ 258291.968230193830095, 7041082.327007348649204 ], [ 258291.968230193830095, 7041072.320626168511808 ], [ 258296.971420783782378, 7041072.320626168511808 ], [ 258296.971420783782378, 7041067.31743557844311 ], [ 258301.97461137373466, 7041067.31743557844311 ], [ 258301.97461137373466, 7041062.314244988374412 ], [ 258306.977801963686943, 7041062.314244988374412 ], [ 258306.977801963686943, 7041057.311054399237037 ], [ 258316.984183143562404, 7041057.311054399237037 ], [ 258316.984183143562404, 7041047.304673219099641 ], [ 258321.987373733514687, 7041047.304673219099641 ], [ 258321.987373733514687, 7041037.298292038962245 ], [ 258316.984183143562404, 7041037.298292038962245 ], [ 258316.984183143562404, 7041002.275957909412682 ], [ 258321.987373733514687, 7041002.275957909412682 ], [ 258321.987373733514687, 7040992.269576729275286 ], [ 258326.99056432346697, 7040992.269576729275286 ], [ 258326.99056432346697, 7040987.266386139206588 ], [ 258331.993754913419252, 7040987.266386139206588 ], [ 258331.993754913419252, 7040982.263195550069213 ], [ 258342.000136093294714, 7040982.263195550069213 ], [ 258342.000136093294714, 7040977.260004960000515 ], [ 258352.006517273199279, 7040977.260004960000515 ], [ 258352.006517273199279, 7040972.256814369931817 ], [ 258417.047994942520745, 7040972.256814369931817 ], [ 258417.047994942520745, 7040967.253623779863119 ], [ 258422.051185532443924, 7040967.253623779863119 ], [ 258422.051185532443924, 7040957.247242599725723 ], [ 258417.047994942520745, 7040957.247242599725723 ], [ 258417.047994942520745, 7040942.237670830450952 ], [ 258392.032041992759332, 7040942.237670830450952 ], [ 258392.032041992759332, 7040947.240861419588327 ], [ 258387.028851402836153, 7040947.240861419588327 ], [ 258387.028851402836153, 7040952.244052009657025 ], [ 258352.006517273199279, 7040952.244052009657025 ], [ 258352.006517273199279, 7040947.240861419588327 ], [ 258336.996945503342431, 7040947.240861419588327 ], [ 258336.996945503342431, 7040942.237670830450952 ], [ 258321.987373733514687, 7040942.237670830450952 ], [ 258321.987373733514687, 7040947.240861419588327 ], [ 258316.984183143562404, 7040947.240861419588327 ], [ 258316.984183143562404, 7040952.244052009657025 ], [ 258311.980992553610122, 7040952.244052009657025 ], [ 258311.980992553610122, 7040962.250433189794421 ], [ 258306.977801963686943, 7040962.250433189794421 ], [ 258306.977801963686943, 7041007.27914849948138 ], [ 258301.97461137373466, 7041007.27914849948138 ], [ 258301.97461137373466, 7041012.282339089550078 ], [ 258296.971420783782378, 7041012.282339089550078 ], [ 258296.971420783782378, 7041017.285529679618776 ], [ 258276.958658424002351, 7041017.285529679618776 ], [ 258276.958658424002351, 7041022.288720269687474 ], [ 258266.952277244097786, 7041022.288720269687474 ], [ 258266.952277244097786, 7041037.298292038962245 ], [ 258256.945896064193221, 7041037.298292038962245 ], [ 258256.945896064193221, 7041042.301482629030943 ], [ 258251.942705474270042, 7041042.301482629030943 ], [ 258251.942705474270042, 7041037.298292038962245 ], [ 258246.939514884317759, 7041037.298292038962245 ], [ 258246.939514884317759, 7041032.295101448893547 ], [ 258241.936324294365477, 7041032.295101448893547 ], [ 258241.936324294365477, 7041022.288720269687474 ], [ 258236.933133704413194, 7041022.288720269687474 ], [ 258236.933133704413194, 7041017.285529679618776 ], [ 258231.929943114460912, 7041017.285529679618776 ], [ 258231.929943114460912, 7041012.282339089550078 ], [ 258226.926752524508629, 7041012.282339089550078 ], [ 258226.926752524508629, 7041007.27914849948138 ], [ 258221.92356193458545, 7041007.27914849948138 ], [ 258221.92356193458545, 7040992.269576729275286 ], [ 258216.920371344633168, 7040992.269576729275286 ], [ 258216.920371344633168, 7040987.266386139206588 ], [ 258221.92356193458545, 7040987.266386139206588 ], [ 258221.92356193458545, 7040982.263195550069213 ], [ 258226.926752524508629, 7040982.263195550069213 ], [ 258226.926752524508629, 7040977.260004960000515 ], [ 258231.929943114460912, 7040977.260004960000515 ], [ 258231.929943114460912, 7040952.244052009657025 ], [ 258226.926752524508629, 7040952.244052009657025 ], [ 258226.926752524508629, 7040947.240861419588327 ], [ 258211.917180754680885, 7040947.240861419588327 ], [ 258211.917180754680885, 7040942.237670830450952 ], [ 258201.91079957477632, 7040942.237670830450952 ], [ 258201.91079957477632, 7040932.231289650313556 ], [ 258206.913990164728602, 7040932.231289650313556 ], [ 258206.913990164728602, 7040922.22490847017616 ], [ 258211.917180754680885, 7040922.22490847017616 ], [ 258211.917180754680885, 7040917.221717880107462 ], [ 258216.920371344633168, 7040917.221717880107462 ], [ 258216.920371344633168, 7040907.215336700901389 ], [ 258221.92356193458545, 7040907.215336700901389 ], [ 258221.92356193458545, 7040887.202574340626597 ], [ 258226.926752524508629, 7040887.202574340626597 ], [ 258226.926752524508629, 7040877.196193160489202 ], [ 258231.929943114460912, 7040877.196193160489202 ], [ 258231.929943114460912, 7040867.189811981283128 ], [ 258236.933133704413194, 7040867.189811981283128 ], [ 258236.933133704413194, 7040852.180240211077034 ], [ 258241.936324294365477, 7040852.180240211077034 ], [ 258241.936324294365477, 7040847.177049621008337 ], [ 258246.939514884317759, 7040847.177049621008337 ], [ 258246.939514884317759, 7040837.170668440870941 ], [ 258251.942705474270042, 7040837.170668440870941 ], [ 258251.942705474270042, 7040832.167477850802243 ], [ 258256.945896064193221, 7040832.167477850802243 ], [ 258256.945896064193221, 7040827.164287261664867 ], [ 258271.955467834050069, 7040827.164287261664867 ], [ 258271.955467834050069, 7040822.161096671596169 ], [ 258291.968230193830095, 7040822.161096671596169 ], [ 258291.968230193830095, 7040817.157906081527472 ], [ 258311.980992553610122, 7040817.157906081527472 ], [ 258311.980992553610122, 7040812.154715491458774 ], [ 258316.984183143562404, 7040812.154715491458774 ], [ 258316.984183143562404, 7040817.157906081527472 ], [ 258326.99056432346697, 7040817.157906081527472 ], [ 258326.99056432346697, 7040812.154715491458774 ], [ 258352.006517273199279, 7040812.154715491458774 ], [ 258352.006517273199279, 7040807.151524901390076 ], [ 258362.012898453103844, 7040807.151524901390076 ], [ 258362.012898453103844, 7040802.148334311321378 ], [ 258367.016089043027023, 7040802.148334311321378 ], [ 258367.016089043027023, 7040797.14514372125268 ], [ 258372.019279632979305, 7040797.14514372125268 ], [ 258372.019279632979305, 7040787.138762542046607 ], [ 258377.022470222931588, 7040787.138762542046607 ], [ 258377.022470222931588, 7040782.135571951977909 ], [ 258387.028851402836153, 7040782.135571951977909 ], [ 258387.028851402836153, 7040777.132381361909211 ], [ 258392.032041992759332, 7040777.132381361909211 ], [ 258392.032041992759332, 7040752.116428412497044 ], [ 258407.04161376261618, 7040752.116428412497044 ], [ 258407.04161376261618, 7040742.110047232359648 ], [ 258412.044804352568462, 7040742.110047232359648 ], [ 258412.044804352568462, 7040712.090903692878783 ], [ 258417.047994942520745, 7040712.090903692878783 ], [ 258417.047994942520745, 7040697.081331922672689 ], [ 258412.044804352568462, 7040697.081331922672689 ], [ 258412.044804352568462, 7040692.078141332603991 ], [ 258417.047994942520745, 7040692.078141332603991 ], [ 258417.047994942520745, 7040677.06856956332922 ], [ 258422.051185532443924, 7040677.06856956332922 ], [ 258422.051185532443924, 7040667.062188383191824 ], [ 258427.054376122396206, 7040667.062188383191824 ], [ 258427.054376122396206, 7040657.055807203054428 ], [ 258432.057566712348489, 7040657.055807203054428 ], [ 258432.057566712348489, 7040627.036663663573563 ], [ 258437.060757302300772, 7040627.036663663573563 ], [ 258437.060757302300772, 7040612.027091893367469 ], [ 258442.063947892253054, 7040612.027091893367469 ], [ 258442.063947892253054, 7040597.017520124092698 ], [ 258447.067138482176233, 7040597.017520124092698 ], [ 258447.067138482176233, 7040592.014329534024 ], [ 258452.070329072128516, 7040592.014329534024 ], [ 258452.070329072128516, 7040582.007948353886604 ], [ 258457.073519662080798, 7040582.007948353886604 ], [ 258457.073519662080798, 7040577.004757763817906 ], [ 258462.076710252033081, 7040577.004757763817906 ], [ 258462.076710252033081, 7040556.991995404474437 ], [ 258467.079900841985364, 7040556.991995404474437 ], [ 258467.079900841985364, 7040541.982423634268343 ], [ 258472.083091431937646, 7040541.982423634268343 ], [ 258472.083091431937646, 7040516.966470684856176 ], [ 258477.086282021860825, 7040516.966470684856176 ], [ 258477.086282021860825, 7040506.960089504718781 ], [ 258482.089472611813108, 7040506.960089504718781 ], [ 258482.089472611813108, 7040501.956898914650083 ], [ 258492.095853791717673, 7040501.956898914650083 ], [ 258492.095853791717673, 7040496.953708324581385 ], [ 258497.099044381669955, 7040496.953708324581385 ], [ 258497.099044381669955, 7040491.950517734512687 ], [ 258522.114997331402265, 7040491.950517734512687 ], [ 258522.114997331402265, 7040476.940945965237916 ], [ 258517.111806741449982, 7040476.940945965237916 ], [ 258517.111806741449982, 7040466.93456478510052 ], [ 258522.114997331402265, 7040466.93456478510052 ], [ 258522.114997331402265, 7040456.928183604963124 ], [ 258527.118187921354547, 7040456.928183604963124 ], [ 258527.118187921354547, 7040426.909040065482259 ], [ 258522.114997331402265, 7040426.909040065482259 ], [ 258522.114997331402265, 7040416.902658885344863 ], [ 258517.111806741449982, 7040416.902658885344863 ], [ 258517.111806741449982, 7040406.89627770613879 ], [ 258512.108616151497699, 7040406.89627770613879 ], [ 258512.108616151497699, 7040351.861181216314435 ], [ 258517.111806741449982, 7040351.861181216314435 ], [ 258517.111806741449982, 7040341.854800036177039 ], [ 258522.114997331402265, 7040341.854800036177039 ], [ 258522.114997331402265, 7040331.848418856970966 ], [ 258527.118187921354547, 7040331.848418856970966 ], [ 258527.118187921354547, 7040326.845228266902268 ], [ 258532.121378511277726, 7040326.845228266902268 ], [ 258532.121378511277726, 7040316.838847086764872 ], [ 258537.124569101230009, 7040316.838847086764872 ], [ 258537.124569101230009, 7040311.835656496696174 ], [ 258542.127759691182291, 7040311.835656496696174 ], [ 258542.127759691182291, 7040306.832465906627476 ], [ 258547.130950281134574, 7040306.832465906627476 ], [ 258547.130950281134574, 7040301.829275316558778 ], [ 258552.134140871086856, 7040301.829275316558778 ], [ 258552.134140871086856, 7040296.82608472649008 ], [ 258557.137331461010035, 7040296.82608472649008 ], [ 258557.137331461010035, 7040291.822894137352705 ], [ 258562.140522050962318, 7040291.822894137352705 ], [ 258562.140522050962318, 7040286.819703547284007 ], [ 258567.1437126409146, 7040286.819703547284007 ], [ 258567.1437126409146, 7040281.816512957215309 ], [ 258572.146903230866883, 7040281.816512957215309 ], [ 258572.146903230866883, 7040276.813322367146611 ], [ 258577.150093820819166, 7040276.813322367146611 ], [ 258577.150093820819166, 7040271.810131777077913 ], [ 258582.153284410771448, 7040271.810131777077913 ], [ 258582.153284410771448, 7040266.806941187009215 ], [ 258587.156475000694627, 7040266.806941187009215 ], [ 258587.156475000694627, 7040261.803750596940517 ], [ 258592.15966559064691, 7040261.803750596940517 ], [ 258592.15966559064691, 7040256.800560007803142 ], [ 258597.162856180599192, 7040256.800560007803142 ], [ 258597.162856180599192, 7040251.797369417734444 ], [ 258602.166046770551475, 7040251.797369417734444 ], [ 258602.166046770551475, 7040241.790988237597048 ], [ 258607.169237360503757, 7040241.790988237597048 ], [ 258607.169237360503757, 7040231.784607057459652 ], [ 258612.172427950426936, 7040231.784607057459652 ], [ 258612.172427950426936, 7040206.768654108047485 ], [ 258617.175618540379219, 7040206.768654108047485 ], [ 258617.175618540379219, 7040196.762272927910089 ], [ 258622.178809130331501, 7040196.762272927910089 ], [ 258622.178809130331501, 7040191.759082337841392 ], [ 258627.181999720283784, 7040191.759082337841392 ], [ 258627.181999720283784, 7040186.755891747772694 ], [ 258632.185190310236067, 7040186.755891747772694 ], [ 258632.185190310236067, 7040176.74951056856662 ], [ 258637.188380900188349, 7040176.74951056856662 ], [ 258637.188380900188349, 7040171.746319978497922 ], [ 258642.191571490111528, 7040171.746319978497922 ], [ 258642.191571490111528, 7040161.739938798360527 ], [ 258647.194762080063811, 7040161.739938798360527 ], [ 258647.194762080063811, 7040156.736748208291829 ], [ 258652.197952670016093, 7040156.736748208291829 ], [ 258652.197952670016093, 7040151.733557618223131 ], [ 258657.201143259968376, 7040151.733557618223131 ], [ 258657.201143259968376, 7040141.727176439017057 ], [ 258662.204333849920658, 7040141.727176439017057 ], [ 258662.204333849920658, 7040136.723985848948359 ], [ 258667.207524439843837, 7040136.723985848948359 ], [ 258667.207524439843837, 7040131.720795258879662 ], [ 258672.21071502979612, 7040131.720795258879662 ], [ 258672.21071502979612, 7040126.717604668810964 ], [ 258677.213905619748402, 7040126.717604668810964 ], [ 258677.213905619748402, 7040131.720795258879662 ], [ 258687.220286799652968, 7040131.720795258879662 ], [ 258687.220286799652968, 7040136.723985848948359 ], [ 258702.229858569480712, 7040136.723985848948359 ], [ 258702.229858569480712, 7040131.720795258879662 ], [ 258712.236239749385277, 7040131.720795258879662 ], [ 258712.236239749385277, 7040126.717604668810964 ], [ 258717.239430339337559, 7040126.717604668810964 ], [ 258717.239430339337559, 7040121.714414078742266 ], [ 258722.242620929260738, 7040121.714414078742266 ], [ 258722.242620929260738, 7040116.711223488673568 ], [ 258727.245811519213021, 7040116.711223488673568 ], [ 258727.245811519213021, 7040111.70803289860487 ], [ 258732.249002109165303, 7040111.70803289860487 ], [ 258732.249002109165303, 7040081.688889359124005 ], [ 258727.245811519213021, 7040081.688889359124005 ], [ 258727.245811519213021, 7040076.685698769055307 ], [ 258732.249002109165303, 7040076.685698769055307 ], [ 258732.249002109165303, 7040066.679317588917911 ], [ 258737.252192699117586, 7040066.679317588917911 ], [ 258737.252192699117586, 7040056.672936409711838 ], [ 258752.26176446894533, 7040056.672936409711838 ], [ 258752.26176446894533, 7040051.66974581964314 ], [ 258762.268145648849895, 7040051.66974581964314 ], [ 258762.268145648849895, 7040041.663364639505744 ], [ 258737.252192699117586, 7040041.663364639505744 ], [ 258737.252192699117586, 7040036.660174049437046 ], [ 258732.249002109165303, 7040036.660174049437046 ], [ 258732.249002109165303, 7040031.656983459368348 ], [ 258722.242620929260738, 7040031.656983459368348 ], [ 258722.242620929260738, 7040026.653792870230973 ], [ 258717.239430339337559, 7040026.653792870230973 ], [ 258717.239430339337559, 7040001.637839919887483 ], [ 258722.242620929260738, 7040001.637839919887483 ], [ 258722.242620929260738, 7039981.625077560544014 ], [ 258727.245811519213021, 7039981.625077560544014 ], [ 258727.245811519213021, 7039966.61550579033792 ], [ 258722.242620929260738, 7039966.61550579033792 ], [ 258722.242620929260738, 7039961.612315200269222 ], [ 258717.239430339337559, 7039961.612315200269222 ], [ 258717.239430339337559, 7039946.602743430994451 ], [ 258712.236239749385277, 7039946.602743430994451 ], [ 258712.236239749385277, 7039936.596362250857055 ], [ 258707.233049159432994, 7039936.596362250857055 ], [ 258707.233049159432994, 7039916.583599890582263 ], [ 258702.229858569480712, 7039916.583599890582263 ], [ 258702.229858569480712, 7039911.580409301444888 ], [ 258697.226667979528429, 7039911.580409301444888 ], [ 258697.226667979528429, 7039906.57721871137619 ], [ 258692.22347738960525, 7039906.57721871137619 ], [ 258692.22347738960525, 7039886.564456351101398 ], [ 258697.226667979528429, 7039886.564456351101398 ], [ 258697.226667979528429, 7039881.561265761032701 ], [ 258692.22347738960525, 7039881.561265761032701 ], [ 258692.22347738960525, 7039876.558075170964003 ], [ 258682.217096209700685, 7039876.558075170964003 ], [ 258682.217096209700685, 7039871.554884581826627 ], [ 258662.204333849920658, 7039871.554884581826627 ], [ 258662.204333849920658, 7039866.551693991757929 ], [ 258657.201143259968376, 7039866.551693991757929 ], [ 258657.201143259968376, 7039861.548503401689231 ], [ 258652.197952670016093, 7039861.548503401689231 ], [ 258652.197952670016093, 7039856.545312811620533 ], [ 258647.194762080063811, 7039856.545312811620533 ], [ 258647.194762080063811, 7039851.542122221551836 ], [ 258642.191571490111528, 7039851.542122221551836 ], [ 258642.191571490111528, 7039846.538931631483138 ], [ 258637.188380900188349, 7039846.538931631483138 ], [ 258637.188380900188349, 7039841.53574104141444 ], [ 258632.185190310236067, 7039841.53574104141444 ], [ 258632.185190310236067, 7039836.532550451345742 ], [ 258627.181999720283784, 7039836.532550451345742 ], [ 258627.181999720283784, 7039826.526169272139668 ], [ 258622.178809130331501, 7039826.526169272139668 ], [ 258622.178809130331501, 7039816.519788092002273 ], [ 258617.175618540379219, 7039816.519788092002273 ], [ 258617.175618540379219, 7039811.516597501933575 ], [ 258612.172427950426936, 7039811.516597501933575 ], [ 258612.172427950426936, 7039801.510216321796179 ], [ 258607.169237360503757, 7039801.510216321796179 ], [ 258607.169237360503757, 7039786.500644552521408 ], [ 258602.166046770551475, 7039786.500644552521408 ], [ 258602.166046770551475, 7039761.484691602177918 ], [ 258597.162856180599192, 7039761.484691602177918 ], [ 258597.162856180599192, 7039716.455976293422282 ], [ 258592.15966559064691, 7039716.455976293422282 ], [ 258592.15966559064691, 7039701.446404523216188 ], [ 258587.156475000694627, 7039701.446404523216188 ], [ 258587.156475000694627, 7039691.440023343078792 ], [ 258582.153284410771448, 7039691.440023343078792 ], [ 258582.153284410771448, 7039671.427260983735323 ], [ 258577.150093820819166, 7039671.427260983735323 ], [ 258577.150093820819166, 7039636.40492685418576 ], [ 258572.146903230866883, 7039636.40492685418576 ], [ 258572.146903230866883, 7039601.382592724636197 ], [ 258577.150093820819166, 7039601.382592724636197 ], [ 258577.150093820819166, 7039571.36344918422401 ], [ 258572.146903230866883, 7039571.36344918422401 ], [ 258572.146903230866883, 7039561.357068005017936 ], [ 258577.150093820819166, 7039561.357068005017936 ], [ 258577.150093820819166, 7039521.331543285399675 ], [ 258582.153284410771448, 7039521.331543285399675 ], [ 258582.153284410771448, 7039516.328352695330977 ], [ 258587.156475000694627, 7039516.328352695330977 ], [ 258587.156475000694627, 7039501.318780925124884 ], [ 258582.153284410771448, 7039501.318780925124884 ], [ 258582.153284410771448, 7039491.312399744987488 ], [ 258587.156475000694627, 7039491.312399744987488 ], [ 258587.156475000694627, 7039486.309209155850112 ], [ 258582.153284410771448, 7039486.309209155850112 ], [ 258582.153284410771448, 7039456.290065615437925 ], [ 258587.156475000694627, 7039456.290065615437925 ], [ 258587.156475000694627, 7039441.280493846163154 ], [ 258582.153284410771448, 7039441.280493846163154 ], [ 258582.153284410771448, 7039421.267731485888362 ], [ 258587.156475000694627, 7039421.267731485888362 ], [ 258587.156475000694627, 7039406.258159716613591 ], [ 258592.15966559064691, 7039406.258159716613591 ], [ 258592.15966559064691, 7039371.235825587064028 ], [ 258587.156475000694627, 7039371.235825587064028 ], [ 258587.156475000694627, 7039361.229444406926632 ], [ 258582.153284410771448, 7039361.229444406926632 ], [ 258582.153284410771448, 7039356.226253816857934 ], [ 258577.150093820819166, 7039356.226253816857934 ], [ 258577.150093820819166, 7039341.21668204665184 ], [ 258572.146903230866883, 7039341.21668204665184 ], [ 258572.146903230866883, 7039321.203919687308371 ], [ 258567.1437126409146, 7039321.203919687308371 ], [ 258567.1437126409146, 7039286.181585557758808 ], [ 258562.140522050962318, 7039286.181585557758808 ], [ 258562.140522050962318, 7039271.172013787552714 ], [ 258557.137331461010035, 7039271.172013787552714 ], [ 258557.137331461010035, 7039246.156060838140547 ], [ 258547.130950281134574, 7039246.156060838140547 ], [ 258547.130950281134574, 7039256.162442018277943 ], [ 258537.124569101230009, 7039256.162442018277943 ], [ 258537.124569101230009, 7039221.14010788872838 ], [ 258532.121378511277726, 7039221.14010788872838 ], [ 258532.121378511277726, 7039216.136917298659682 ], [ 258522.114997331402265, 7039216.136917298659682 ], [ 258522.114997331402265, 7039221.14010788872838 ], [ 258517.111806741449982, 7039221.14010788872838 ], [ 258517.111806741449982, 7039226.143298477865756 ], [ 258507.105425561545417, 7039226.143298477865756 ], [ 258507.105425561545417, 7039236.149679658003151 ], [ 258502.102234971593134, 7039236.149679658003151 ], [ 258502.102234971593134, 7039246.156060838140547 ], [ 258497.099044381669955, 7039246.156060838140547 ], [ 258497.099044381669955, 7039251.159251428209245 ], [ 258492.095853791717673, 7039251.159251428209245 ], [ 258492.095853791717673, 7039256.162442018277943 ], [ 258482.089472611813108, 7039256.162442018277943 ], [ 258482.089472611813108, 7039251.159251428209245 ], [ 258462.076710252033081, 7039251.159251428209245 ], [ 258462.076710252033081, 7039256.162442018277943 ], [ 258452.070329072128516, 7039256.162442018277943 ], [ 258452.070329072128516, 7039261.165632608346641 ], [ 258442.063947892253054, 7039261.165632608346641 ], [ 258442.063947892253054, 7039266.168823197484016 ], [ 258432.057566712348489, 7039266.168823197484016 ], [ 258432.057566712348489, 7039271.172013787552714 ], [ 258422.051185532443924, 7039271.172013787552714 ], [ 258422.051185532443924, 7039276.175204377621412 ], [ 258392.032041992759332, 7039276.175204377621412 ], [ 258392.032041992759332, 7039271.172013787552714 ], [ 258362.012898453103844, 7039271.172013787552714 ], [ 258362.012898453103844, 7039276.175204377621412 ], [ 258357.009707863151561, 7039276.175204377621412 ], [ 258357.009707863151561, 7039281.17839496769011 ], [ 258362.012898453103844, 7039281.17839496769011 ], [ 258362.012898453103844, 7039291.184776147827506 ], [ 258367.016089043027023, 7039291.184776147827506 ], [ 258367.016089043027023, 7039296.187966737896204 ], [ 258372.019279632979305, 7039296.187966737896204 ], [ 258372.019279632979305, 7039306.194347917102277 ], [ 258377.022470222931588, 7039306.194347917102277 ], [ 258377.022470222931588, 7039321.203919687308371 ], [ 258372.019279632979305, 7039321.203919687308371 ], [ 258372.019279632979305, 7039326.207110277377069 ], [ 258367.016089043027023, 7039326.207110277377069 ], [ 258367.016089043027023, 7039331.210300867445767 ], [ 258362.012898453103844, 7039331.210300867445767 ], [ 258362.012898453103844, 7039341.21668204665184 ], [ 258326.99056432346697, 7039341.21668204665184 ], [ 258326.99056432346697, 7039346.219872636720538 ], [ 258301.97461137373466, 7039346.219872636720538 ], [ 258301.97461137373466, 7039351.223063226789236 ], [ 258281.96184901392553, 7039351.223063226789236 ], [ 258281.96184901392553, 7039346.219872636720538 ], [ 258276.958658424002351, 7039346.219872636720538 ], [ 258276.958658424002351, 7039336.213491457514465 ], [ 258271.955467834050069, 7039336.213491457514465 ], [ 258271.955467834050069, 7039321.203919687308371 ], [ 258251.942705474270042, 7039321.203919687308371 ], [ 258251.942705474270042, 7039316.200729097239673 ], [ 258246.939514884317759, 7039316.200729097239673 ], [ 258246.939514884317759, 7039301.191157327033579 ], [ 258241.936324294365477, 7039301.191157327033579 ], [ 258241.936324294365477, 7039296.187966737896204 ], [ 258231.929943114460912, 7039296.187966737896204 ], [ 258231.929943114460912, 7039291.184776147827506 ], [ 258221.92356193458545, 7039291.184776147827506 ], [ 258221.92356193458545, 7039286.181585557758808 ], [ 258216.920371344633168, 7039286.181585557758808 ], [ 258216.920371344633168, 7039281.17839496769011 ], [ 258211.917180754680885, 7039281.17839496769011 ], [ 258211.917180754680885, 7039271.172013787552714 ], [ 258206.913990164728602, 7039271.172013787552714 ], [ 258206.913990164728602, 7039266.168823197484016 ], [ 258196.907608984853141, 7039266.168823197484016 ], [ 258196.907608984853141, 7039261.165632608346641 ], [ 258191.904418394900858, 7039261.165632608346641 ], [ 258191.904418394900858, 7039251.159251428209245 ], [ 258186.901227804948576, 7039251.159251428209245 ], [ 258186.901227804948576, 7039246.156060838140547 ], [ 258181.898037214996293, 7039246.156060838140547 ], [ 258181.898037214996293, 7039236.149679658003151 ], [ 258186.901227804948576, 7039236.149679658003151 ], [ 258186.901227804948576, 7039226.143298477865756 ], [ 258181.898037214996293, 7039226.143298477865756 ], [ 258181.898037214996293, 7039221.14010788872838 ], [ 258176.894846625044011, 7039221.14010788872838 ], [ 258176.894846625044011, 7039211.133726708590984 ], [ 258171.891656035091728, 7039211.133726708590984 ], [ 258171.891656035091728, 7039206.130536118522286 ], [ 258166.888465445168549, 7039206.130536118522286 ], [ 258166.888465445168549, 7039201.127345528453588 ], [ 258161.885274855216267, 7039201.127345528453588 ], [ 258161.885274855216267, 7039196.124154938384891 ], [ 258151.878893675311701, 7039196.124154938384891 ], [ 258151.878893675311701, 7039191.120964348316193 ], [ 258146.875703085359419, 7039191.120964348316193 ], [ 258146.875703085359419, 7039196.124154938384891 ], [ 258136.869321905483957, 7039196.124154938384891 ], [ 258136.869321905483957, 7039201.127345528453588 ], [ 258126.862940725579392, 7039201.127345528453588 ], [ 258126.862940725579392, 7039211.133726708590984 ], [ 258121.85975013562711, 7039211.133726708590984 ], [ 258121.85975013562711, 7039231.146489067934453 ], [ 258126.862940725579392, 7039231.146489067934453 ], [ 258126.862940725579392, 7039226.143298477865756 ], [ 258136.869321905483957, 7039226.143298477865756 ], [ 258136.869321905483957, 7039231.146489067934453 ], [ 258141.87251249543624, 7039231.146489067934453 ], [ 258141.87251249543624, 7039241.152870248071849 ], [ 258136.869321905483957, 7039241.152870248071849 ], [ 258136.869321905483957, 7039306.194347917102277 ], [ 258141.87251249543624, 7039306.194347917102277 ], [ 258141.87251249543624, 7039301.191157327033579 ], [ 258146.875703085359419, 7039301.191157327033579 ], [ 258146.875703085359419, 7039296.187966737896204 ], [ 258156.882084265263984, 7039296.187966737896204 ], [ 258156.882084265263984, 7039301.191157327033579 ], [ 258161.885274855216267, 7039301.191157327033579 ], [ 258161.885274855216267, 7039306.194347917102277 ], [ 258166.888465445168549, 7039306.194347917102277 ], [ 258166.888465445168549, 7039346.219872636720538 ], [ 258161.885274855216267, 7039346.219872636720538 ], [ 258161.885274855216267, 7039351.223063226789236 ], [ 258156.882084265263984, 7039351.223063226789236 ], [ 258156.882084265263984, 7039361.229444406926632 ], [ 258151.878893675311701, 7039361.229444406926632 ], [ 258151.878893675311701, 7039381.242206766270101 ], [ 258146.875703085359419, 7039381.242206766270101 ], [ 258146.875703085359419, 7039386.245397356338799 ], [ 258126.862940725579392, 7039386.245397356338799 ], [ 258126.862940725579392, 7039391.248587946407497 ], [ 258121.85975013562711, 7039391.248587946407497 ], [ 258121.85975013562711, 7039416.264540895819664 ], [ 258111.853368955751648, 7039416.264540895819664 ], [ 258111.853368955751648, 7039431.274112666025758 ], [ 258096.8437971858948, 7039431.274112666025758 ], [ 258096.8437971858948, 7039436.277303256094456 ], [ 258046.811891286430182, 7039436.277303256094456 ], [ 258046.811891286430182, 7039441.280493846163154 ], [ 258041.808700696477899, 7039441.280493846163154 ], [ 258041.808700696477899, 7039436.277303256094456 ], [ 258031.802319516602438, 7039436.277303256094456 ], [ 258031.802319516602438, 7039431.274112666025758 ], [ 258011.789557156793308, 7039431.274112666025758 ], [ 258011.789557156793308, 7039426.27092207595706 ], [ 258006.786366566841025, 7039426.27092207595706 ], [ 258006.786366566841025, 7039421.267731485888362 ], [ 257991.776794797013281, 7039421.267731485888362 ], [ 257991.776794797013281, 7039416.264540895819664 ], [ 257976.767223027185537, 7039416.264540895819664 ], [ 257976.767223027185537, 7039411.261350306682289 ], [ 257966.760841847280972, 7039411.261350306682289 ], [ 257966.760841847280972, 7039406.258159716613591 ], [ 257961.757651257328689, 7039406.258159716613591 ], [ 257961.757651257328689, 7039401.254969126544893 ], [ 257951.751270077424124, 7039401.254969126544893 ], [ 257951.751270077424124, 7039391.248587946407497 ], [ 257941.744888897548662, 7039391.248587946407497 ], [ 257941.744888897548662, 7039386.245397356338799 ], [ 257936.74169830759638, 7039386.245397356338799 ], [ 257936.74169830759638, 7039381.242206766270101 ], [ 257931.738507717644097, 7039381.242206766270101 ], [ 257931.738507717644097, 7039371.235825587064028 ], [ 257926.735317127691815, 7039371.235825587064028 ], [ 257926.735317127691815, 7039361.229444406926632 ], [ 257921.732126537768636, 7039361.229444406926632 ], [ 257921.732126537768636, 7039356.226253816857934 ], [ 257896.716173588007223, 7039356.226253816857934 ], [ 257896.716173588007223, 7039351.223063226789236 ], [ 257891.712982998084044, 7039351.223063226789236 ], [ 257891.712982998084044, 7039346.219872636720538 ], [ 257886.709792408131761, 7039346.219872636720538 ], [ 257886.709792408131761, 7039341.21668204665184 ], [ 257876.703411228227196, 7039341.21668204665184 ], [ 257876.703411228227196, 7039336.213491457514465 ], [ 257866.697030048351735, 7039336.213491457514465 ], [ 257866.697030048351735, 7039331.210300867445767 ], [ 257861.693839458399452, 7039331.210300867445767 ], [ 257861.693839458399452, 7039306.194347917102277 ], [ 257856.69064886844717, 7039306.194347917102277 ], [ 257856.69064886844717, 7039311.197538507170975 ], [ 257841.681077098590322, 7039311.197538507170975 ], [ 257841.681077098590322, 7039306.194347917102277 ], [ 257836.677886508667143, 7039306.194347917102277 ], [ 257836.677886508667143, 7039301.191157327033579 ], [ 257831.67469591871486, 7039301.191157327033579 ], [ 257831.67469591871486, 7039296.187966737896204 ], [ 257826.671505328762578, 7039296.187966737896204 ], [ 257826.671505328762578, 7039286.181585557758808 ], [ 257821.668314738810295, 7039286.181585557758808 ], [ 257821.668314738810295, 7039276.175204377621412 ], [ 257816.665124148858013, 7039276.175204377621412 ], [ 257816.665124148858013, 7039271.172013787552714 ], [ 257811.661933558934834, 7039271.172013787552714 ], [ 257811.661933558934834, 7039266.168823197484016 ], [ 257816.665124148858013, 7039266.168823197484016 ], [ 257816.665124148858013, 7039261.165632608346641 ], [ 257811.661933558934834, 7039261.165632608346641 ], [ 257811.661933558934834, 7039256.162442018277943 ], [ 257806.658742968982551, 7039256.162442018277943 ], [ 257806.658742968982551, 7039261.165632608346641 ], [ 257796.652361789077986, 7039261.165632608346641 ], [ 257796.652361789077986, 7039256.162442018277943 ], [ 257791.649171199125703, 7039256.162442018277943 ], [ 257791.649171199125703, 7039246.156060838140547 ], [ 257786.645980609173421, 7039246.156060838140547 ], [ 257786.645980609173421, 7039236.149679658003151 ], [ 257781.642790019250242, 7039236.149679658003151 ], [ 257781.642790019250242, 7039226.143298477865756 ], [ 257776.639599429297959, 7039226.143298477865756 ], [ 257776.639599429297959, 7039206.130536118522286 ], [ 257771.636408839345677, 7039206.130536118522286 ], [ 257771.636408839345677, 7039201.127345528453588 ], [ 257766.633218249393394, 7039201.127345528453588 ], [ 257766.633218249393394, 7039171.108201988972723 ], [ 257761.630027659441112, 7039171.108201988972723 ], [ 257761.630027659441112, 7039166.105011398904026 ], [ 257766.633218249393394, 7039166.105011398904026 ], [ 257766.633218249393394, 7039161.101820808835328 ], [ 257761.630027659441112, 7039161.101820808835328 ], [ 257761.630027659441112, 7039156.09863021876663 ], [ 257756.626837069517933, 7039156.09863021876663 ], [ 257756.626837069517933, 7039136.085867859423161 ], [ 257751.62364647956565, 7039136.085867859423161 ], [ 257751.62364647956565, 7039131.082677269354463 ], [ 257756.626837069517933, 7039131.082677269354463 ], [ 257756.626837069517933, 7039091.057152549736202 ], [ 257761.630027659441112, 7039091.057152549736202 ], [ 257761.630027659441112, 7039081.050771369598806 ], [ 257766.633218249393394, 7039081.050771369598806 ], [ 257766.633218249393394, 7039076.047580779530108 ], [ 257781.642790019250242, 7039076.047580779530108 ], [ 257781.642790019250242, 7039081.050771369598806 ], [ 257791.649171199125703, 7039081.050771369598806 ], [ 257791.649171199125703, 7039086.053961959667504 ], [ 257796.652361789077986, 7039086.053961959667504 ], [ 257796.652361789077986, 7039091.057152549736202 ], [ 257801.655552379030269, 7039091.057152549736202 ], [ 257801.655552379030269, 7039111.069914909079671 ], [ 257811.661933558934834, 7039111.069914909079671 ], [ 257811.661933558934834, 7039106.066724319942296 ], [ 257816.665124148858013, 7039106.066724319942296 ], [ 257816.665124148858013, 7039111.069914909079671 ], [ 257821.668314738810295, 7039111.069914909079671 ], [ 257821.668314738810295, 7039136.085867859423161 ], [ 257826.671505328762578, 7039136.085867859423161 ], [ 257826.671505328762578, 7039146.092249039560556 ], [ 257831.67469591871486, 7039146.092249039560556 ], [ 257831.67469591871486, 7039156.09863021876663 ], [ 257836.677886508667143, 7039156.09863021876663 ], [ 257836.677886508667143, 7039141.089058449491858 ], [ 257831.67469591871486, 7039141.089058449491858 ], [ 257831.67469591871486, 7039111.069914909079671 ], [ 257826.671505328762578, 7039111.069914909079671 ], [ 257826.671505328762578, 7039101.063533729873598 ], [ 257821.668314738810295, 7039101.063533729873598 ], [ 257821.668314738810295, 7039096.0603431398049 ], [ 257811.661933558934834, 7039096.0603431398049 ], [ 257811.661933558934834, 7039076.047580779530108 ], [ 257806.658742968982551, 7039076.047580779530108 ], [ 257806.658742968982551, 7039071.04439018946141 ], [ 257801.655552379030269, 7039071.04439018946141 ], [ 257801.655552379030269, 7039066.041199600324035 ], [ 257796.652361789077986, 7039066.041199600324035 ], [ 257796.652361789077986, 7039061.038009010255337 ], [ 257791.649171199125703, 7039061.038009010255337 ], [ 257791.649171199125703, 7039056.034818420186639 ], [ 257786.645980609173421, 7039056.034818420186639 ], [ 257786.645980609173421, 7039051.031627830117941 ], [ 257781.642790019250242, 7039051.031627830117941 ], [ 257781.642790019250242, 7039041.025246649980545 ], [ 257776.639599429297959, 7039041.025246649980545 ], [ 257776.639599429297959, 7039011.00610311049968 ], [ 257771.636408839345677, 7039011.00610311049968 ], [ 257771.636408839345677, 7038965.977387800812721 ], [ 257776.639599429297959, 7038965.977387800812721 ], [ 257776.639599429297959, 7038955.971006620675325 ], [ 257781.642790019250242, 7038955.971006620675325 ], [ 257781.642790019250242, 7038950.96781603153795 ], [ 257786.645980609173421, 7038950.96781603153795 ], [ 257786.645980609173421, 7038945.964625441469252 ], [ 257826.671505328762578, 7038945.964625441469252 ], [ 257826.671505328762578, 7038950.96781603153795 ], [ 257836.677886508667143, 7038950.96781603153795 ], [ 257836.677886508667143, 7038945.964625441469252 ], [ 257841.681077098590322, 7038945.964625441469252 ], [ 257841.681077098590322, 7038940.961434851400554 ], [ 257836.677886508667143, 7038940.961434851400554 ], [ 257836.677886508667143, 7038925.95186308119446 ], [ 257831.67469591871486, 7038925.95186308119446 ], [ 257831.67469591871486, 7038920.948672491125762 ], [ 257826.671505328762578, 7038920.948672491125762 ], [ 257826.671505328762578, 7038915.945481901988387 ], [ 257821.668314738810295, 7038915.945481901988387 ], [ 257821.668314738810295, 7038900.935910131782293 ], [ 257816.665124148858013, 7038900.935910131782293 ], [ 257816.665124148858013, 7038885.9263383615762 ], [ 257821.668314738810295, 7038885.9263383615762 ], [ 257821.668314738810295, 7038875.919957182370126 ], [ 257826.671505328762578, 7038875.919957182370126 ], [ 257826.671505328762578, 7038870.916766592301428 ], [ 257831.67469591871486, 7038870.916766592301428 ], [ 257831.67469591871486, 7038865.91357600223273 ], [ 257836.677886508667143, 7038865.91357600223273 ], [ 257836.677886508667143, 7038860.910385412164032 ], [ 257846.684267688542604, 7038860.910385412164032 ], [ 257846.684267688542604, 7038855.907194822095335 ], [ 257871.700220638274914, 7038855.907194822095335 ], [ 257871.700220638274914, 7038850.904004232026637 ], [ 257896.716173588007223, 7038850.904004232026637 ], [ 257896.716173588007223, 7038845.900813641957939 ], [ 257901.719364177959505, 7038845.900813641957939 ], [ 257901.719364177959505, 7038840.897623051889241 ], [ 257906.722554767911788, 7038840.897623051889241 ], [ 257906.722554767911788, 7038835.894432462751865 ], [ 257911.725745357864071, 7038835.894432462751865 ], [ 257911.725745357864071, 7038830.891241872683167 ], [ 257921.732126537768636, 7038830.891241872683167 ], [ 257921.732126537768636, 7038825.88805128261447 ], [ 257931.738507717644097, 7038825.88805128261447 ], [ 257931.738507717644097, 7038830.891241872683167 ], [ 257936.74169830759638, 7038830.891241872683167 ], [ 257936.74169830759638, 7038835.894432462751865 ], [ 257941.744888897548662, 7038835.894432462751865 ], [ 257941.744888897548662, 7038845.900813641957939 ], [ 257946.748079487500945, 7038845.900813641957939 ], [ 257946.748079487500945, 7038850.904004232026637 ], [ 257951.751270077424124, 7038850.904004232026637 ], [ 257951.751270077424124, 7038855.907194822095335 ], [ 257956.754460667376406, 7038855.907194822095335 ], [ 257956.754460667376406, 7038860.910385412164032 ], [ 257966.760841847280972, 7038860.910385412164032 ], [ 257966.760841847280972, 7038865.91357600223273 ], [ 257996.779985386965564, 7038865.91357600223273 ], [ 257996.779985386965564, 7038875.919957182370126 ], [ 258001.783175976917846, 7038875.919957182370126 ], [ 258001.783175976917846, 7038885.9263383615762 ], [ 258006.786366566841025, 7038885.9263383615762 ], [ 258006.786366566841025, 7038900.935910131782293 ], [ 258011.789557156793308, 7038900.935910131782293 ], [ 258011.789557156793308, 7038915.945481901988387 ], [ 258016.79274774674559, 7038915.945481901988387 ], [ 258016.79274774674559, 7038925.95186308119446 ], [ 258011.789557156793308, 7038925.95186308119446 ], [ 258011.789557156793308, 7038945.964625441469252 ], [ 258016.79274774674559, 7038945.964625441469252 ], [ 258016.79274774674559, 7038950.96781603153795 ], [ 258021.795938336697873, 7038950.96781603153795 ], [ 258021.795938336697873, 7038945.964625441469252 ], [ 258026.799128926650155, 7038945.964625441469252 ], [ 258026.799128926650155, 7038940.961434851400554 ], [ 258031.802319516602438, 7038940.961434851400554 ], [ 258031.802319516602438, 7038935.958244261331856 ], [ 258036.805510106525617, 7038935.958244261331856 ], [ 258036.805510106525617, 7038930.955053671263158 ], [ 258041.808700696477899, 7038930.955053671263158 ], [ 258041.808700696477899, 7038925.95186308119446 ], [ 258046.811891286430182, 7038925.95186308119446 ], [ 258046.811891286430182, 7038920.948672491125762 ], [ 258051.815081876382465, 7038920.948672491125762 ], [ 258051.815081876382465, 7038890.929528951644897 ], [ 258061.821463056257926, 7038890.929528951644897 ], [ 258061.821463056257926, 7038880.923147771507502 ], [ 258056.818272466334747, 7038880.923147771507502 ], [ 258056.818272466334747, 7038870.916766592301428 ], [ 258061.821463056257926, 7038870.916766592301428 ], [ 258061.821463056257926, 7038860.910385412164032 ], [ 258066.824653646210209, 7038860.910385412164032 ], [ 258066.824653646210209, 7038845.900813641957939 ], [ 258071.827844236162491, 7038845.900813641957939 ], [ 258071.827844236162491, 7038840.897623051889241 ], [ 258081.834225416067056, 7038840.897623051889241 ], [ 258081.834225416067056, 7038835.894432462751865 ], [ 258106.850178365799366, 7038835.894432462751865 ], [ 258106.850178365799366, 7038830.891241872683167 ], [ 258156.882084265263984, 7038830.891241872683167 ], [ 258156.882084265263984, 7038835.894432462751865 ], [ 258166.888465445168549, 7038835.894432462751865 ], [ 258166.888465445168549, 7038840.897623051889241 ], [ 258236.933133704413194, 7038840.897623051889241 ], [ 258236.933133704413194, 7038845.900813641957939 ], [ 258256.945896064193221, 7038845.900813641957939 ], [ 258256.945896064193221, 7038850.904004232026637 ], [ 258271.955467834050069, 7038850.904004232026637 ], [ 258271.955467834050069, 7038855.907194822095335 ], [ 258281.96184901392553, 7038855.907194822095335 ], [ 258281.96184901392553, 7038860.910385412164032 ], [ 258286.965039603877813, 7038860.910385412164032 ], [ 258286.965039603877813, 7038865.91357600223273 ], [ 258291.968230193830095, 7038865.91357600223273 ], [ 258291.968230193830095, 7038870.916766592301428 ], [ 258301.97461137373466, 7038870.916766592301428 ], [ 258301.97461137373466, 7038880.923147771507502 ], [ 258306.977801963686943, 7038880.923147771507502 ], [ 258306.977801963686943, 7038890.929528951644897 ], [ 258311.980992553610122, 7038890.929528951644897 ], [ 258311.980992553610122, 7038855.907194822095335 ], [ 258306.977801963686943, 7038855.907194822095335 ], [ 258306.977801963686943, 7038850.904004232026637 ], [ 258301.97461137373466, 7038850.904004232026637 ], [ 258301.97461137373466, 7038845.900813641957939 ], [ 258296.971420783782378, 7038845.900813641957939 ], [ 258296.971420783782378, 7038840.897623051889241 ], [ 258291.968230193830095, 7038840.897623051889241 ], [ 258291.968230193830095, 7038835.894432462751865 ], [ 258281.96184901392553, 7038835.894432462751865 ], [ 258281.96184901392553, 7038830.891241872683167 ], [ 258276.958658424002351, 7038830.891241872683167 ], [ 258276.958658424002351, 7038825.88805128261447 ], [ 258266.952277244097786, 7038825.88805128261447 ], [ 258266.952277244097786, 7038820.884860692545772 ], [ 258251.942705474270042, 7038820.884860692545772 ], [ 258251.942705474270042, 7038815.881670102477074 ], [ 258236.933133704413194, 7038815.881670102477074 ], [ 258236.933133704413194, 7038810.878479512408376 ], [ 258206.913990164728602, 7038810.878479512408376 ], [ 258206.913990164728602, 7038805.875288922339678 ], [ 258191.904418394900858, 7038805.875288922339678 ], [ 258191.904418394900858, 7038800.872098333202302 ], [ 258181.898037214996293, 7038800.872098333202302 ], [ 258181.898037214996293, 7038805.875288922339678 ], [ 258171.891656035091728, 7038805.875288922339678 ], [ 258171.891656035091728, 7038800.872098333202302 ], [ 258161.885274855216267, 7038800.872098333202302 ], [ 258161.885274855216267, 7038795.868907743133605 ], [ 258156.882084265263984, 7038795.868907743133605 ], [ 258156.882084265263984, 7038790.865717153064907 ], [ 258146.875703085359419, 7038790.865717153064907 ], [ 258146.875703085359419, 7038785.862526562996209 ], [ 258141.87251249543624, 7038785.862526562996209 ], [ 258141.87251249543624, 7038770.852954792790115 ], [ 258146.875703085359419, 7038770.852954792790115 ], [ 258146.875703085359419, 7038765.849764202721417 ], [ 258151.878893675311701, 7038765.849764202721417 ], [ 258151.878893675311701, 7038760.846573613584042 ], [ 258146.875703085359419, 7038760.846573613584042 ], [ 258146.875703085359419, 7038755.843383023515344 ], [ 258116.856559545674827, 7038755.843383023515344 ], [ 258116.856559545674827, 7038760.846573613584042 ], [ 258111.853368955751648, 7038760.846573613584042 ], [ 258111.853368955751648, 7038765.849764202721417 ], [ 258106.850178365799366, 7038765.849764202721417 ], [ 258106.850178365799366, 7038770.852954792790115 ], [ 258101.846987775847083, 7038770.852954792790115 ], [ 258101.846987775847083, 7038780.859335972927511 ], [ 258091.840606595942518, 7038780.859335972927511 ], [ 258091.840606595942518, 7038755.843383023515344 ], [ 258096.8437971858948, 7038755.843383023515344 ], [ 258096.8437971858948, 7038750.840192433446646 ], [ 258106.850178365799366, 7038750.840192433446646 ], [ 258106.850178365799366, 7038745.837001843377948 ], [ 258116.856559545674827, 7038745.837001843377948 ], [ 258116.856559545674827, 7038735.830620663240552 ], [ 258121.85975013562711, 7038735.830620663240552 ], [ 258121.85975013562711, 7038730.827430073171854 ], [ 258126.862940725579392, 7038730.827430073171854 ], [ 258126.862940725579392, 7038720.821048893965781 ], [ 258131.866131315531675, 7038720.821048893965781 ], [ 258131.866131315531675, 7038715.817858303897083 ], [ 258216.920371344633168, 7038715.817858303897083 ], [ 258216.920371344633168, 7038720.821048893965781 ], [ 258241.936324294365477, 7038720.821048893965781 ], [ 258241.936324294365477, 7038725.824239483103156 ], [ 258261.949086654145503, 7038725.824239483103156 ], [ 258261.949086654145503, 7038730.827430073171854 ], [ 258276.958658424002351, 7038730.827430073171854 ], [ 258276.958658424002351, 7038735.830620663240552 ], [ 258286.965039603877813, 7038735.830620663240552 ], [ 258286.965039603877813, 7038740.83381125330925 ], [ 258296.971420783782378, 7038740.83381125330925 ], [ 258296.971420783782378, 7038745.837001843377948 ], [ 258306.977801963686943, 7038745.837001843377948 ], [ 258306.977801963686943, 7038750.840192433446646 ], [ 258316.984183143562404, 7038750.840192433446646 ], [ 258316.984183143562404, 7038755.843383023515344 ], [ 258326.99056432346697, 7038755.843383023515344 ], [ 258326.99056432346697, 7038760.846573613584042 ], [ 258347.003326683246996, 7038760.846573613584042 ], [ 258347.003326683246996, 7038765.849764202721417 ], [ 258357.009707863151561, 7038765.849764202721417 ], [ 258357.009707863151561, 7038770.852954792790115 ], [ 258367.016089043027023, 7038770.852954792790115 ], [ 258367.016089043027023, 7038775.856145382858813 ], [ 258372.019279632979305, 7038775.856145382858813 ], [ 258372.019279632979305, 7038780.859335972927511 ], [ 258377.022470222931588, 7038780.859335972927511 ], [ 258377.022470222931588, 7038765.849764202721417 ], [ 258387.028851402836153, 7038765.849764202721417 ], [ 258387.028851402836153, 7038780.859335972927511 ], [ 258392.032041992759332, 7038780.859335972927511 ], [ 258392.032041992759332, 7038785.862526562996209 ], [ 258397.035232582711615, 7038785.862526562996209 ], [ 258397.035232582711615, 7038780.859335972927511 ], [ 258402.038423172663897, 7038780.859335972927511 ], [ 258402.038423172663897, 7038765.849764202721417 ], [ 258407.04161376261618, 7038765.849764202721417 ], [ 258407.04161376261618, 7038710.814667713828385 ], [ 258412.044804352568462, 7038710.814667713828385 ], [ 258412.044804352568462, 7038685.798714764416218 ], [ 258417.047994942520745, 7038685.798714764416218 ], [ 258417.047994942520745, 7038680.79552417434752 ], [ 258422.051185532443924, 7038680.79552417434752 ], [ 258422.051185532443924, 7038675.792333584278822 ], [ 258427.054376122396206, 7038675.792333584278822 ], [ 258427.054376122396206, 7038665.785952404141426 ], [ 258447.067138482176233, 7038665.785952404141426 ], [ 258447.067138482176233, 7038660.782761814072728 ], [ 258442.063947892253054, 7038660.782761814072728 ], [ 258442.063947892253054, 7038640.769999454729259 ], [ 258447.067138482176233, 7038640.769999454729259 ], [ 258447.067138482176233, 7038645.773190044797957 ], [ 258452.070329072128516, 7038645.773190044797957 ], [ 258452.070329072128516, 7038650.776380633935332 ], [ 258462.076710252033081, 7038650.776380633935332 ], [ 258462.076710252033081, 7038645.773190044797957 ], [ 258457.073519662080798, 7038645.773190044797957 ], [ 258457.073519662080798, 7038640.769999454729259 ], [ 258452.070329072128516, 7038640.769999454729259 ], [ 258452.070329072128516, 7038635.766808864660561 ], [ 258462.076710252033081, 7038635.766808864660561 ], [ 258462.076710252033081, 7038640.769999454729259 ], [ 258467.079900841985364, 7038640.769999454729259 ], [ 258467.079900841985364, 7038645.773190044797957 ], [ 258497.099044381669955, 7038645.773190044797957 ], [ 258497.099044381669955, 7038640.769999454729259 ], [ 258507.105425561545417, 7038640.769999454729259 ], [ 258507.105425561545417, 7038645.773190044797957 ], [ 258522.114997331402265, 7038645.773190044797957 ], [ 258522.114997331402265, 7038640.769999454729259 ], [ 258527.118187921354547, 7038640.769999454729259 ], [ 258527.118187921354547, 7038630.763618274591863 ], [ 258532.121378511277726, 7038630.763618274591863 ], [ 258532.121378511277726, 7038625.760427684523165 ], [ 258542.127759691182291, 7038625.760427684523165 ], [ 258542.127759691182291, 7038605.747665325179696 ], [ 258537.124569101230009, 7038605.747665325179696 ], [ 258537.124569101230009, 7038595.7412841450423 ], [ 258532.121378511277726, 7038595.7412841450423 ], [ 258532.121378511277726, 7038580.731712374836206 ], [ 258527.118187921354547, 7038580.731712374836206 ], [ 258527.118187921354547, 7038560.718950015492737 ], [ 258522.114997331402265, 7038560.718950015492737 ], [ 258522.114997331402265, 7038540.706187655217946 ], [ 258517.111806741449982, 7038540.706187655217946 ], [ 258517.111806741449982, 7038530.699806476011872 ], [ 258512.108616151497699, 7038530.699806476011872 ], [ 258512.108616151497699, 7038520.693425295874476 ], [ 258507.105425561545417, 7038520.693425295874476 ], [ 258507.105425561545417, 7038515.690234705805779 ], [ 258502.102234971593134, 7038515.690234705805779 ], [ 258502.102234971593134, 7038510.687044115737081 ], [ 258497.099044381669955, 7038510.687044115737081 ], [ 258497.099044381669955, 7038505.683853525668383 ], [ 258492.095853791717673, 7038505.683853525668383 ], [ 258492.095853791717673, 7038495.677472346462309 ], [ 258487.09266320176539, 7038495.677472346462309 ], [ 258487.09266320176539, 7038490.674281756393611 ], [ 258482.089472611813108, 7038490.674281756393611 ], [ 258482.089472611813108, 7038450.648757036775351 ], [ 258487.09266320176539, 7038450.648757036775351 ], [ 258487.09266320176539, 7038445.645566446706653 ], [ 258492.095853791717673, 7038445.645566446706653 ], [ 258492.095853791717673, 7038440.642375856637955 ], [ 258497.099044381669955, 7038440.642375856637955 ], [ 258497.099044381669955, 7038435.639185266569257 ], [ 258502.102234971593134, 7038435.639185266569257 ], [ 258502.102234971593134, 7038430.635994676500559 ], [ 258507.105425561545417, 7038430.635994676500559 ], [ 258507.105425561545417, 7038425.632804086431861 ], [ 258512.108616151497699, 7038425.632804086431861 ], [ 258512.108616151497699, 7038420.629613496363163 ], [ 258517.111806741449982, 7038420.629613496363163 ], [ 258517.111806741449982, 7038415.626422907225788 ], [ 258522.114997331402265, 7038415.626422907225788 ], [ 258522.114997331402265, 7038410.62323231715709 ], [ 258527.118187921354547, 7038410.62323231715709 ], [ 258527.118187921354547, 7038405.620041727088392 ], [ 258532.121378511277726, 7038405.620041727088392 ], [ 258532.121378511277726, 7038400.616851137019694 ], [ 258537.124569101230009, 7038400.616851137019694 ], [ 258537.124569101230009, 7038395.613660546950996 ], [ 258542.127759691182291, 7038395.613660546950996 ], [ 258542.127759691182291, 7038390.610469956882298 ], [ 258547.130950281134574, 7038390.610469956882298 ], [ 258547.130950281134574, 7038385.6072793668136 ], [ 258552.134140871086856, 7038385.6072793668136 ], [ 258552.134140871086856, 7038380.604088777676225 ], [ 258557.137331461010035, 7038380.604088777676225 ], [ 258557.137331461010035, 7038375.600898187607527 ], [ 258562.140522050962318, 7038375.600898187607527 ], [ 258562.140522050962318, 7038370.597707597538829 ], [ 258567.1437126409146, 7038370.597707597538829 ], [ 258567.1437126409146, 7038355.588135827332735 ], [ 258572.146903230866883, 7038355.588135827332735 ], [ 258572.146903230866883, 7038340.578564058057964 ], [ 258577.150093820819166, 7038340.578564058057964 ], [ 258577.150093820819166, 7038325.56899228785187 ], [ 258582.153284410771448, 7038325.56899228785187 ], [ 258582.153284410771448, 7038300.553039338439703 ], [ 258587.156475000694627, 7038300.553039338439703 ], [ 258587.156475000694627, 7038285.543467568233609 ], [ 258592.15966559064691, 7038285.543467568233609 ], [ 258592.15966559064691, 7038255.524324028752744 ], [ 258597.162856180599192, 7038255.524324028752744 ], [ 258597.162856180599192, 7038235.511561668477952 ], [ 258602.166046770551475, 7038235.511561668477952 ], [ 258602.166046770551475, 7038205.492418128997087 ], [ 258597.162856180599192, 7038205.492418128997087 ], [ 258597.162856180599192, 7038165.466893409378827 ], [ 258592.15966559064691, 7038165.466893409378827 ], [ 258592.15966559064691, 7038140.45094045996666 ], [ 258587.156475000694627, 7038140.45094045996666 ], [ 258587.156475000694627, 7038115.43498750962317 ], [ 258582.153284410771448, 7038115.43498750962317 ], [ 258582.153284410771448, 7038110.431796920485795 ], [ 258547.130950281134574, 7038110.431796920485795 ], [ 258547.130950281134574, 7038100.425415740348399 ], [ 258542.127759691182291, 7038100.425415740348399 ], [ 258542.127759691182291, 7038090.419034560211003 ], [ 258547.130950281134574, 7038090.419034560211003 ], [ 258547.130950281134574, 7038085.415843970142305 ], [ 258552.134140871086856, 7038085.415843970142305 ], [ 258552.134140871086856, 7038075.409462790004909 ], [ 258562.140522050962318, 7038075.409462790004909 ], [ 258562.140522050962318, 7038070.406272200867534 ], [ 258587.156475000694627, 7038070.406272200867534 ], [ 258587.156475000694627, 7038065.403081610798836 ], [ 258592.15966559064691, 7038065.403081610798836 ], [ 258592.15966559064691, 7038055.39670043066144 ], [ 258597.162856180599192, 7038055.39670043066144 ], [ 258597.162856180599192, 7038045.390319250524044 ], [ 258602.166046770551475, 7038045.390319250524044 ], [ 258602.166046770551475, 7038040.387128660455346 ], [ 258607.169237360503757, 7038040.387128660455346 ], [ 258607.169237360503757, 7038030.380747481249273 ], [ 258612.172427950426936, 7038030.380747481249273 ], [ 258612.172427950426936, 7038015.371175711043179 ], [ 258607.169237360503757, 7038015.371175711043179 ], [ 258607.169237360503757, 7038005.364794530905783 ], [ 258602.166046770551475, 7038005.364794530905783 ], [ 258602.166046770551475, 7037970.34246040135622 ], [ 258597.162856180599192, 7037970.34246040135622 ], [ 258597.162856180599192, 7037950.329698042012751 ], [ 258592.15966559064691, 7037950.329698042012751 ], [ 258592.15966559064691, 7037945.326507451944053 ], [ 258597.162856180599192, 7037945.326507451944053 ], [ 258597.162856180599192, 7037915.307363912463188 ], [ 258602.166046770551475, 7037915.307363912463188 ], [ 258602.166046770551475, 7037895.294601552188396 ], [ 258607.169237360503757, 7037895.294601552188396 ], [ 258607.169237360503757, 7037880.285029782913625 ], [ 258612.172427950426936, 7037880.285029782913625 ], [ 258612.172427950426936, 7037870.278648602776229 ], [ 258617.175618540379219, 7037870.278648602776229 ], [ 258617.175618540379219, 7037855.269076832570136 ], [ 258622.178809130331501, 7037855.269076832570136 ], [ 258622.178809130331501, 7037850.265886242501438 ], [ 258627.181999720283784, 7037850.265886242501438 ], [ 258627.181999720283784, 7037845.26269565243274 ], [ 258632.185190310236067, 7037845.26269565243274 ], [ 258632.185190310236067, 7037825.249933293089271 ], [ 258627.181999720283784, 7037825.249933293089271 ], [ 258627.181999720283784, 7037805.237170933745801 ], [ 258632.185190310236067, 7037805.237170933745801 ], [ 258632.185190310236067, 7037785.22440857347101 ], [ 258637.188380900188349, 7037785.22440857347101 ], [ 258637.188380900188349, 7037780.221217983402312 ], [ 258642.191571490111528, 7037780.221217983402312 ], [ 258642.191571490111528, 7037770.214836803264916 ], [ 258647.194762080063811, 7037770.214836803264916 ], [ 258647.194762080063811, 7037760.208455624058843 ], [ 258652.197952670016093, 7037760.208455624058843 ], [ 258652.197952670016093, 7037755.205265033990145 ], [ 258657.201143259968376, 7037755.205265033990145 ], [ 258657.201143259968376, 7037750.202074443921447 ], [ 258662.204333849920658, 7037750.202074443921447 ], [ 258662.204333849920658, 7037735.192502673715353 ], [ 258667.207524439843837, 7037735.192502673715353 ], [ 258667.207524439843837, 7037715.179740314371884 ], [ 258662.204333849920658, 7037715.179740314371884 ], [ 258662.204333849920658, 7037695.166977954097092 ], [ 258667.207524439843837, 7037695.166977954097092 ], [ 258667.207524439843837, 7037680.157406184822321 ], [ 258672.21071502979612, 7037680.157406184822321 ], [ 258672.21071502979612, 7037675.154215594753623 ], [ 258677.213905619748402, 7037675.154215594753623 ], [ 258677.213905619748402, 7037665.147834414616227 ], [ 258707.233049159432994, 7037665.147834414616227 ], [ 258707.233049159432994, 7037660.144643824547529 ], [ 258717.239430339337559, 7037660.144643824547529 ], [ 258717.239430339337559, 7037655.141453234478831 ], [ 258722.242620929260738, 7037655.141453234478831 ], [ 258722.242620929260738, 7037650.138262645341456 ], [ 258732.249002109165303, 7037650.138262645341456 ], [ 258732.249002109165303, 7037645.135072055272758 ], [ 258737.252192699117586, 7037645.135072055272758 ], [ 258737.252192699117586, 7037640.13188146520406 ], [ 258747.258573879022151, 7037640.13188146520406 ], [ 258747.258573879022151, 7037635.128690875135362 ], [ 258757.264955058897613, 7037635.128690875135362 ], [ 258757.264955058897613, 7037630.125500285066664 ], [ 258762.268145648849895, 7037630.125500285066664 ], [ 258762.268145648849895, 7037625.122309694997966 ], [ 258767.271336238802178, 7037625.122309694997966 ], [ 258767.271336238802178, 7037620.119119104929268 ], [ 258772.27452682875446, 7037620.119119104929268 ], [ 258772.27452682875446, 7037615.115928515791893 ], [ 258777.277717418677639, 7037615.115928515791893 ], [ 258777.277717418677639, 7037610.112737925723195 ], [ 258787.284098598582204, 7037610.112737925723195 ], [ 258787.284098598582204, 7037605.109547335654497 ], [ 258792.287289188534487, 7037605.109547335654497 ], [ 258792.287289188534487, 7037600.106356745585799 ], [ 258797.29047977848677, 7037600.106356745585799 ], [ 258797.29047977848677, 7037595.103166155517101 ], [ 258802.293670368439052, 7037595.103166155517101 ], [ 258802.293670368439052, 7037585.096784975379705 ], [ 258807.296860958362231, 7037585.096784975379705 ], [ 258807.296860958362231, 7037555.07764143589884 ], [ 258812.300051548314514, 7037555.07764143589884 ], [ 258812.300051548314514, 7037550.074450845830142 ], [ 258822.306432728219079, 7037550.074450845830142 ], [ 258822.306432728219079, 7037545.071260255761445 ], [ 258827.309623318171361, 7037545.071260255761445 ], [ 258827.309623318171361, 7037540.068069665692747 ], [ 258832.31281390809454, 7037540.068069665692747 ], [ 258832.31281390809454, 7037535.064879076555371 ], [ 258837.316004498046823, 7037535.064879076555371 ], [ 258837.316004498046823, 7037525.058497896417975 ], [ 258842.319195087999105, 7037525.058497896417975 ], [ 258842.319195087999105, 7037515.05211671628058 ], [ 258847.322385677951388, 7037515.05211671628058 ], [ 258847.322385677951388, 7037505.045735536143184 ], [ 258852.325576267903671, 7037505.045735536143184 ], [ 258852.325576267903671, 7037500.042544947005808 ], [ 258857.328766857855953, 7037500.042544947005808 ], [ 258857.328766857855953, 7037490.036163766868412 ], [ 258862.331957447779132, 7037490.036163766868412 ], [ 258862.331957447779132, 7037485.032973176799715 ], [ 258867.335148037731415, 7037485.032973176799715 ], [ 258867.335148037731415, 7037480.029782586731017 ], [ 258872.338338627683697, 7037480.029782586731017 ], [ 258872.338338627683697, 7037470.023401406593621 ], [ 258877.34152921763598, 7037470.023401406593621 ], [ 258877.34152921763598, 7037465.020210816524923 ], [ 258882.344719807588262, 7037465.020210816524923 ], [ 258882.344719807588262, 7037460.017020227387547 ], [ 258887.347910397511441, 7037460.017020227387547 ], [ 258887.347910397511441, 7037450.010639047250152 ], [ 258882.344719807588262, 7037450.010639047250152 ], [ 258882.344719807588262, 7037424.994686096906662 ], [ 258887.347910397511441, 7037424.994686096906662 ], [ 258887.347910397511441, 7037414.988304917700589 ], [ 258892.351100987463724, 7037414.988304917700589 ], [ 258892.351100987463724, 7037409.985114327631891 ], [ 258897.354291577416006, 7037409.985114327631891 ], [ 258897.354291577416006, 7037404.981923737563193 ], [ 258902.357482167368289, 7037404.981923737563193 ], [ 258902.357482167368289, 7037399.978733147494495 ], [ 258907.360672757320572, 7037399.978733147494495 ], [ 258907.360672757320572, 7037394.975542557425797 ], [ 258912.363863347272854, 7037394.975542557425797 ], [ 258912.363863347272854, 7037389.972351967357099 ], [ 258917.367053937196033, 7037389.972351967357099 ], [ 258917.367053937196033, 7037384.969161378219724 ], [ 258922.370244527148316, 7037384.969161378219724 ], [ 258922.370244527148316, 7037374.962780198082328 ], [ 258927.373435117100598, 7037374.962780198082328 ], [ 258927.373435117100598, 7037369.95958960801363 ], [ 258932.376625707052881, 7037369.95958960801363 ], [ 258932.376625707052881, 7037359.953208427876234 ], [ 258937.379816297005164, 7037359.953208427876234 ], [ 258937.379816297005164, 7037349.946827247738838 ], [ 258927.373435117100598, 7037349.946827247738838 ], [ 258927.373435117100598, 7037334.937255478464067 ], [ 258922.370244527148316, 7037334.937255478464067 ], [ 258922.370244527148316, 7037329.934064888395369 ], [ 258927.373435117100598, 7037329.934064888395369 ], [ 258927.373435117100598, 7037309.921302528120577 ], [ 258932.376625707052881, 7037309.921302528120577 ], [ 258932.376625707052881, 7037299.914921348914504 ], [ 258942.383006886928342, 7037299.914921348914504 ], [ 258942.383006886928342, 7037294.911730758845806 ], [ 258947.386197476880625, 7037294.911730758845806 ], [ 258947.386197476880625, 7037299.914921348914504 ], [ 258982.408531606517499, 7037299.914921348914504 ], [ 258982.408531606517499, 7037294.911730758845806 ], [ 258987.411722196469782, 7037294.911730758845806 ], [ 258987.411722196469782, 7037289.908540168777108 ], [ 258997.418103376345243, 7037289.908540168777108 ], [ 258997.418103376345243, 7037294.911730758845806 ], [ 259002.421293966297526, 7037294.911730758845806 ], [ 259002.421293966297526, 7037284.90534957870841 ], [ 258992.414912786422065, 7037284.90534957870841 ], [ 258992.414912786422065, 7037279.902158988639712 ], [ 258942.383006886928342, 7037279.902158988639712 ], [ 258942.383006886928342, 7037274.898968398571014 ], [ 258932.376625707052881, 7037274.898968398571014 ], [ 258932.376625707052881, 7037269.895777809433639 ], [ 258897.354291577416006, 7037269.895777809433639 ], [ 258897.354291577416006, 7037264.892587219364941 ], [ 258892.351100987463724, 7037264.892587219364941 ], [ 258892.351100987463724, 7037259.889396629296243 ], [ 258887.347910397511441, 7037259.889396629296243 ], [ 258887.347910397511441, 7037229.870253089815378 ], [ 258892.351100987463724, 7037229.870253089815378 ], [ 258892.351100987463724, 7037219.863871909677982 ], [ 258897.354291577416006, 7037219.863871909677982 ], [ 258897.354291577416006, 7037209.857490729540586 ], [ 258902.357482167368289, 7037209.857490729540586 ], [ 258902.357482167368289, 7037204.854300139471889 ], [ 258907.360672757320572, 7037204.854300139471889 ], [ 258907.360672757320572, 7037199.851109549403191 ], [ 258912.363863347272854, 7037199.851109549403191 ], [ 258912.363863347272854, 7037194.847918959334493 ], [ 258922.370244527148316, 7037194.847918959334493 ], [ 258922.370244527148316, 7037189.844728370197117 ], [ 258927.373435117100598, 7037189.844728370197117 ], [ 258927.373435117100598, 7037174.835156599991024 ], [ 258922.370244527148316, 7037174.835156599991024 ], [ 258922.370244527148316, 7037154.822394240647554 ], [ 258927.373435117100598, 7037154.822394240647554 ], [ 258927.373435117100598, 7037149.819203650578856 ], [ 258932.376625707052881, 7037149.819203650578856 ], [ 258932.376625707052881, 7037144.816013060510159 ], [ 258937.379816297005164, 7037144.816013060510159 ], [ 258937.379816297005164, 7037134.809631880372763 ], [ 258942.383006886928342, 7037134.809631880372763 ], [ 258942.383006886928342, 7037129.806441290304065 ], [ 258947.386197476880625, 7037129.806441290304065 ], [ 258947.386197476880625, 7037124.803250700235367 ], [ 258952.389388066832907, 7037124.803250700235367 ], [ 258952.389388066832907, 7037119.800060110166669 ], [ 258962.395769246737473, 7037119.800060110166669 ], [ 258962.395769246737473, 7037114.796869521029294 ], [ 258972.402150426612934, 7037114.796869521029294 ], [ 258972.402150426612934, 7037109.793678930960596 ], [ 258977.405341016565217, 7037109.793678930960596 ], [ 258977.405341016565217, 7037104.790488340891898 ], [ 258987.411722196469782, 7037104.790488340891898 ], [ 258987.411722196469782, 7037099.7872977508232 ], [ 258992.414912786422065, 7037099.7872977508232 ], [ 258992.414912786422065, 7037094.784107160754502 ], [ 258997.418103376345243, 7037094.784107160754502 ], [ 258997.418103376345243, 7037089.780916570685804 ], [ 259002.421293966297526, 7037089.780916570685804 ], [ 259002.421293966297526, 7037084.777725980617106 ], [ 259007.424484556249809, 7037084.777725980617106 ], [ 259007.424484556249809, 7037079.774535390548408 ], [ 259012.427675146202091, 7037079.774535390548408 ], [ 259012.427675146202091, 7037074.771344801411033 ], [ 259017.430865736154374, 7037074.771344801411033 ], [ 259017.430865736154374, 7037069.768154211342335 ], [ 259022.434056326106656, 7037069.768154211342335 ], [ 259022.434056326106656, 7037064.764963621273637 ], [ 259027.437246916029835, 7037064.764963621273637 ], [ 259027.437246916029835, 7037059.761773031204939 ], [ 259032.440437505982118, 7037059.761773031204939 ], [ 259032.440437505982118, 7037054.758582441136241 ], [ 259042.446818685886683, 7037054.758582441136241 ], [ 259042.446818685886683, 7037049.755391851067543 ], [ 259057.456390455714427, 7037049.755391851067543 ], [ 259057.456390455714427, 7037054.758582441136241 ], [ 259082.472343405446736, 7037054.758582441136241 ], [ 259082.472343405446736, 7037049.755391851067543 ], [ 259097.481915175303584, 7037049.755391851067543 ], [ 259097.481915175303584, 7037044.752201260998845 ], [ 259122.497868125035893, 7037044.752201260998845 ], [ 259122.497868125035893, 7037039.74901067186147 ], [ 259127.501058714988176, 7037039.74901067186147 ], [ 259127.501058714988176, 7037034.745820081792772 ], [ 259132.504249304911355, 7037034.745820081792772 ], [ 259132.504249304911355, 7037029.742629491724074 ], [ 259142.51063048481592, 7037029.742629491724074 ], [ 259142.51063048481592, 7037024.739438901655376 ], [ 259157.520202254672768, 7037024.739438901655376 ], [ 259157.520202254672768, 7037019.736248311586678 ], [ 259167.526583434548229, 7037019.736248311586678 ], [ 259167.526583434548229, 7037024.739438901655376 ], [ 259172.529774024500512, 7037024.739438901655376 ], [ 259172.529774024500512, 7037029.742629491724074 ], [ 259177.532964614452794, 7037029.742629491724074 ], [ 259177.532964614452794, 7037034.745820081792772 ], [ 259182.536155204405077, 7037034.745820081792772 ], [ 259182.536155204405077, 7037039.74901067186147 ], [ 259187.539345794328256, 7037039.74901067186147 ], [ 259187.539345794328256, 7037044.752201260998845 ], [ 259192.542536384280538, 7037044.752201260998845 ], [ 259192.542536384280538, 7037049.755391851067543 ], [ 259197.545726974232821, 7037049.755391851067543 ], [ 259197.545726974232821, 7037054.758582441136241 ], [ 259202.548917564185103, 7037054.758582441136241 ], [ 259202.548917564185103, 7037059.761773031204939 ], [ 259207.552108154137386, 7037059.761773031204939 ], [ 259207.552108154137386, 7037064.764963621273637 ], [ 259212.555298744089669, 7037064.764963621273637 ], [ 259212.555298744089669, 7037069.768154211342335 ], [ 259217.558489334012847, 7037069.768154211342335 ], [ 259217.558489334012847, 7037074.771344801411033 ], [ 259222.56167992396513, 7037074.771344801411033 ], [ 259222.56167992396513, 7037079.774535390548408 ], [ 259227.564870513917413, 7037079.774535390548408 ], [ 259227.564870513917413, 7037084.777725980617106 ], [ 259232.568061103869695, 7037084.777725980617106 ], [ 259232.568061103869695, 7037089.780916570685804 ], [ 259237.571251693821978, 7037089.780916570685804 ], [ 259237.571251693821978, 7037094.784107160754502 ], [ 259242.574442283745157, 7037094.784107160754502 ], [ 259242.574442283745157, 7037099.7872977508232 ], [ 259247.577632873697439, 7037099.7872977508232 ], [ 259247.577632873697439, 7037104.790488340891898 ], [ 259252.580823463649722, 7037104.790488340891898 ], [ 259252.580823463649722, 7037109.793678930960596 ], [ 259257.584014053602004, 7037109.793678930960596 ], [ 259257.584014053602004, 7037114.796869521029294 ], [ 259262.587204643554287, 7037114.796869521029294 ], [ 259262.587204643554287, 7037119.800060110166669 ], [ 259267.59039523350657, 7037119.800060110166669 ], [ 259267.59039523350657, 7037124.803250700235367 ], [ 259272.593585823429748, 7037124.803250700235367 ], [ 259272.593585823429748, 7037129.806441290304065 ], [ 259277.596776413382031, 7037129.806441290304065 ], [ 259277.596776413382031, 7037134.809631880372763 ], [ 259282.599967003334314, 7037134.809631880372763 ], [ 259282.599967003334314, 7037139.812822470441461 ], [ 259287.603157593286596, 7037139.812822470441461 ], [ 259287.603157593286596, 7037144.816013060510159 ], [ 259292.606348183238879, 7037144.816013060510159 ], [ 259292.606348183238879, 7037149.819203650578856 ], [ 259297.609538773162058, 7037149.819203650578856 ], [ 259297.609538773162058, 7037154.822394240647554 ], [ 259302.61272936311434, 7037154.822394240647554 ], [ 259302.61272936311434, 7037159.82558482978493 ], [ 259307.615919953066623, 7037159.82558482978493 ], [ 259307.615919953066623, 7037164.828775419853628 ], [ 259312.619110543018905, 7037164.828775419853628 ], [ 259312.619110543018905, 7037169.831966009922326 ], [ 259317.622301132971188, 7037169.831966009922326 ], [ 259317.622301132971188, 7037174.835156599991024 ], [ 259322.625491722923471, 7037174.835156599991024 ], [ 259322.625491722923471, 7037179.838347190059721 ], [ 259327.628682312846649, 7037179.838347190059721 ], [ 259327.628682312846649, 7037184.841537780128419 ], [ 259332.631872902798932, 7037184.841537780128419 ], [ 259332.631872902798932, 7037189.844728370197117 ], [ 259337.635063492751215, 7037189.844728370197117 ], [ 259337.635063492751215, 7037194.847918959334493 ], [ 259342.638254082703497, 7037194.847918959334493 ], [ 259342.638254082703497, 7037199.851109549403191 ], [ 259347.64144467265578, 7037199.851109549403191 ], [ 259347.64144467265578, 7037204.854300139471889 ], [ 259352.644635262578959, 7037204.854300139471889 ], [ 259352.644635262578959, 7037209.857490729540586 ], [ 259357.647825852531241, 7037209.857490729540586 ], [ 259357.647825852531241, 7037214.860681319609284 ], [ 259362.651016442483524, 7037214.860681319609284 ], [ 259362.651016442483524, 7037219.863871909677982 ], [ 259367.654207032435806, 7037219.863871909677982 ], [ 259367.654207032435806, 7037224.86706249974668 ], [ 259372.657397622388089, 7037224.86706249974668 ], [ 259372.657397622388089, 7037229.870253089815378 ], [ 259377.660588212340372, 7037229.870253089815378 ], [ 259377.660588212340372, 7037234.873443678952754 ], [ 259382.66377880226355, 7037234.873443678952754 ], [ 259382.66377880226355, 7037239.876634269021451 ], [ 259387.666969392215833, 7037239.876634269021451 ], [ 259387.666969392215833, 7037244.879824859090149 ], [ 259392.670159982168116, 7037244.879824859090149 ], [ 259392.670159982168116, 7037249.883015449158847 ], [ 259397.673350572120398, 7037249.883015449158847 ], [ 259397.673350572120398, 7037254.886206039227545 ], [ 259402.676541162072681, 7037254.886206039227545 ], [ 259402.676541162072681, 7037259.889396629296243 ], [ 259407.67973175199586, 7037259.889396629296243 ], [ 259407.67973175199586, 7037264.892587219364941 ], [ 259412.682922341948142, 7037264.892587219364941 ], [ 259412.682922341948142, 7037269.895777809433639 ], [ 259417.686112931900425, 7037269.895777809433639 ], [ 259417.686112931900425, 7037274.898968398571014 ], [ 259422.689303521852707, 7037274.898968398571014 ], [ 259422.689303521852707, 7037279.902158988639712 ], [ 259427.69249411180499, 7037279.902158988639712 ], [ 259427.69249411180499, 7037284.90534957870841 ], [ 259432.695684701757273, 7037284.90534957870841 ], [ 259432.695684701757273, 7037289.908540168777108 ], [ 259437.698875291680451, 7037289.908540168777108 ], [ 259437.698875291680451, 7037294.911730758845806 ], [ 259442.702065881632734, 7037294.911730758845806 ], [ 259442.702065881632734, 7037299.914921348914504 ], [ 259447.705256471585017, 7037299.914921348914504 ], [ 259447.705256471585017, 7037304.918111938983202 ], [ 259452.708447061537299, 7037304.918111938983202 ], [ 259452.708447061537299, 7037309.921302528120577 ], [ 259457.711637651489582, 7037309.921302528120577 ], [ 259457.711637651489582, 7037314.924493118189275 ], [ 259462.714828241412761, 7037314.924493118189275 ], [ 259462.714828241412761, 7037319.927683708257973 ], [ 259467.718018831365043, 7037319.927683708257973 ], [ 259467.718018831365043, 7037324.930874298326671 ], [ 259472.721209421317326, 7037324.930874298326671 ], [ 259472.721209421317326, 7037329.934064888395369 ], [ 259477.724400011269609, 7037329.934064888395369 ], [ 259477.724400011269609, 7037334.937255478464067 ], [ 259482.727590601221891, 7037334.937255478464067 ], [ 259482.727590601221891, 7037339.940446068532765 ], [ 259487.730781191174174, 7037339.940446068532765 ], [ 259487.730781191174174, 7037344.943636658601463 ], [ 259492.733971781097353, 7037344.943636658601463 ], [ 259492.733971781097353, 7037349.946827247738838 ], [ 259497.737162371049635, 7037349.946827247738838 ], [ 259497.737162371049635, 7037354.950017837807536 ], [ 259502.740352961001918, 7037354.950017837807536 ], [ 259502.740352961001918, 7037359.953208427876234 ], [ 259507.7435435509542, 7037359.953208427876234 ], [ 259507.7435435509542, 7037364.956399017944932 ], [ 259512.746734140906483, 7037364.956399017944932 ], [ 259512.746734140906483, 7037369.95958960801363 ], [ 259517.749924730829662, 7037369.95958960801363 ], [ 259517.749924730829662, 7037374.962780198082328 ], [ 259522.753115320781944, 7037374.962780198082328 ], [ 259522.753115320781944, 7037379.965970788151026 ], [ 259527.756305910734227, 7037379.965970788151026 ], [ 259527.756305910734227, 7037384.969161378219724 ], [ 259532.75949650068651, 7037384.969161378219724 ], [ 259532.75949650068651, 7037389.972351967357099 ], [ 259537.762687090638792, 7037389.972351967357099 ], [ 259537.762687090638792, 7037394.975542557425797 ], [ 259542.765877680591075, 7037394.975542557425797 ], [ 259542.765877680591075, 7037399.978733147494495 ], [ 259547.769068270514254, 7037399.978733147494495 ], [ 259547.769068270514254, 7037404.981923737563193 ], [ 259552.772258860466536, 7037404.981923737563193 ], [ 259552.772258860466536, 7037409.985114327631891 ], [ 259557.775449450418819, 7037409.985114327631891 ], [ 259557.775449450418819, 7037414.988304917700589 ], [ 259562.778640040371101, 7037414.988304917700589 ], [ 259562.778640040371101, 7037419.991495507769287 ], [ 259567.781830630323384, 7037419.991495507769287 ], [ 259567.781830630323384, 7037424.994686096906662 ], [ 259572.785021220246563, 7037424.994686096906662 ], [ 259572.785021220246563, 7037429.99787668697536 ], [ 259577.788211810198845, 7037429.99787668697536 ], [ 259577.788211810198845, 7037435.001067277044058 ], [ 259582.791402400151128, 7037435.001067277044058 ], [ 259582.791402400151128, 7037440.004257867112756 ], [ 259587.794592990103411, 7037440.004257867112756 ], [ 259587.794592990103411, 7037445.007448457181454 ], [ 259592.797783580055693, 7037445.007448457181454 ], [ 259592.797783580055693, 7037450.010639047250152 ], [ 259597.800974170007976, 7037450.010639047250152 ], [ 259597.800974170007976, 7037455.01382963731885 ], [ 259602.804164759931155, 7037455.01382963731885 ], [ 259602.804164759931155, 7037460.017020227387547 ], [ 259607.807355349883437, 7037460.017020227387547 ], [ 259607.807355349883437, 7037465.020210816524923 ], [ 259612.81054593983572, 7037465.020210816524923 ], [ 259612.81054593983572, 7037470.023401406593621 ], [ 259617.813736529788002, 7037470.023401406593621 ], [ 259617.813736529788002, 7037475.026591996662319 ], [ 259622.816927119740285, 7037475.026591996662319 ], [ 259622.816927119740285, 7037480.029782586731017 ], [ 259627.820117709663464, 7037480.029782586731017 ], [ 259627.820117709663464, 7037485.032973176799715 ], [ 259632.823308299615746, 7037485.032973176799715 ], [ 259632.823308299615746, 7037490.036163766868412 ], [ 259637.826498889568029, 7037490.036163766868412 ], [ 259637.826498889568029, 7037495.03935435693711 ], [ 259642.829689479520312, 7037495.03935435693711 ], [ 259642.829689479520312, 7037500.042544947005808 ], [ 259647.832880069472594, 7037500.042544947005808 ], [ 259647.832880069472594, 7037505.045735536143184 ], [ 259652.836070659424877, 7037505.045735536143184 ], [ 259652.836070659424877, 7037510.048926126211882 ], [ 259657.839261249348056, 7037510.048926126211882 ], [ 259657.839261249348056, 7037515.05211671628058 ], [ 259662.842451839300338, 7037515.05211671628058 ], [ 259662.842451839300338, 7037520.055307306349277 ], [ 259667.845642429252621, 7037520.055307306349277 ], [ 259667.845642429252621, 7037525.058497896417975 ], [ 259672.848833019204903, 7037525.058497896417975 ], [ 259672.848833019204903, 7037530.061688486486673 ], [ 259677.852023609157186, 7037530.061688486486673 ], [ 259677.852023609157186, 7037535.064879076555371 ], [ 259682.855214199080365, 7037535.064879076555371 ], [ 259682.855214199080365, 7037540.068069665692747 ], [ 259687.858404789032647, 7037540.068069665692747 ], [ 259687.858404789032647, 7037545.071260255761445 ], [ 259692.86159537898493, 7037545.071260255761445 ], [ 259692.86159537898493, 7037550.074450845830142 ], [ 259697.864785968937213, 7037550.074450845830142 ], [ 259697.864785968937213, 7037555.07764143589884 ], [ 259702.867976558889495, 7037555.07764143589884 ], [ 259702.867976558889495, 7037560.080832025967538 ], [ 259707.871167148841778, 7037560.080832025967538 ], [ 259707.871167148841778, 7037565.084022616036236 ], [ 259712.874357738764957, 7037565.084022616036236 ], [ 259712.874357738764957, 7037570.087213206104934 ], [ 259717.877548328717239, 7037570.087213206104934 ], [ 259717.877548328717239, 7037575.090403796173632 ], [ 259722.880738918669522, 7037575.090403796173632 ], [ 259722.880738918669522, 7037580.093594385311007 ], [ 259727.883929508621804, 7037580.093594385311007 ], [ 259727.883929508621804, 7037585.096784975379705 ], [ 259732.887120098574087, 7037585.096784975379705 ], [ 259732.887120098574087, 7037590.099975565448403 ], [ 259737.890310688497266, 7037590.099975565448403 ], [ 259737.890310688497266, 7037595.103166155517101 ], [ 259742.893501278449548, 7037595.103166155517101 ], [ 259742.893501278449548, 7037600.106356745585799 ], [ 259747.896691868401831, 7037600.106356745585799 ], [ 259747.896691868401831, 7037605.109547335654497 ], [ 259752.899882458354114, 7037605.109547335654497 ], [ 259752.899882458354114, 7037610.112737925723195 ], [ 259757.903073048306396, 7037610.112737925723195 ], [ 259757.903073048306396, 7037615.115928515791893 ], [ 259762.906263638258679, 7037615.115928515791893 ], [ 259762.906263638258679, 7037620.119119104929268 ], [ 259767.909454228181858, 7037620.119119104929268 ], [ 259767.909454228181858, 7037625.122309694997966 ], [ 259772.91264481813414, 7037625.122309694997966 ], [ 259772.91264481813414, 7037630.125500285066664 ], [ 259777.915835408086423, 7037630.125500285066664 ], [ 259777.915835408086423, 7037635.128690875135362 ], [ 259782.919025998038705, 7037635.128690875135362 ], [ 259782.919025998038705, 7037640.13188146520406 ], [ 259787.922216587990988, 7037640.13188146520406 ], [ 259787.922216587990988, 7037645.135072055272758 ], [ 259792.925407177914167, 7037645.135072055272758 ], [ 259792.925407177914167, 7037650.138262645341456 ], [ 259797.928597767866449, 7037650.138262645341456 ], [ 259797.928597767866449, 7037655.141453234478831 ], [ 259802.931788357818732, 7037655.141453234478831 ], [ 259802.931788357818732, 7037660.144643824547529 ], [ 259807.934978947771015, 7037660.144643824547529 ], [ 259807.934978947771015, 7037665.147834414616227 ], [ 259812.938169537723297, 7037665.147834414616227 ], [ 259812.938169537723297, 7037670.151025004684925 ], [ 259817.94136012767558, 7037670.151025004684925 ], [ 259817.94136012767558, 7037675.154215594753623 ], [ 259822.944550717598759, 7037675.154215594753623 ], [ 259822.944550717598759, 7037680.157406184822321 ], [ 259827.947741307551041, 7037680.157406184822321 ], [ 259827.947741307551041, 7037685.160596774891019 ], [ 259832.950931897503324, 7037685.160596774891019 ], [ 259832.950931897503324, 7037690.163787364959717 ], [ 259837.954122487455606, 7037690.163787364959717 ], [ 259837.954122487455606, 7037695.166977954097092 ], [ 259842.957313077407889, 7037695.166977954097092 ], [ 259842.957313077407889, 7037700.17016854416579 ], [ 259847.960503667331068, 7037700.17016854416579 ], [ 259847.960503667331068, 7037705.173359134234488 ], [ 259852.96369425728335, 7037705.173359134234488 ], [ 259852.96369425728335, 7037710.176549724303186 ], [ 259857.966884847235633, 7037710.176549724303186 ], [ 259857.966884847235633, 7037715.179740314371884 ], [ 259862.970075437187916, 7037715.179740314371884 ], [ 259862.970075437187916, 7037720.182930904440582 ], [ 259867.973266027140198, 7037720.182930904440582 ], [ 259867.973266027140198, 7037725.18612149450928 ], [ 259872.976456617092481, 7037725.18612149450928 ], [ 259872.976456617092481, 7037730.189312084577978 ], [ 259877.97964720701566, 7037730.189312084577978 ], [ 259877.97964720701566, 7037735.192502673715353 ], [ 259882.982837796967942, 7037735.192502673715353 ], [ 259882.982837796967942, 7037740.195693263784051 ], [ 259887.986028386920225, 7037740.195693263784051 ], [ 259887.986028386920225, 7037745.198883853852749 ], [ 259892.989218976872507, 7037745.198883853852749 ], [ 259892.989218976872507, 7037750.202074443921447 ], [ 259897.99240956682479, 7037750.202074443921447 ], [ 259897.99240956682479, 7037755.205265033990145 ], [ 259902.995600156747969, 7037755.205265033990145 ], [ 259902.995600156747969, 7037760.208455624058843 ], [ 259907.998790746700251, 7037760.208455624058843 ], [ 259907.998790746700251, 7037765.211646214127541 ], [ 259913.001981336652534, 7037765.211646214127541 ], [ 259913.001981336652534, 7037770.214836803264916 ], [ 259918.005171926604817, 7037770.214836803264916 ], [ 259918.005171926604817, 7037775.218027393333614 ], [ 259923.008362516557099, 7037775.218027393333614 ], [ 259923.008362516557099, 7037780.221217983402312 ], [ 259928.011553106509382, 7037780.221217983402312 ], [ 259928.011553106509382, 7037785.22440857347101 ], [ 259933.014743696432561, 7037785.22440857347101 ], [ 259933.014743696432561, 7037790.227599163539708 ], [ 259938.017934286384843, 7037790.227599163539708 ], [ 259938.017934286384843, 7037795.230789753608406 ], [ 259943.021124876337126, 7037795.230789753608406 ], [ 259943.021124876337126, 7037800.233980343677104 ], [ 259948.024315466289409, 7037800.233980343677104 ], [ 259948.024315466289409, 7037805.237170933745801 ], [ 259953.027506056241691, 7037805.237170933745801 ], [ 259953.027506056241691, 7037810.240361522883177 ], [ 259958.03069664616487, 7037810.240361522883177 ], [ 259958.03069664616487, 7037815.243552112951875 ], [ 259963.033887236117152, 7037815.243552112951875 ], [ 259963.033887236117152, 7037820.246742703020573 ], [ 259968.037077826069435, 7037820.246742703020573 ], [ 259968.037077826069435, 7037825.249933293089271 ], [ 259973.040268416021718, 7037825.249933293089271 ], [ 259973.040268416021718, 7037830.253123883157969 ], [ 259978.043459005974, 7037830.253123883157969 ], [ 259978.043459005974, 7037835.256314473226666 ], [ 259983.046649595926283, 7037835.256314473226666 ], [ 259983.046649595926283, 7037840.259505063295364 ], [ 259988.049840185849462, 7037840.259505063295364 ], [ 259988.049840185849462, 7037845.26269565243274 ], [ 259993.053030775801744, 7037845.26269565243274 ], [ 259993.053030775801744, 7037850.265886242501438 ], [ 259998.056221365754027, 7037850.265886242501438 ], [ 259998.056221365754027, 7037855.269076832570136 ], [ 260003.05941195570631, 7037855.269076832570136 ], [ 260003.05941195570631, 7037860.272267422638834 ], [ 260008.062602545658592, 7037860.272267422638834 ], [ 260008.062602545658592, 7037865.275458012707531 ], [ 260013.065793135581771, 7037865.275458012707531 ], [ 260013.065793135581771, 7037870.278648602776229 ], [ 260018.068983725534054, 7037870.278648602776229 ], [ 260018.068983725534054, 7037875.281839192844927 ], [ 260023.072174315486336, 7037875.281839192844927 ], [ 260023.072174315486336, 7037880.285029782913625 ], [ 260028.075364905438619, 7037880.285029782913625 ], [ 260028.075364905438619, 7037885.288220372051001 ], [ 260033.078555495390901, 7037885.288220372051001 ], [ 260033.078555495390901, 7037890.291410962119699 ], [ 260038.081746085343184, 7037890.291410962119699 ], [ 260038.081746085343184, 7037895.294601552188396 ], [ 260043.084936675266363, 7037895.294601552188396 ], [ 260043.084936675266363, 7037900.297792142257094 ], [ 260048.088127265218645, 7037900.297792142257094 ], [ 260048.088127265218645, 7037905.300982732325792 ], [ 260053.091317855170928, 7037905.300982732325792 ], [ 260053.091317855170928, 7037910.30417332239449 ], [ 260058.094508445123211, 7037910.30417332239449 ], [ 260058.094508445123211, 7037915.307363912463188 ], [ 260063.097699035075493, 7037915.307363912463188 ], [ 260063.097699035075493, 7037920.310554502531886 ], [ 260068.100889624998672, 7037920.310554502531886 ], [ 260068.100889624998672, 7037925.313745091669261 ], [ 260073.104080214950955, 7037925.313745091669261 ], [ 260073.104080214950955, 7037930.316935681737959 ], [ 260078.107270804903237, 7037930.316935681737959 ], [ 260078.107270804903237, 7037935.320126271806657 ], [ 260083.11046139485552, 7037935.320126271806657 ], [ 260083.11046139485552, 7037940.323316861875355 ], [ 260088.113651984807802, 7037940.323316861875355 ], [ 260088.113651984807802, 7037945.326507451944053 ], [ 260093.116842574760085, 7037945.326507451944053 ], [ 260093.116842574760085, 7037950.329698042012751 ], [ 260098.120033164683264, 7037950.329698042012751 ], [ 260098.120033164683264, 7037955.332888632081449 ], [ 260103.123223754635546, 7037955.332888632081449 ], [ 260103.123223754635546, 7037960.336079221218824 ], [ 260108.126414344587829, 7037960.336079221218824 ], [ 260108.126414344587829, 7037965.339269811287522 ], [ 260113.129604934540112, 7037965.339269811287522 ], [ 260113.129604934540112, 7037970.34246040135622 ], [ 260118.132795524492394, 7037970.34246040135622 ], [ 260118.132795524492394, 7037975.345650991424918 ], [ 260123.135986114415573, 7037975.345650991424918 ], [ 260123.135986114415573, 7037980.348841581493616 ], [ 260128.139176704367856, 7037980.348841581493616 ], [ 260128.139176704367856, 7037985.352032171562314 ], [ 260133.142367294320138, 7037985.352032171562314 ], [ 260133.142367294320138, 7037990.355222761631012 ], [ 260138.145557884272421, 7037990.355222761631012 ], [ 260138.145557884272421, 7037995.35841335169971 ], [ 260143.148748474224703, 7037995.35841335169971 ], [ 260143.148748474224703, 7038000.361603940837085 ], [ 260148.151939064176986, 7038000.361603940837085 ], [ 260148.151939064176986, 7038005.364794530905783 ], [ 260153.155129654100165, 7038005.364794530905783 ], [ 260153.155129654100165, 7038010.367985120974481 ], [ 260158.158320244052447, 7038010.367985120974481 ], [ 260158.158320244052447, 7038015.371175711043179 ], [ 260163.16151083400473, 7038015.371175711043179 ], [ 260163.16151083400473, 7038020.374366301111877 ], [ 260168.164701423957013, 7038020.374366301111877 ], [ 260168.164701423957013, 7038025.377556891180575 ], [ 260173.167892013909295, 7038025.377556891180575 ], [ 260173.167892013909295, 7038030.380747481249273 ], [ 260178.171082603832474, 7038030.380747481249273 ], [ 260178.171082603832474, 7038035.383938071317971 ], [ 260183.174273193784757, 7038035.383938071317971 ], [ 260183.174273193784757, 7038040.387128660455346 ], [ 260188.177463783737039, 7038040.387128660455346 ], [ 260188.177463783737039, 7038045.390319250524044 ], [ 260193.180654373689322, 7038045.390319250524044 ], [ 260193.180654373689322, 7038050.393509840592742 ], [ 260198.183844963641604, 7038050.393509840592742 ], [ 260198.183844963641604, 7038055.39670043066144 ], [ 260203.187035553593887, 7038055.39670043066144 ], [ 260203.187035553593887, 7038060.399891020730138 ], [ 260208.190226143517066, 7038060.399891020730138 ], [ 260208.190226143517066, 7038065.403081610798836 ], [ 260213.193416733469348, 7038065.403081610798836 ], [ 260213.193416733469348, 7038070.406272200867534 ], [ 260218.196607323421631, 7038070.406272200867534 ], [ 260218.196607323421631, 7038075.409462790004909 ], [ 260223.199797913373914, 7038075.409462790004909 ], [ 260223.199797913373914, 7038080.412653380073607 ], [ 260228.202988503326196, 7038080.412653380073607 ], [ 260228.202988503326196, 7038085.415843970142305 ], [ 260233.206179093249375, 7038085.415843970142305 ], [ 260233.206179093249375, 7038090.419034560211003 ], [ 260238.209369683201658, 7038090.419034560211003 ], [ 260238.209369683201658, 7038095.422225150279701 ], [ 260243.21256027315394, 7038095.422225150279701 ], [ 260243.21256027315394, 7038100.425415740348399 ], [ 260248.215750863106223, 7038100.425415740348399 ], [ 260248.215750863106223, 7038105.428606330417097 ], [ 260253.218941453058505, 7038105.428606330417097 ], [ 260253.218941453058505, 7038110.431796920485795 ], [ 260258.222132043010788, 7038110.431796920485795 ], [ 260258.222132043010788, 7038115.43498750962317 ], [ 260263.225322632933967, 7038115.43498750962317 ], [ 260263.225322632933967, 7038120.438178099691868 ], [ 260268.228513222886249, 7038120.438178099691868 ], [ 260268.228513222886249, 7038125.441368689760566 ], [ 260273.231703812838532, 7038125.441368689760566 ], [ 260273.231703812838532, 7038130.444559279829264 ], [ 260278.234894402790815, 7038130.444559279829264 ], [ 260278.234894402790815, 7038135.447749869897962 ], [ 260283.238084992743097, 7038135.447749869897962 ], [ 260283.238084992743097, 7038140.45094045996666 ], [ 260288.241275582666276, 7038140.45094045996666 ], [ 260288.241275582666276, 7038145.454131050035357 ], [ 260293.244466172618559, 7038145.454131050035357 ], [ 260293.244466172618559, 7038150.457321640104055 ], [ 260298.247656762570841, 7038150.457321640104055 ], [ 260298.247656762570841, 7038155.460512229241431 ], [ 260303.250847352523124, 7038155.460512229241431 ], [ 260303.250847352523124, 7038160.463702819310129 ], [ 260308.254037942475406, 7038160.463702819310129 ], [ 260308.254037942475406, 7038165.466893409378827 ], [ 260313.257228532427689, 7038165.466893409378827 ], [ 260313.257228532427689, 7038170.470083999447525 ], [ 260318.260419122350868, 7038170.470083999447525 ], [ 260318.260419122350868, 7038175.473274589516222 ], [ 260323.26360971230315, 7038175.473274589516222 ], [ 260323.26360971230315, 7038180.47646517958492 ], [ 260328.266800302255433, 7038180.47646517958492 ], [ 260328.266800302255433, 7038185.479655769653618 ], [ 260333.269990892207716, 7038185.479655769653618 ], [ 260333.269990892207716, 7038190.482846358790994 ], [ 260338.273181482159998, 7038190.482846358790994 ], [ 260338.273181482159998, 7038195.486036948859692 ], [ 260343.276372072083177, 7038195.486036948859692 ], [ 260343.276372072083177, 7038200.48922753892839 ], [ 260348.27956266203546, 7038200.48922753892839 ], [ 260348.27956266203546, 7038205.492418128997087 ], [ 260353.282753251987742, 7038205.492418128997087 ], [ 260353.282753251987742, 7038210.495608719065785 ], [ 260358.285943841940025, 7038210.495608719065785 ], [ 260358.285943841940025, 7038215.498799309134483 ], [ 260363.289134431892307, 7038215.498799309134483 ], [ 260363.289134431892307, 7038220.501989899203181 ], [ 260368.29232502184459, 7038220.501989899203181 ], [ 260368.29232502184459, 7038225.505180489271879 ], [ 260373.295515611767769, 7038225.505180489271879 ], [ 260373.295515611767769, 7038230.508371078409255 ], [ 260378.298706201720051, 7038230.508371078409255 ], [ 260378.298706201720051, 7038235.511561668477952 ], [ 260383.301896791672334, 7038235.511561668477952 ], [ 260383.301896791672334, 7038240.51475225854665 ], [ 260388.305087381624617, 7038240.51475225854665 ], [ 260388.305087381624617, 7038245.517942848615348 ], [ 260393.308277971576899, 7038245.517942848615348 ], [ 260393.308277971576899, 7038250.521133438684046 ], [ 260398.311468561500078, 7038250.521133438684046 ], [ 260398.311468561500078, 7038255.524324028752744 ], [ 260403.314659151452361, 7038255.524324028752744 ], [ 260403.314659151452361, 7038260.527514618821442 ], [ 260408.317849741404643, 7038260.527514618821442 ], [ 260408.317849741404643, 7038265.53070520889014 ], [ 260413.321040331356926, 7038265.53070520889014 ], [ 260413.321040331356926, 7038270.533895798027515 ], [ 260418.324230921309208, 7038270.533895798027515 ], [ 260418.324230921309208, 7038275.537086388096213 ], [ 260423.327421511261491, 7038275.537086388096213 ], [ 260423.327421511261491, 7038280.540276978164911 ], [ 260428.33061210118467, 7038280.540276978164911 ], [ 260428.33061210118467, 7038285.543467568233609 ], [ 260433.333802691136952, 7038285.543467568233609 ], [ 260433.333802691136952, 7038290.546658158302307 ], [ 260438.336993281089235, 7038290.546658158302307 ], [ 260438.336993281089235, 7038690.801905353553593 ], [ 260433.333802691136952, 7038690.801905353553593 ], [ 260433.333802691136952, 7038695.805095943622291 ], [ 260428.33061210118467, 7038695.805095943622291 ], [ 260428.33061210118467, 7038700.808286533690989 ], [ 260423.327421511261491, 7038700.808286533690989 ], [ 260423.327421511261491, 7038705.811477123759687 ], [ 260418.324230921309208, 7038705.811477123759687 ], [ 260418.324230921309208, 7038710.814667713828385 ], [ 260413.321040331356926, 7038710.814667713828385 ], [ 260413.321040331356926, 7038715.817858303897083 ], [ 260408.317849741404643, 7038715.817858303897083 ], [ 260408.317849741404643, 7038720.821048893965781 ], [ 260403.314659151452361, 7038720.821048893965781 ], [ 260403.314659151452361, 7038725.824239483103156 ], [ 260398.311468561500078, 7038725.824239483103156 ], [ 260398.311468561500078, 7038730.827430073171854 ], [ 260393.308277971576899, 7038730.827430073171854 ], [ 260393.308277971576899, 7038735.830620663240552 ], [ 260388.305087381624617, 7038735.830620663240552 ], [ 260388.305087381624617, 7038740.83381125330925 ], [ 260383.301896791672334, 7038740.83381125330925 ], [ 260383.301896791672334, 7038745.837001843377948 ], [ 260378.298706201720051, 7038745.837001843377948 ], [ 260378.298706201720051, 7038750.840192433446646 ], [ 260373.295515611767769, 7038750.840192433446646 ], [ 260373.295515611767769, 7038755.843383023515344 ], [ 260368.29232502184459, 7038755.843383023515344 ], [ 260368.29232502184459, 7038760.846573613584042 ], [ 260363.289134431892307, 7038760.846573613584042 ], [ 260363.289134431892307, 7038765.849764202721417 ], [ 260358.285943841940025, 7038765.849764202721417 ], [ 260358.285943841940025, 7038770.852954792790115 ], [ 260353.282753251987742, 7038770.852954792790115 ], [ 260353.282753251987742, 7038775.856145382858813 ], [ 260348.27956266203546, 7038775.856145382858813 ], [ 260348.27956266203546, 7038780.859335972927511 ], [ 260343.276372072083177, 7038780.859335972927511 ], [ 260343.276372072083177, 7038785.862526562996209 ], [ 260338.273181482159998, 7038785.862526562996209 ], [ 260338.273181482159998, 7038790.865717153064907 ], [ 260333.269990892207716, 7038790.865717153064907 ], [ 260333.269990892207716, 7038795.868907743133605 ], [ 260328.266800302255433, 7038795.868907743133605 ], [ 260328.266800302255433, 7038800.872098333202302 ], [ 260323.26360971230315, 7038800.872098333202302 ], [ 260323.26360971230315, 7038805.875288922339678 ], [ 260318.260419122350868, 7038805.875288922339678 ], [ 260318.260419122350868, 7038810.878479512408376 ], [ 260313.257228532427689, 7038810.878479512408376 ], [ 260313.257228532427689, 7038815.881670102477074 ], [ 260308.254037942475406, 7038815.881670102477074 ], [ 260308.254037942475406, 7038820.884860692545772 ], [ 260303.250847352523124, 7038820.884860692545772 ], [ 260303.250847352523124, 7038825.88805128261447 ], [ 260298.247656762570841, 7038825.88805128261447 ], [ 260298.247656762570841, 7038830.891241872683167 ], [ 260293.244466172618559, 7038830.891241872683167 ], [ 260293.244466172618559, 7038835.894432462751865 ], [ 260288.241275582666276, 7038835.894432462751865 ], [ 260288.241275582666276, 7038840.897623051889241 ], [ 260283.238084992743097, 7038840.897623051889241 ], [ 260283.238084992743097, 7038845.900813641957939 ], [ 260278.234894402790815, 7038845.900813641957939 ], [ 260278.234894402790815, 7038850.904004232026637 ], [ 260273.231703812838532, 7038850.904004232026637 ], [ 260273.231703812838532, 7038855.907194822095335 ], [ 260268.228513222886249, 7038855.907194822095335 ], [ 260268.228513222886249, 7038860.910385412164032 ], [ 260263.225322632933967, 7038860.910385412164032 ], [ 260263.225322632933967, 7038865.91357600223273 ], [ 260258.222132043010788, 7038865.91357600223273 ], [ 260258.222132043010788, 7038870.916766592301428 ], [ 260253.218941453058505, 7038870.916766592301428 ], [ 260253.218941453058505, 7038875.919957182370126 ], [ 260248.215750863106223, 7038875.919957182370126 ], [ 260248.215750863106223, 7038880.923147771507502 ], [ 260243.21256027315394, 7038880.923147771507502 ], [ 260243.21256027315394, 7038885.9263383615762 ], [ 260238.209369683201658, 7038885.9263383615762 ], [ 260238.209369683201658, 7038890.929528951644897 ], [ 260233.206179093249375, 7038890.929528951644897 ], [ 260233.206179093249375, 7038895.932719541713595 ], [ 260228.202988503326196, 7038895.932719541713595 ], [ 260228.202988503326196, 7038900.935910131782293 ], [ 260223.199797913373914, 7038900.935910131782293 ], [ 260223.199797913373914, 7038905.939100721850991 ], [ 260218.196607323421631, 7038905.939100721850991 ], [ 260218.196607323421631, 7038910.942291311919689 ], [ 260213.193416733469348, 7038910.942291311919689 ], [ 260213.193416733469348, 7038915.945481901988387 ], [ 260208.190226143517066, 7038915.945481901988387 ], [ 260208.190226143517066, 7038920.948672491125762 ], [ 260203.187035553593887, 7038920.948672491125762 ], [ 260203.187035553593887, 7038925.95186308119446 ], [ 260198.183844963641604, 7038925.95186308119446 ], [ 260198.183844963641604, 7038930.955053671263158 ], [ 260193.180654373689322, 7038930.955053671263158 ], [ 260193.180654373689322, 7038935.958244261331856 ], [ 260188.177463783737039, 7038935.958244261331856 ], [ 260188.177463783737039, 7038940.961434851400554 ], [ 260183.174273193784757, 7038940.961434851400554 ], [ 260183.174273193784757, 7038945.964625441469252 ], [ 260178.171082603832474, 7038945.964625441469252 ], [ 260178.171082603832474, 7038950.96781603153795 ], [ 260173.167892013909295, 7038950.96781603153795 ], [ 260173.167892013909295, 7038955.971006620675325 ], [ 260168.164701423957013, 7038955.971006620675325 ], [ 260168.164701423957013, 7038960.974197210744023 ], [ 260163.16151083400473, 7038960.974197210744023 ], [ 260163.16151083400473, 7038965.977387800812721 ], [ 260158.158320244052447, 7038965.977387800812721 ], [ 260158.158320244052447, 7038970.980578390881419 ], [ 260153.155129654100165, 7038970.980578390881419 ], [ 260153.155129654100165, 7038975.983768980950117 ], [ 260148.151939064176986, 7038975.983768980950117 ], [ 260148.151939064176986, 7038980.986959571018815 ], [ 260143.148748474224703, 7038980.986959571018815 ], [ 260143.148748474224703, 7038985.990150161087513 ], [ 260138.145557884272421, 7038985.990150161087513 ], [ 260138.145557884272421, 7038990.993340751156211 ], [ 260133.142367294320138, 7038990.993340751156211 ], [ 260133.142367294320138, 7038995.996531340293586 ], [ 260128.139176704367856, 7038995.996531340293586 ], [ 260128.139176704367856, 7039000.999721930362284 ], [ 260123.135986114415573, 7039000.999721930362284 ], [ 260123.135986114415573, 7039006.002912520430982 ], [ 260118.132795524492394, 7039006.002912520430982 ], [ 260118.132795524492394, 7039011.00610311049968 ], [ 260113.129604934540112, 7039011.00610311049968 ], [ 260113.129604934540112, 7039016.009293700568378 ], [ 260108.126414344587829, 7039016.009293700568378 ], [ 260108.126414344587829, 7039021.012484290637076 ], [ 260103.123223754635546, 7039021.012484290637076 ], [ 260103.123223754635546, 7039026.015674880705774 ], [ 260098.120033164683264, 7039026.015674880705774 ], [ 260098.120033164683264, 7039031.018865470774472 ], [ 260093.116842574760085, 7039031.018865470774472 ], [ 260093.116842574760085, 7039036.022056059911847 ], [ 260088.113651984807802, 7039036.022056059911847 ], [ 260088.113651984807802, 7039041.025246649980545 ], [ 260083.11046139485552, 7039041.025246649980545 ], [ 260083.11046139485552, 7039046.028437240049243 ], [ 260078.107270804903237, 7039046.028437240049243 ], [ 260078.107270804903237, 7039051.031627830117941 ], [ 260073.104080214950955, 7039051.031627830117941 ], [ 260073.104080214950955, 7039056.034818420186639 ], [ 260068.100889624998672, 7039056.034818420186639 ], [ 260068.100889624998672, 7039061.038009010255337 ], [ 260063.097699035075493, 7039061.038009010255337 ], [ 260063.097699035075493, 7039066.041199600324035 ], [ 260058.094508445123211, 7039066.041199600324035 ], [ 260058.094508445123211, 7039071.04439018946141 ], [ 260053.091317855170928, 7039071.04439018946141 ], [ 260053.091317855170928, 7039076.047580779530108 ], [ 260048.088127265218645, 7039076.047580779530108 ], [ 260048.088127265218645, 7039081.050771369598806 ], [ 260043.084936675266363, 7039081.050771369598806 ], [ 260043.084936675266363, 7039086.053961959667504 ], [ 260038.081746085343184, 7039086.053961959667504 ], [ 260038.081746085343184, 7039091.057152549736202 ], [ 260033.078555495390901, 7039091.057152549736202 ], [ 260033.078555495390901, 7039096.0603431398049 ], [ 260028.075364905438619, 7039096.0603431398049 ], [ 260028.075364905438619, 7039101.063533729873598 ], [ 260023.072174315486336, 7039101.063533729873598 ], [ 260023.072174315486336, 7039106.066724319942296 ], [ 260018.068983725534054, 7039106.066724319942296 ], [ 260018.068983725534054, 7039111.069914909079671 ], [ 260013.065793135581771, 7039111.069914909079671 ], [ 260013.065793135581771, 7039116.073105499148369 ], [ 260008.062602545658592, 7039116.073105499148369 ], [ 260008.062602545658592, 7039121.076296089217067 ], [ 260003.05941195570631, 7039121.076296089217067 ], [ 260003.05941195570631, 7039126.079486679285765 ], [ 259998.056221365754027, 7039126.079486679285765 ], [ 259998.056221365754027, 7039131.082677269354463 ], [ 259993.053030775801744, 7039131.082677269354463 ], [ 259993.053030775801744, 7039136.085867859423161 ], [ 259988.049840185849462, 7039136.085867859423161 ], [ 259988.049840185849462, 7039141.089058449491858 ], [ 259983.046649595926283, 7039141.089058449491858 ], [ 259983.046649595926283, 7039146.092249039560556 ], [ 259978.043459005974, 7039146.092249039560556 ], [ 259978.043459005974, 7039151.095439628697932 ], [ 259973.040268416021718, 7039151.095439628697932 ], [ 259973.040268416021718, 7039156.09863021876663 ], [ 259968.037077826069435, 7039156.09863021876663 ], [ 259968.037077826069435, 7039161.101820808835328 ], [ 259963.033887236117152, 7039161.101820808835328 ], [ 259963.033887236117152, 7039166.105011398904026 ], [ 259958.03069664616487, 7039166.105011398904026 ], [ 259958.03069664616487, 7039171.108201988972723 ], [ 259953.027506056241691, 7039171.108201988972723 ], [ 259953.027506056241691, 7039176.111392579041421 ], [ 259948.024315466289409, 7039176.111392579041421 ], [ 259948.024315466289409, 7039181.114583169110119 ], [ 259943.021124876337126, 7039181.114583169110119 ], [ 259943.021124876337126, 7039186.117773758247495 ], [ 259938.017934286384843, 7039186.117773758247495 ], [ 259938.017934286384843, 7039191.120964348316193 ], [ 259933.014743696432561, 7039191.120964348316193 ], [ 259933.014743696432561, 7039196.124154938384891 ], [ 259928.011553106509382, 7039196.124154938384891 ], [ 259928.011553106509382, 7039201.127345528453588 ], [ 259923.008362516557099, 7039201.127345528453588 ], [ 259923.008362516557099, 7039206.130536118522286 ], [ 259918.005171926604817, 7039206.130536118522286 ], [ 259918.005171926604817, 7039211.133726708590984 ], [ 259913.001981336652534, 7039211.133726708590984 ], [ 259913.001981336652534, 7039216.136917298659682 ], [ 259907.998790746700251, 7039216.136917298659682 ], [ 259907.998790746700251, 7039221.14010788872838 ], [ 259902.995600156747969, 7039221.14010788872838 ], [ 259902.995600156747969, 7039226.143298477865756 ], [ 259897.99240956682479, 7039226.143298477865756 ], [ 259897.99240956682479, 7039231.146489067934453 ], [ 259892.989218976872507, 7039231.146489067934453 ], [ 259892.989218976872507, 7039236.149679658003151 ], [ 259887.986028386920225, 7039236.149679658003151 ], [ 259887.986028386920225, 7039241.152870248071849 ], [ 259882.982837796967942, 7039241.152870248071849 ], [ 259882.982837796967942, 7039246.156060838140547 ], [ 259887.986028386920225, 7039246.156060838140547 ], [ 259887.986028386920225, 7039251.159251428209245 ], [ 259892.989218976872507, 7039251.159251428209245 ], [ 259892.989218976872507, 7039256.162442018277943 ], [ 259897.99240956682479, 7039256.162442018277943 ], [ 259897.99240956682479, 7039261.165632608346641 ], [ 259902.995600156747969, 7039261.165632608346641 ], [ 259902.995600156747969, 7039266.168823197484016 ], [ 259907.998790746700251, 7039266.168823197484016 ], [ 259907.998790746700251, 7039271.172013787552714 ], [ 259902.995600156747969, 7039271.172013787552714 ], [ 259902.995600156747969, 7039276.175204377621412 ], [ 259897.99240956682479, 7039276.175204377621412 ], [ 259897.99240956682479, 7039281.17839496769011 ], [ 259892.989218976872507, 7039281.17839496769011 ], [ 259892.989218976872507, 7039286.181585557758808 ], [ 259887.986028386920225, 7039286.181585557758808 ], [ 259887.986028386920225, 7039291.184776147827506 ], [ 259882.982837796967942, 7039291.184776147827506 ], [ 259882.982837796967942, 7039296.187966737896204 ], [ 259877.97964720701566, 7039296.187966737896204 ], [ 259877.97964720701566, 7039301.191157327033579 ], [ 259872.976456617092481, 7039301.191157327033579 ], [ 259872.976456617092481, 7039306.194347917102277 ], [ 259867.973266027140198, 7039306.194347917102277 ], [ 259867.973266027140198, 7039311.197538507170975 ], [ 259862.970075437187916, 7039311.197538507170975 ], [ 259862.970075437187916, 7039316.200729097239673 ], [ 259857.966884847235633, 7039316.200729097239673 ], [ 259857.966884847235633, 7039321.203919687308371 ], [ 259852.96369425728335, 7039321.203919687308371 ], [ 259852.96369425728335, 7039326.207110277377069 ], [ 259847.960503667331068, 7039326.207110277377069 ], [ 259847.960503667331068, 7039331.210300867445767 ], [ 259842.957313077407889, 7039331.210300867445767 ], [ 259842.957313077407889, 7039336.213491457514465 ], [ 259837.954122487455606, 7039336.213491457514465 ], [ 259837.954122487455606, 7039341.21668204665184 ], [ 259832.950931897503324, 7039341.21668204665184 ], [ 259832.950931897503324, 7039346.219872636720538 ], [ 259827.947741307551041, 7039346.219872636720538 ], [ 259827.947741307551041, 7039351.223063226789236 ], [ 259822.944550717598759, 7039351.223063226789236 ], [ 259822.944550717598759, 7039356.226253816857934 ], [ 259817.94136012767558, 7039356.226253816857934 ], [ 259817.94136012767558, 7039361.229444406926632 ], [ 259812.938169537723297, 7039361.229444406926632 ], [ 259812.938169537723297, 7039366.23263499699533 ], [ 259807.934978947771015, 7039366.23263499699533 ], [ 259807.934978947771015, 7039371.235825587064028 ], [ 259802.931788357818732, 7039371.235825587064028 ], [ 259802.931788357818732, 7039376.239016177132726 ], [ 259797.928597767866449, 7039376.239016177132726 ], [ 259797.928597767866449, 7039381.242206766270101 ], [ 259792.925407177914167, 7039381.242206766270101 ], [ 259792.925407177914167, 7039386.245397356338799 ], [ 259787.922216587990988, 7039386.245397356338799 ], [ 259787.922216587990988, 7039391.248587946407497 ], [ 259782.919025998038705, 7039391.248587946407497 ], [ 259782.919025998038705, 7039396.251778536476195 ], [ 259777.915835408086423, 7039396.251778536476195 ], [ 259777.915835408086423, 7039401.254969126544893 ], [ 259772.91264481813414, 7039401.254969126544893 ], [ 259772.91264481813414, 7039406.258159716613591 ], [ 259767.909454228181858, 7039406.258159716613591 ], [ 259767.909454228181858, 7039411.261350306682289 ], [ 259762.906263638258679, 7039411.261350306682289 ], [ 259762.906263638258679, 7039416.264540895819664 ], [ 259757.903073048306396, 7039416.264540895819664 ], [ 259757.903073048306396, 7039421.267731485888362 ], [ 259752.899882458354114, 7039421.267731485888362 ], [ 259752.899882458354114, 7039426.27092207595706 ], [ 259747.896691868401831, 7039426.27092207595706 ], [ 259747.896691868401831, 7039431.274112666025758 ], [ 259742.893501278449548, 7039431.274112666025758 ], [ 259742.893501278449548, 7039436.277303256094456 ], [ 259737.890310688497266, 7039436.277303256094456 ], [ 259737.890310688497266, 7039441.280493846163154 ], [ 259732.887120098574087, 7039441.280493846163154 ], [ 259732.887120098574087, 7039446.283684436231852 ], [ 259727.883929508621804, 7039446.283684436231852 ], [ 259727.883929508621804, 7039451.28687502630055 ], [ 259722.880738918669522, 7039451.28687502630055 ], [ 259722.880738918669522, 7039456.290065615437925 ], [ 259717.877548328717239, 7039456.290065615437925 ], [ 259717.877548328717239, 7039461.293256205506623 ], [ 259712.874357738764957, 7039461.293256205506623 ], [ 259712.874357738764957, 7039466.296446795575321 ], [ 259707.871167148841778, 7039466.296446795575321 ], [ 259707.871167148841778, 7039471.299637385644019 ], [ 259702.867976558889495, 7039471.299637385644019 ], [ 259702.867976558889495, 7039476.302827975712717 ], [ 259697.864785968937213, 7039476.302827975712717 ], [ 259697.864785968937213, 7039481.306018565781415 ], [ 259692.86159537898493, 7039481.306018565781415 ], [ 259692.86159537898493, 7039486.309209155850112 ], [ 259687.858404789032647, 7039486.309209155850112 ], [ 259687.858404789032647, 7039491.312399744987488 ], [ 259682.855214199080365, 7039491.312399744987488 ], [ 259682.855214199080365, 7039496.315590335056186 ], [ 259677.852023609157186, 7039496.315590335056186 ], [ 259677.852023609157186, 7039501.318780925124884 ], [ 259672.848833019204903, 7039501.318780925124884 ], [ 259672.848833019204903, 7039506.321971515193582 ], [ 259667.845642429252621, 7039506.321971515193582 ], [ 259667.845642429252621, 7039511.32516210526228 ], [ 259662.842451839300338, 7039511.32516210526228 ], [ 259662.842451839300338, 7039516.328352695330977 ], [ 259657.839261249348056, 7039516.328352695330977 ], [ 259657.839261249348056, 7039521.331543285399675 ], [ 259652.836070659424877, 7039521.331543285399675 ], [ 259652.836070659424877, 7039526.334733875468373 ], [ 259647.832880069472594, 7039526.334733875468373 ], [ 259647.832880069472594, 7039531.337924464605749 ], [ 259642.829689479520312, 7039531.337924464605749 ], [ 259642.829689479520312, 7039536.341115054674447 ], [ 259637.826498889568029, 7039536.341115054674447 ], [ 259637.826498889568029, 7039541.344305644743145 ], [ 259632.823308299615746, 7039541.344305644743145 ], [ 259632.823308299615746, 7039546.347496234811842 ], [ 259627.820117709663464, 7039546.347496234811842 ], [ 259627.820117709663464, 7039551.35068682488054 ], [ 259622.816927119740285, 7039551.35068682488054 ], [ 259622.816927119740285, 7039556.353877414949238 ], [ 259617.813736529788002, 7039556.353877414949238 ], [ 259617.813736529788002, 7039561.357068005017936 ], [ 259612.81054593983572, 7039561.357068005017936 ], [ 259612.81054593983572, 7039566.360258595086634 ], [ 259607.807355349883437, 7039566.360258595086634 ], [ 259607.807355349883437, 7039571.36344918422401 ], [ 259602.804164759931155, 7039571.36344918422401 ], [ 259602.804164759931155, 7039576.366639774292707 ], [ 259597.800974170007976, 7039576.366639774292707 ], [ 259597.800974170007976, 7039581.369830364361405 ], [ 259592.797783580055693, 7039581.369830364361405 ], [ 259592.797783580055693, 7039586.373020954430103 ], [ 259587.794592990103411, 7039586.373020954430103 ], [ 259587.794592990103411, 7039591.376211544498801 ], [ 259582.791402400151128, 7039591.376211544498801 ], [ 259582.791402400151128, 7039596.379402134567499 ], [ 259577.788211810198845, 7039596.379402134567499 ], [ 259577.788211810198845, 7039601.382592724636197 ], [ 259572.785021220246563, 7039601.382592724636197 ], [ 259572.785021220246563, 7039606.385783313773572 ], [ 259567.781830630323384, 7039606.385783313773572 ], [ 259567.781830630323384, 7039611.38897390384227 ], [ 259562.778640040371101, 7039611.38897390384227 ], [ 259562.778640040371101, 7039616.392164493910968 ], [ 259557.775449450418819, 7039616.392164493910968 ], [ 259557.775449450418819, 7039621.395355083979666 ], [ 259552.772258860466536, 7039621.395355083979666 ], [ 259552.772258860466536, 7039626.398545674048364 ], [ 259547.769068270514254, 7039626.398545674048364 ], [ 259547.769068270514254, 7039631.401736264117062 ], [ 259542.765877680591075, 7039631.401736264117062 ], [ 259542.765877680591075, 7039636.40492685418576 ], [ 259537.762687090638792, 7039636.40492685418576 ], [ 259537.762687090638792, 7039641.408117444254458 ], [ 259532.75949650068651, 7039641.408117444254458 ], [ 259532.75949650068651, 7039646.411308033391833 ], [ 259527.756305910734227, 7039646.411308033391833 ], [ 259527.756305910734227, 7039651.414498623460531 ], [ 259522.753115320781944, 7039651.414498623460531 ], [ 259522.753115320781944, 7039656.417689213529229 ], [ 259517.749924730829662, 7039656.417689213529229 ], [ 259517.749924730829662, 7039661.420879803597927 ], [ 259512.746734140906483, 7039661.420879803597927 ], [ 259512.746734140906483, 7039666.424070393666625 ], [ 259507.7435435509542, 7039666.424070393666625 ], [ 259507.7435435509542, 7039671.427260983735323 ], [ 259502.740352961001918, 7039671.427260983735323 ], [ 259502.740352961001918, 7039676.430451573804021 ], [ 259497.737162371049635, 7039676.430451573804021 ], [ 259497.737162371049635, 7039681.433642163872719 ], [ 259492.733971781097353, 7039681.433642163872719 ], [ 259492.733971781097353, 7039686.436832753010094 ], [ 259487.730781191174174, 7039686.436832753010094 ], [ 259487.730781191174174, 7039691.440023343078792 ], [ 259482.727590601221891, 7039691.440023343078792 ], [ 259482.727590601221891, 7039696.44321393314749 ], [ 259477.724400011269609, 7039696.44321393314749 ], [ 259477.724400011269609, 7039701.446404523216188 ], [ 259472.721209421317326, 7039701.446404523216188 ], [ 259472.721209421317326, 7039706.449595113284886 ], [ 259467.718018831365043, 7039706.449595113284886 ], [ 259467.718018831365043, 7039711.452785703353584 ], [ 259462.714828241412761, 7039711.452785703353584 ], [ 259462.714828241412761, 7039716.455976293422282 ], [ 259457.711637651489582, 7039716.455976293422282 ], [ 259457.711637651489582, 7039721.459166882559657 ], [ 259452.708447061537299, 7039721.459166882559657 ], [ 259452.708447061537299, 7039726.462357472628355 ], [ 259447.705256471585017, 7039726.462357472628355 ], [ 259447.705256471585017, 7039731.465548062697053 ], [ 259442.702065881632734, 7039731.465548062697053 ], [ 259442.702065881632734, 7039736.468738652765751 ], [ 259437.698875291680451, 7039736.468738652765751 ], [ 259437.698875291680451, 7039741.471929242834449 ], [ 259432.695684701757273, 7039741.471929242834449 ], [ 259432.695684701757273, 7039746.475119832903147 ], [ 259427.69249411180499, 7039746.475119832903147 ], [ 259427.69249411180499, 7039751.478310422971845 ], [ 259422.689303521852707, 7039751.478310422971845 ], [ 259422.689303521852707, 7039756.481501013040543 ], [ 259417.686112931900425, 7039756.481501013040543 ], [ 259417.686112931900425, 7039761.484691602177918 ], [ 259412.682922341948142, 7039761.484691602177918 ], [ 259412.682922341948142, 7039766.487882192246616 ], [ 259407.67973175199586, 7039766.487882192246616 ], [ 259407.67973175199586, 7039771.491072782315314 ], [ 259402.676541162072681, 7039771.491072782315314 ], [ 259402.676541162072681, 7039776.494263372384012 ], [ 259397.673350572120398, 7039776.494263372384012 ], [ 259397.673350572120398, 7039781.49745396245271 ], [ 259392.670159982168116, 7039781.49745396245271 ], [ 259392.670159982168116, 7039786.500644552521408 ], [ 259387.666969392215833, 7039786.500644552521408 ], [ 259387.666969392215833, 7039791.503835142590106 ], [ 259382.66377880226355, 7039791.503835142590106 ], [ 259382.66377880226355, 7039796.507025732658803 ], [ 259377.660588212340372, 7039796.507025732658803 ], [ 259377.660588212340372, 7039801.510216321796179 ], [ 259372.657397622388089, 7039801.510216321796179 ], [ 259372.657397622388089, 7039806.513406911864877 ], [ 259367.654207032435806, 7039806.513406911864877 ], [ 259367.654207032435806, 7039811.516597501933575 ], [ 259362.651016442483524, 7039811.516597501933575 ], [ 259362.651016442483524, 7039816.519788092002273 ], [ 259357.647825852531241, 7039816.519788092002273 ], [ 259357.647825852531241, 7039821.522978682070971 ], [ 259352.644635262578959, 7039821.522978682070971 ], [ 259352.644635262578959, 7039826.526169272139668 ], [ 259347.64144467265578, 7039826.526169272139668 ], [ 259347.64144467265578, 7039831.529359862208366 ], [ 259342.638254082703497, 7039831.529359862208366 ], [ 259342.638254082703497, 7039836.532550451345742 ], [ 259337.635063492751215, 7039836.532550451345742 ], [ 259337.635063492751215, 7039841.53574104141444 ], [ 259332.631872902798932, 7039841.53574104141444 ], [ 259332.631872902798932, 7039846.538931631483138 ], [ 259327.628682312846649, 7039846.538931631483138 ], [ 259327.628682312846649, 7039851.542122221551836 ], [ 259322.625491722923471, 7039851.542122221551836 ], [ 259322.625491722923471, 7039856.545312811620533 ], [ 259317.622301132971188, 7039856.545312811620533 ], [ 259317.622301132971188, 7039861.548503401689231 ], [ 259312.619110543018905, 7039861.548503401689231 ], [ 259312.619110543018905, 7039866.551693991757929 ], [ 259307.615919953066623, 7039866.551693991757929 ], [ 259307.615919953066623, 7039871.554884581826627 ], [ 259302.61272936311434, 7039871.554884581826627 ], [ 259302.61272936311434, 7039876.558075170964003 ], [ 259297.609538773162058, 7039876.558075170964003 ], [ 259297.609538773162058, 7039881.561265761032701 ], [ 259292.606348183238879, 7039881.561265761032701 ], [ 259292.606348183238879, 7039886.564456351101398 ], [ 259287.603157593286596, 7039886.564456351101398 ], [ 259287.603157593286596, 7039891.567646941170096 ], [ 259282.599967003334314, 7039891.567646941170096 ], [ 259282.599967003334314, 7039896.570837531238794 ], [ 259277.596776413382031, 7039896.570837531238794 ], [ 259277.596776413382031, 7039901.574028121307492 ], [ 259272.593585823429748, 7039901.574028121307492 ], [ 259272.593585823429748, 7039906.57721871137619 ], [ 259267.59039523350657, 7039906.57721871137619 ], [ 259267.59039523350657, 7039911.580409301444888 ], [ 259262.587204643554287, 7039911.580409301444888 ], [ 259262.587204643554287, 7039916.583599890582263 ], [ 259257.584014053602004, 7039916.583599890582263 ], [ 259257.584014053602004, 7039921.586790480650961 ], [ 259252.580823463649722, 7039921.586790480650961 ], [ 259252.580823463649722, 7039926.589981070719659 ], [ 259247.577632873697439, 7039926.589981070719659 ], [ 259247.577632873697439, 7039931.593171660788357 ], [ 259242.574442283745157, 7039931.593171660788357 ], [ 259242.574442283745157, 7039936.596362250857055 ], [ 259237.571251693821978, 7039936.596362250857055 ], [ 259237.571251693821978, 7039941.599552840925753 ], [ 259232.568061103869695, 7039941.599552840925753 ], [ 259232.568061103869695, 7039946.602743430994451 ], [ 259227.564870513917413, 7039946.602743430994451 ], [ 259227.564870513917413, 7039951.605934020131826 ], [ 259222.56167992396513, 7039951.605934020131826 ], [ 259222.56167992396513, 7039956.609124610200524 ], [ 259217.558489334012847, 7039956.609124610200524 ], [ 259217.558489334012847, 7039961.612315200269222 ], [ 259212.555298744089669, 7039961.612315200269222 ], [ 259212.555298744089669, 7039966.61550579033792 ], [ 259207.552108154137386, 7039966.61550579033792 ], [ 259207.552108154137386, 7039971.618696380406618 ], [ 259202.548917564185103, 7039971.618696380406618 ], [ 259202.548917564185103, 7039976.621886970475316 ], [ 259197.545726974232821, 7039976.621886970475316 ], [ 259197.545726974232821, 7039981.625077560544014 ], [ 259192.542536384280538, 7039981.625077560544014 ], [ 259192.542536384280538, 7039986.628268150612712 ], [ 259187.539345794328256, 7039986.628268150612712 ], [ 259187.539345794328256, 7039991.631458739750087 ], [ 259182.536155204405077, 7039991.631458739750087 ], [ 259182.536155204405077, 7039996.634649329818785 ], [ 259177.532964614452794, 7039996.634649329818785 ], [ 259177.532964614452794, 7040001.637839919887483 ], [ 259172.529774024500512, 7040001.637839919887483 ], [ 259172.529774024500512, 7040006.641030509956181 ], [ 259167.526583434548229, 7040006.641030509956181 ], [ 259167.526583434548229, 7040011.644221100024879 ], [ 259162.523392844595946, 7040011.644221100024879 ], [ 259162.523392844595946, 7040016.647411690093577 ], [ 259157.520202254672768, 7040016.647411690093577 ], [ 259157.520202254672768, 7040021.650602280162275 ], [ 259152.517011664720485, 7040021.650602280162275 ], [ 259152.517011664720485, 7040026.653792870230973 ], [ 259147.513821074768202, 7040026.653792870230973 ], [ 259147.513821074768202, 7040031.656983459368348 ], [ 259142.51063048481592, 7040031.656983459368348 ], [ 259142.51063048481592, 7040036.660174049437046 ], [ 259137.507439894863637, 7040036.660174049437046 ], [ 259137.507439894863637, 7040041.663364639505744 ], [ 259132.504249304911355, 7040041.663364639505744 ], [ 259132.504249304911355, 7040046.666555229574442 ], [ 259127.501058714988176, 7040046.666555229574442 ], [ 259127.501058714988176, 7040051.66974581964314 ], [ 259122.497868125035893, 7040051.66974581964314 ], [ 259122.497868125035893, 7040056.672936409711838 ], [ 259117.494677535083611, 7040056.672936409711838 ], [ 259117.494677535083611, 7040061.676126999780536 ], [ 259112.491486945131328, 7040061.676126999780536 ], [ 259112.491486945131328, 7040066.679317588917911 ], [ 259107.488296355179045, 7040066.679317588917911 ], [ 259107.488296355179045, 7040071.682508178986609 ], [ 259102.485105765255867, 7040071.682508178986609 ], [ 259102.485105765255867, 7040076.685698769055307 ], [ 259097.481915175303584, 7040076.685698769055307 ], [ 259097.481915175303584, 7040081.688889359124005 ], [ 259092.478724585351301, 7040081.688889359124005 ], [ 259092.478724585351301, 7040086.692079949192703 ], [ 259087.475533995399019, 7040086.692079949192703 ], [ 259087.475533995399019, 7040091.695270539261401 ], [ 259082.472343405446736, 7040091.695270539261401 ], [ 259082.472343405446736, 7040096.698461129330099 ], [ 259077.469152815523557, 7040096.698461129330099 ], [ 259077.469152815523557, 7040101.701651719398797 ], [ 259072.465962225571275, 7040101.701651719398797 ], [ 259072.465962225571275, 7040106.704842308536172 ], [ 259067.462771635618992, 7040106.704842308536172 ], [ 259067.462771635618992, 7040111.70803289860487 ], [ 259062.45958104566671, 7040111.70803289860487 ], [ 259062.45958104566671, 7040116.711223488673568 ], [ 259057.456390455714427, 7040116.711223488673568 ], [ 259057.456390455714427, 7040121.714414078742266 ], [ 259052.453199865762144, 7040121.714414078742266 ], [ 259052.453199865762144, 7040126.717604668810964 ], [ 259047.450009275838966, 7040126.717604668810964 ], [ 259047.450009275838966, 7040131.720795258879662 ], [ 259042.446818685886683, 7040131.720795258879662 ], [ 259042.446818685886683, 7040136.723985848948359 ], [ 259037.4436280959344, 7040136.723985848948359 ], [ 259037.4436280959344, 7040141.727176439017057 ], [ 259032.440437505982118, 7040141.727176439017057 ], [ 259032.440437505982118, 7040146.730367028154433 ], [ 259027.437246916029835, 7040146.730367028154433 ], [ 259027.437246916029835, 7040151.733557618223131 ], [ 259022.434056326106656, 7040151.733557618223131 ], [ 259022.434056326106656, 7040156.736748208291829 ], [ 259017.430865736154374, 7040156.736748208291829 ], [ 259017.430865736154374, 7040161.739938798360527 ], [ 259012.427675146202091, 7040161.739938798360527 ], [ 259012.427675146202091, 7040166.743129388429224 ], [ 259007.424484556249809, 7040166.743129388429224 ], [ 259007.424484556249809, 7040171.746319978497922 ], [ 259002.421293966297526, 7040171.746319978497922 ], [ 259002.421293966297526, 7040176.74951056856662 ], [ 258997.418103376345243, 7040176.74951056856662 ], [ 258997.418103376345243, 7040181.752701157703996 ], [ 258992.414912786422065, 7040181.752701157703996 ], [ 258992.414912786422065, 7040186.755891747772694 ], [ 258987.411722196469782, 7040186.755891747772694 ], [ 258987.411722196469782, 7040191.759082337841392 ], [ 258982.408531606517499, 7040191.759082337841392 ], [ 258982.408531606517499, 7040196.762272927910089 ], [ 258977.405341016565217, 7040196.762272927910089 ], [ 258977.405341016565217, 7040201.765463517978787 ], [ 258972.402150426612934, 7040201.765463517978787 ], [ 258972.402150426612934, 7040206.768654108047485 ], [ 258967.398959836689755, 7040206.768654108047485 ], [ 258967.398959836689755, 7040211.771844698116183 ], [ 258962.395769246737473, 7040211.771844698116183 ], [ 258962.395769246737473, 7040216.775035288184881 ], [ 258957.39257865678519, 7040216.775035288184881 ], [ 258957.39257865678519, 7040221.778225877322257 ], [ 258952.389388066832907, 7040221.778225877322257 ], [ 258952.389388066832907, 7040226.781416467390954 ], [ 258947.386197476880625, 7040226.781416467390954 ], [ 258947.386197476880625, 7040231.784607057459652 ], [ 258942.383006886928342, 7040231.784607057459652 ], [ 258942.383006886928342, 7040236.78779764752835 ], [ 258937.379816297005164, 7040236.78779764752835 ], [ 258937.379816297005164, 7040241.790988237597048 ], [ 258932.376625707052881, 7040241.790988237597048 ], [ 258932.376625707052881, 7040246.794178827665746 ], [ 258927.373435117100598, 7040246.794178827665746 ], [ 258927.373435117100598, 7040251.797369417734444 ], [ 258922.370244527148316, 7040251.797369417734444 ], [ 258922.370244527148316, 7040256.800560007803142 ], [ 258917.367053937196033, 7040256.800560007803142 ], [ 258917.367053937196033, 7040261.803750596940517 ], [ 258912.363863347272854, 7040261.803750596940517 ], [ 258912.363863347272854, 7040266.806941187009215 ], [ 258907.360672757320572, 7040266.806941187009215 ], [ 258907.360672757320572, 7040271.810131777077913 ], [ 258902.357482167368289, 7040271.810131777077913 ], [ 258902.357482167368289, 7040276.813322367146611 ], [ 258897.354291577416006, 7040276.813322367146611 ], [ 258897.354291577416006, 7040281.816512957215309 ], [ 258892.351100987463724, 7040281.816512957215309 ], [ 258892.351100987463724, 7040286.819703547284007 ], [ 258887.347910397511441, 7040286.819703547284007 ], [ 258887.347910397511441, 7040291.822894137352705 ], [ 258882.344719807588262, 7040291.822894137352705 ], [ 258882.344719807588262, 7040296.82608472649008 ], [ 258877.34152921763598, 7040296.82608472649008 ], [ 258877.34152921763598, 7040301.829275316558778 ], [ 258872.338338627683697, 7040301.829275316558778 ], [ 258872.338338627683697, 7040306.832465906627476 ], [ 258867.335148037731415, 7040306.832465906627476 ], [ 258867.335148037731415, 7040311.835656496696174 ], [ 258862.331957447779132, 7040311.835656496696174 ], [ 258862.331957447779132, 7040316.838847086764872 ], [ 258857.328766857855953, 7040316.838847086764872 ], [ 258857.328766857855953, 7040321.84203767683357 ], [ 258852.325576267903671, 7040321.84203767683357 ], [ 258852.325576267903671, 7040326.845228266902268 ], [ 258847.322385677951388, 7040326.845228266902268 ], [ 258847.322385677951388, 7040331.848418856970966 ], [ 258842.319195087999105, 7040331.848418856970966 ], [ 258842.319195087999105, 7040336.851609446108341 ], [ 258837.316004498046823, 7040336.851609446108341 ], [ 258837.316004498046823, 7040341.854800036177039 ], [ 258832.31281390809454, 7040341.854800036177039 ], [ 258832.31281390809454, 7040346.857990626245737 ], [ 258827.309623318171361, 7040346.857990626245737 ], [ 258827.309623318171361, 7040351.861181216314435 ], [ 258822.306432728219079, 7040351.861181216314435 ], [ 258822.306432728219079, 7040356.864371806383133 ], [ 258817.303242138266796, 7040356.864371806383133 ], [ 258817.303242138266796, 7040361.867562396451831 ], [ 258812.300051548314514, 7040361.867562396451831 ], [ 258812.300051548314514, 7040366.870752986520529 ], [ 258807.296860958362231, 7040366.870752986520529 ], [ 258807.296860958362231, 7040371.873943575657904 ], [ 258802.293670368439052, 7040371.873943575657904 ], [ 258802.293670368439052, 7040376.877134165726602 ], [ 258797.29047977848677, 7040376.877134165726602 ], [ 258797.29047977848677, 7040381.8803247557953 ], [ 258792.287289188534487, 7040381.8803247557953 ], [ 258792.287289188534487, 7040386.883515345863998 ], [ 258787.284098598582204, 7040386.883515345863998 ], [ 258787.284098598582204, 7040391.886705935932696 ], [ 258782.280908008629922, 7040391.886705935932696 ], [ 258782.280908008629922, 7040401.893087116070092 ], [ 258787.284098598582204, 7040401.893087116070092 ], [ 258787.284098598582204, 7040406.89627770613879 ], [ 258792.287289188534487, 7040406.89627770613879 ], [ 258792.287289188534487, 7040411.899468295276165 ], [ 258797.29047977848677, 7040411.899468295276165 ], [ 258797.29047977848677, 7040416.902658885344863 ], [ 258802.293670368439052, 7040416.902658885344863 ], [ 258802.293670368439052, 7040421.905849475413561 ], [ 258807.296860958362231, 7040421.905849475413561 ], [ 258807.296860958362231, 7040426.909040065482259 ], [ 258812.300051548314514, 7040426.909040065482259 ], [ 258812.300051548314514, 7040431.912230655550957 ], [ 258817.303242138266796, 7040431.912230655550957 ], [ 258817.303242138266796, 7040436.915421245619655 ], [ 258822.306432728219079, 7040436.915421245619655 ], [ 258822.306432728219079, 7040441.918611835688353 ], [ 258827.309623318171361, 7040441.918611835688353 ], [ 258827.309623318171361, 7040446.921802425757051 ], [ 258832.31281390809454, 7040446.921802425757051 ], [ 258832.31281390809454, 7040451.924993014894426 ], [ 258837.316004498046823, 7040451.924993014894426 ], [ 258837.316004498046823, 7040456.928183604963124 ], [ 258842.319195087999105, 7040456.928183604963124 ], [ 258842.319195087999105, 7040461.931374195031822 ], [ 258847.322385677951388, 7040461.931374195031822 ], [ 258847.322385677951388, 7040466.93456478510052 ], [ 258852.325576267903671, 7040466.93456478510052 ], [ 258852.325576267903671, 7040471.937755375169218 ], [ 258857.328766857855953, 7040471.937755375169218 ], [ 258857.328766857855953, 7040476.940945965237916 ], [ 258862.331957447779132, 7040476.940945965237916 ], [ 258862.331957447779132, 7040481.944136555306613 ], [ 258867.335148037731415, 7040481.944136555306613 ], [ 258867.335148037731415, 7040486.947327144443989 ], [ 258872.338338627683697, 7040486.947327144443989 ], [ 258872.338338627683697, 7040491.950517734512687 ], [ 258877.34152921763598, 7040491.950517734512687 ], [ 258877.34152921763598, 7040496.953708324581385 ], [ 258882.344719807588262, 7040496.953708324581385 ], [ 258882.344719807588262, 7040501.956898914650083 ], [ 258887.347910397511441, 7040501.956898914650083 ], [ 258887.347910397511441, 7040506.960089504718781 ], [ 258892.351100987463724, 7040506.960089504718781 ], [ 258892.351100987463724, 7040511.963280094787478 ], [ 258897.354291577416006, 7040511.963280094787478 ], [ 258897.354291577416006, 7040516.966470684856176 ], [ 258902.357482167368289, 7040516.966470684856176 ], [ 258902.357482167368289, 7040521.969661274924874 ], [ 258907.360672757320572, 7040521.969661274924874 ], [ 258907.360672757320572, 7040526.97285186406225 ], [ 258912.363863347272854, 7040526.97285186406225 ], [ 258912.363863347272854, 7040531.976042454130948 ], [ 258917.367053937196033, 7040531.976042454130948 ], [ 258917.367053937196033, 7040536.979233044199646 ], [ 258922.370244527148316, 7040536.979233044199646 ], [ 258922.370244527148316, 7040541.982423634268343 ], [ 258927.373435117100598, 7040541.982423634268343 ], [ 258927.373435117100598, 7040546.985614224337041 ], [ 258932.376625707052881, 7040546.985614224337041 ], [ 258932.376625707052881, 7040551.988804814405739 ], [ 258937.379816297005164, 7040551.988804814405739 ], [ 258937.379816297005164, 7040556.991995404474437 ], [ 258942.383006886928342, 7040556.991995404474437 ], [ 258942.383006886928342, 7040561.995185994543135 ], [ 258947.386197476880625, 7040561.995185994543135 ], [ 258947.386197476880625, 7040566.998376583680511 ], [ 258952.389388066832907, 7040566.998376583680511 ], [ 258952.389388066832907, 7040572.001567173749208 ], [ 258957.39257865678519, 7040572.001567173749208 ], [ 258957.39257865678519, 7040577.004757763817906 ], [ 258962.395769246737473, 7040577.004757763817906 ], [ 258962.395769246737473, 7040582.007948353886604 ], [ 258967.398959836689755, 7040582.007948353886604 ], [ 258967.398959836689755, 7040587.011138943955302 ], [ 258972.402150426612934, 7040587.011138943955302 ], [ 258972.402150426612934, 7040592.014329534024 ], [ 258977.405341016565217, 7040592.014329534024 ], [ 258977.405341016565217, 7040597.017520124092698 ], [ 258982.408531606517499, 7040597.017520124092698 ], [ 258982.408531606517499, 7040602.020710713230073 ], [ 258987.411722196469782, 7040602.020710713230073 ], [ 258987.411722196469782, 7040607.023901303298771 ], [ 258992.414912786422065, 7040607.023901303298771 ], [ 258992.414912786422065, 7040612.027091893367469 ], [ 258997.418103376345243, 7040612.027091893367469 ], [ 258997.418103376345243, 7040617.030282483436167 ], [ 259002.421293966297526, 7040617.030282483436167 ], [ 259002.421293966297526, 7040622.033473073504865 ], [ 259007.424484556249809, 7040622.033473073504865 ], [ 259007.424484556249809, 7040627.036663663573563 ], [ 259012.427675146202091, 7040627.036663663573563 ], [ 259012.427675146202091, 7040632.039854253642261 ], [ 259017.430865736154374, 7040632.039854253642261 ], [ 259017.430865736154374, 7040637.043044843710959 ], [ 259022.434056326106656, 7040637.043044843710959 ], [ 259022.434056326106656, 7040642.046235432848334 ], [ 259027.437246916029835, 7040642.046235432848334 ], [ 259027.437246916029835, 7040647.049426022917032 ], [ 259032.440437505982118, 7040647.049426022917032 ], [ 259032.440437505982118, 7040652.05261661298573 ], [ 259037.4436280959344, 7040652.05261661298573 ], [ 259037.4436280959344, 7040657.055807203054428 ], [ 259042.446818685886683, 7040657.055807203054428 ], [ 259042.446818685886683, 7040662.058997793123126 ], [ 259047.450009275838966, 7040662.058997793123126 ], [ 259047.450009275838966, 7040667.062188383191824 ], [ 259052.453199865762144, 7040667.062188383191824 ], [ 259052.453199865762144, 7040672.065378973260522 ], [ 259057.456390455714427, 7040672.065378973260522 ], [ 259057.456390455714427, 7040677.06856956332922 ], [ 259062.45958104566671, 7040677.06856956332922 ], [ 259062.45958104566671, 7040682.071760152466595 ], [ 259067.462771635618992, 7040682.071760152466595 ], [ 259067.462771635618992, 7040687.074950742535293 ], [ 259072.465962225571275, 7040687.074950742535293 ], [ 259072.465962225571275, 7040692.078141332603991 ], [ 259077.469152815523557, 7040692.078141332603991 ], [ 259077.469152815523557, 7040697.081331922672689 ], [ 259082.472343405446736, 7040697.081331922672689 ], [ 259082.472343405446736, 7040702.084522512741387 ], [ 259087.475533995399019, 7040702.084522512741387 ], [ 259087.475533995399019, 7040707.087713102810085 ], [ 259092.478724585351301, 7040707.087713102810085 ], [ 259092.478724585351301, 7040712.090903692878783 ], [ 259097.481915175303584, 7040712.090903692878783 ], [ 259097.481915175303584, 7040717.094094282016158 ], [ 259102.485105765255867, 7040717.094094282016158 ], [ 259102.485105765255867, 7040722.097284872084856 ], [ 259107.488296355179045, 7040722.097284872084856 ], [ 259107.488296355179045, 7040727.100475462153554 ], [ 259112.491486945131328, 7040727.100475462153554 ], [ 259112.491486945131328, 7040732.103666052222252 ], [ 259117.494677535083611, 7040732.103666052222252 ], [ 259117.494677535083611, 7040737.10685664229095 ], [ 259122.497868125035893, 7040737.10685664229095 ], [ 259122.497868125035893, 7040742.110047232359648 ], [ 259127.501058714988176, 7040742.110047232359648 ], [ 259127.501058714988176, 7040747.113237822428346 ], [ 259132.504249304911355, 7040747.113237822428346 ], [ 259132.504249304911355, 7040752.116428412497044 ], [ 259137.507439894863637, 7040752.116428412497044 ], [ 259137.507439894863637, 7040757.119619001634419 ], [ 259142.51063048481592, 7040757.119619001634419 ], [ 259142.51063048481592, 7040762.122809591703117 ], [ 259147.513821074768202, 7040762.122809591703117 ], [ 259147.513821074768202, 7040767.126000181771815 ], [ 259152.517011664720485, 7040767.126000181771815 ], [ 259152.517011664720485, 7040772.129190771840513 ], [ 259157.520202254672768, 7040772.129190771840513 ], [ 259157.520202254672768, 7040777.132381361909211 ], [ 259162.523392844595946, 7040777.132381361909211 ], [ 259162.523392844595946, 7040782.135571951977909 ], [ 259167.526583434548229, 7040782.135571951977909 ], [ 259167.526583434548229, 7040787.138762542046607 ], [ 259172.529774024500512, 7040787.138762542046607 ], [ 259172.529774024500512, 7040792.141953132115304 ], [ 259177.532964614452794, 7040792.141953132115304 ], [ 259177.532964614452794, 7040797.14514372125268 ], [ 259182.536155204405077, 7040797.14514372125268 ], [ 259182.536155204405077, 7040802.148334311321378 ], [ 259187.539345794328256, 7040802.148334311321378 ], [ 259187.539345794328256, 7040807.151524901390076 ], [ 259192.542536384280538, 7040807.151524901390076 ], [ 259192.542536384280538, 7040812.154715491458774 ], [ 259197.545726974232821, 7040812.154715491458774 ], [ 259197.545726974232821, 7040817.157906081527472 ], [ 259202.548917564185103, 7040817.157906081527472 ], [ 259202.548917564185103, 7040822.161096671596169 ], [ 259207.552108154137386, 7040822.161096671596169 ], [ 259207.552108154137386, 7040827.164287261664867 ], [ 259212.555298744089669, 7040827.164287261664867 ], [ 259212.555298744089669, 7040832.167477850802243 ], [ 259217.558489334012847, 7040832.167477850802243 ], [ 259217.558489334012847, 7040837.170668440870941 ], [ 259222.56167992396513, 7040837.170668440870941 ], [ 259222.56167992396513, 7040842.173859030939639 ], [ 259227.564870513917413, 7040842.173859030939639 ], [ 259227.564870513917413, 7040847.177049621008337 ], [ 259232.568061103869695, 7040847.177049621008337 ], [ 259232.568061103869695, 7040852.180240211077034 ], [ 259237.571251693821978, 7040852.180240211077034 ], [ 259237.571251693821978, 7040857.183430801145732 ], [ 259242.574442283745157, 7040857.183430801145732 ], [ 259242.574442283745157, 7040862.18662139121443 ], [ 259247.577632873697439, 7040862.18662139121443 ], [ 259247.577632873697439, 7040867.189811981283128 ], [ 259252.580823463649722, 7040867.189811981283128 ], [ 259252.580823463649722, 7040872.193002570420504 ], [ 259257.584014053602004, 7040872.193002570420504 ], [ 259257.584014053602004, 7040877.196193160489202 ], [ 259262.587204643554287, 7040877.196193160489202 ], [ 259262.587204643554287, 7040882.199383750557899 ], [ 259267.59039523350657, 7040882.199383750557899 ], [ 259267.59039523350657, 7040887.202574340626597 ], [ 259272.593585823429748, 7040887.202574340626597 ], [ 259272.593585823429748, 7040892.205764930695295 ], [ 259277.596776413382031, 7040892.205764930695295 ], [ 259277.596776413382031, 7040897.208955520763993 ], [ 259282.599967003334314, 7040897.208955520763993 ], [ 259282.599967003334314, 7040902.212146110832691 ], [ 259287.603157593286596, 7040902.212146110832691 ], [ 259287.603157593286596, 7040907.215336700901389 ], [ 259292.606348183238879, 7040907.215336700901389 ], [ 259292.606348183238879, 7040912.218527290038764 ], [ 259297.609538773162058, 7040912.218527290038764 ], [ 259297.609538773162058, 7040917.221717880107462 ], [ 259302.61272936311434, 7040917.221717880107462 ], [ 259302.61272936311434, 7040922.22490847017616 ], [ 259307.615919953066623, 7040922.22490847017616 ], [ 259307.615919953066623, 7040927.228099060244858 ], [ 259312.619110543018905, 7040927.228099060244858 ], [ 259312.619110543018905, 7040932.231289650313556 ], [ 259317.622301132971188, 7040932.231289650313556 ], [ 259317.622301132971188, 7040937.234480240382254 ], [ 259322.625491722923471, 7040937.234480240382254 ], [ 259322.625491722923471, 7040942.237670830450952 ], [ 259327.628682312846649, 7040942.237670830450952 ], [ 259327.628682312846649, 7040947.240861419588327 ], [ 259332.631872902798932, 7040947.240861419588327 ], [ 259332.631872902798932, 7040952.244052009657025 ], [ 259337.635063492751215, 7040952.244052009657025 ], [ 259337.635063492751215, 7040957.247242599725723 ], [ 259342.638254082703497, 7040957.247242599725723 ], [ 259342.638254082703497, 7040962.250433189794421 ], [ 259347.64144467265578, 7040962.250433189794421 ], [ 259347.64144467265578, 7040967.253623779863119 ], [ 259352.644635262578959, 7040967.253623779863119 ], [ 259352.644635262578959, 7040972.256814369931817 ], [ 259357.647825852531241, 7040972.256814369931817 ], [ 259357.647825852531241, 7040977.260004960000515 ], [ 259362.651016442483524, 7040977.260004960000515 ], [ 259362.651016442483524, 7040982.263195550069213 ], [ 259367.654207032435806, 7040982.263195550069213 ], [ 259367.654207032435806, 7040987.266386139206588 ], [ 259372.657397622388089, 7040987.266386139206588 ], [ 259372.657397622388089, 7040992.269576729275286 ], [ 259377.660588212340372, 7040992.269576729275286 ], [ 259377.660588212340372, 7040997.272767319343984 ], [ 259382.66377880226355, 7040997.272767319343984 ], [ 259382.66377880226355, 7041002.275957909412682 ], [ 259387.666969392215833, 7041002.275957909412682 ], [ 259387.666969392215833, 7041007.27914849948138 ], [ 259392.670159982168116, 7041007.27914849948138 ], [ 259392.670159982168116, 7041012.282339089550078 ], [ 259397.673350572120398, 7041012.282339089550078 ], [ 259397.673350572120398, 7041017.285529679618776 ], [ 259402.676541162072681, 7041017.285529679618776 ], [ 259402.676541162072681, 7041022.288720269687474 ], [ 259407.67973175199586, 7041022.288720269687474 ], [ 259407.67973175199586, 7041027.291910858824849 ], [ 259412.682922341948142, 7041027.291910858824849 ], [ 259412.682922341948142, 7041032.295101448893547 ], [ 259417.686112931900425, 7041032.295101448893547 ], [ 259417.686112931900425, 7041037.298292038962245 ], [ 259422.689303521852707, 7041037.298292038962245 ], [ 259422.689303521852707, 7041042.301482629030943 ], [ 259427.69249411180499, 7041042.301482629030943 ], [ 259427.69249411180499, 7041047.304673219099641 ], [ 259432.695684701757273, 7041047.304673219099641 ], [ 259432.695684701757273, 7041052.307863809168339 ], [ 259437.698875291680451, 7041052.307863809168339 ], [ 259437.698875291680451, 7041057.311054399237037 ], [ 259442.702065881632734, 7041057.311054399237037 ], [ 259442.702065881632734, 7041062.314244988374412 ], [ 259447.705256471585017, 7041062.314244988374412 ], [ 259447.705256471585017, 7041067.31743557844311 ], [ 259452.708447061537299, 7041067.31743557844311 ], [ 259452.708447061537299, 7041072.320626168511808 ], [ 259457.711637651489582, 7041072.320626168511808 ], [ 259457.711637651489582, 7041077.323816758580506 ], [ 259462.714828241412761, 7041077.323816758580506 ], [ 259462.714828241412761, 7041082.327007348649204 ], [ 259467.718018831365043, 7041082.327007348649204 ], [ 259467.718018831365043, 7041087.330197938717902 ], [ 259472.721209421317326, 7041087.330197938717902 ], [ 259472.721209421317326, 7041092.3333885287866 ], [ 259477.724400011269609, 7041092.3333885287866 ], [ 259477.724400011269609, 7041097.336579118855298 ], [ 259482.727590601221891, 7041097.336579118855298 ], [ 259482.727590601221891, 7041102.339769707992673 ], [ 259487.730781191174174, 7041102.339769707992673 ], [ 259487.730781191174174, 7041107.342960298061371 ], [ 259492.733971781097353, 7041107.342960298061371 ], [ 259492.733971781097353, 7041112.346150888130069 ], [ 259497.737162371049635, 7041112.346150888130069 ], [ 259497.737162371049635, 7041117.349341478198767 ], [ 259502.740352961001918, 7041117.349341478198767 ], [ 259502.740352961001918, 7041122.352532068267465 ], [ 259507.7435435509542, 7041122.352532068267465 ], [ 259507.7435435509542, 7041127.355722658336163 ], [ 259512.746734140906483, 7041127.355722658336163 ], [ 259512.746734140906483, 7041132.35891324840486 ], [ 259517.749924730829662, 7041132.35891324840486 ], [ 259517.749924730829662, 7041137.362103838473558 ], [ 259522.753115320781944, 7041137.362103838473558 ], [ 259522.753115320781944, 7041142.365294427610934 ], [ 259527.756305910734227, 7041142.365294427610934 ], [ 259527.756305910734227, 7041147.368485017679632 ], [ 259532.75949650068651, 7041147.368485017679632 ], [ 259532.75949650068651, 7041152.37167560774833 ], [ 259537.762687090638792, 7041152.37167560774833 ], [ 259537.762687090638792, 7041157.374866197817028 ], [ 259542.765877680591075, 7041157.374866197817028 ], [ 259542.765877680591075, 7041162.378056787885725 ], [ 259547.769068270514254, 7041162.378056787885725 ], [ 259547.769068270514254, 7041167.381247377954423 ], [ 259552.772258860466536, 7041167.381247377954423 ], [ 259552.772258860466536, 7041172.384437968023121 ], [ 259557.775449450418819, 7041172.384437968023121 ], [ 259557.775449450418819, 7041177.387628557160497 ], [ 259562.778640040371101, 7041177.387628557160497 ], [ 259562.778640040371101, 7041182.390819147229195 ], [ 259567.781830630323384, 7041182.390819147229195 ], [ 259567.781830630323384, 7041187.394009737297893 ], [ 259572.785021220246563, 7041187.394009737297893 ], [ 259572.785021220246563, 7041192.39720032736659 ], [ 259577.788211810198845, 7041192.39720032736659 ], [ 259577.788211810198845, 7041197.400390917435288 ], [ 259582.791402400151128, 7041197.400390917435288 ], [ 259582.791402400151128, 7041202.403581507503986 ], [ 259587.794592990103411, 7041202.403581507503986 ], [ 259587.794592990103411, 7041207.406772097572684 ], [ 259592.797783580055693, 7041207.406772097572684 ], [ 259592.797783580055693, 7041212.409962687641382 ], [ 259597.800974170007976, 7041212.409962687641382 ], [ 259597.800974170007976, 7041217.413153276778758 ], [ 259602.804164759931155, 7041217.413153276778758 ], [ 259602.804164759931155, 7041222.416343866847456 ], [ 259607.807355349883437, 7041222.416343866847456 ], [ 259607.807355349883437, 7041227.419534456916153 ], [ 259612.81054593983572, 7041227.419534456916153 ], [ 259612.81054593983572, 7041232.422725046984851 ], [ 259617.813736529788002, 7041232.422725046984851 ], [ 259617.813736529788002, 7041237.425915637053549 ], [ 259622.816927119740285, 7041237.425915637053549 ], [ 259622.816927119740285, 7041242.429106227122247 ], [ 259627.820117709663464, 7041242.429106227122247 ], [ 259627.820117709663464, 7041247.432296817190945 ], [ 259632.823308299615746, 7041247.432296817190945 ], [ 259632.823308299615746, 7041252.435487406328321 ], [ 259637.826498889568029, 7041252.435487406328321 ], [ 259637.826498889568029, 7041257.438677996397018 ], [ 259642.829689479520312, 7041257.438677996397018 ], [ 259642.829689479520312, 7041262.441868586465716 ], [ 259647.832880069472594, 7041262.441868586465716 ], [ 259647.832880069472594, 7041267.445059176534414 ], [ 259652.836070659424877, 7041267.445059176534414 ], [ 259652.836070659424877, 7041272.448249766603112 ], [ 259657.839261249348056, 7041272.448249766603112 ], [ 259657.839261249348056, 7041277.45144035667181 ], [ 259662.842451839300338, 7041277.45144035667181 ], [ 259662.842451839300338, 7041282.454630946740508 ], [ 259667.845642429252621, 7041282.454630946740508 ], [ 259667.845642429252621, 7041287.457821536809206 ], [ 259672.848833019204903, 7041287.457821536809206 ], [ 259672.848833019204903, 7041292.461012125946581 ], [ 259677.852023609157186, 7041292.461012125946581 ], [ 259677.852023609157186, 7041297.464202716015279 ], [ 259682.855214199080365, 7041297.464202716015279 ], [ 259682.855214199080365, 7041302.467393306083977 ], [ 259687.858404789032647, 7041302.467393306083977 ], [ 259687.858404789032647, 7041307.470583896152675 ], [ 259692.86159537898493, 7041307.470583896152675 ], [ 259692.86159537898493, 7041312.473774486221373 ], [ 259697.864785968937213, 7041312.473774486221373 ], [ 259697.864785968937213, 7041317.476965076290071 ], [ 259702.867976558889495, 7041317.476965076290071 ], [ 259702.867976558889495, 7041322.480155666358769 ], [ 259707.871167148841778, 7041322.480155666358769 ], [ 259707.871167148841778, 7041327.483346256427467 ], [ 259712.874357738764957, 7041327.483346256427467 ], [ 259712.874357738764957, 7041332.486536845564842 ], [ 259717.877548328717239, 7041332.486536845564842 ], [ 259717.877548328717239, 7041337.48972743563354 ], [ 259722.880738918669522, 7041337.48972743563354 ], [ 259722.880738918669522, 7041342.492918025702238 ], [ 259727.883929508621804, 7041342.492918025702238 ], [ 259727.883929508621804, 7041347.496108615770936 ], [ 259732.887120098574087, 7041347.496108615770936 ], [ 259732.887120098574087, 7041352.499299205839634 ], [ 259737.890310688497266, 7041352.499299205839634 ], [ 259737.890310688497266, 7041357.502489795908332 ], [ 259742.893501278449548, 7041357.502489795908332 ], [ 259742.893501278449548, 7041362.50568038597703 ], [ 259747.896691868401831, 7041362.50568038597703 ], [ 259747.896691868401831, 7041367.508870975114405 ], [ 259752.899882458354114, 7041367.508870975114405 ], [ 259752.899882458354114, 7041372.512061565183103 ], [ 259757.903073048306396, 7041372.512061565183103 ], [ 259757.903073048306396, 7041377.515252155251801 ], [ 259762.906263638258679, 7041377.515252155251801 ], [ 259762.906263638258679, 7041382.518442745320499 ], [ 259767.909454228181858, 7041382.518442745320499 ], [ 259767.909454228181858, 7041387.521633335389197 ], [ 259772.91264481813414, 7041387.521633335389197 ], [ 259772.91264481813414, 7041392.524823925457895 ], [ 259777.915835408086423, 7041392.524823925457895 ], [ 259777.915835408086423, 7041397.528014515526593 ], [ 259772.91264481813414, 7041397.528014515526593 ], [ 259772.91264481813414, 7041402.531205105595291 ], [ 259767.909454228181858, 7041402.531205105595291 ], [ 259767.909454228181858, 7041407.534395694732666 ], [ 259762.906263638258679, 7041407.534395694732666 ], [ 259762.906263638258679, 7041412.537586284801364 ], [ 259757.903073048306396, 7041412.537586284801364 ], [ 259757.903073048306396, 7041417.540776874870062 ], [ 259752.899882458354114, 7041417.540776874870062 ], [ 259752.899882458354114, 7041422.54396746493876 ], [ 259747.896691868401831, 7041422.54396746493876 ], [ 259747.896691868401831, 7041427.547158055007458 ], [ 259742.893501278449548, 7041427.547158055007458 ], [ 259742.893501278449548, 7041432.550348645076156 ], [ 259737.890310688497266, 7041432.550348645076156 ], [ 259737.890310688497266, 7041437.553539235144854 ], [ 259732.887120098574087, 7041437.553539235144854 ], [ 259732.887120098574087, 7041442.556729825213552 ], [ 259727.883929508621804, 7041442.556729825213552 ], [ 259727.883929508621804, 7041447.559920414350927 ], [ 259722.880738918669522, 7041447.559920414350927 ], [ 259722.880738918669522, 7041452.563111004419625 ], [ 259717.877548328717239, 7041452.563111004419625 ], [ 259717.877548328717239, 7041457.566301594488323 ], [ 259712.874357738764957, 7041457.566301594488323 ], [ 259712.874357738764957, 7041462.569492184557021 ], [ 259707.871167148841778, 7041462.569492184557021 ], [ 259707.871167148841778, 7041467.572682774625719 ], [ 259702.867976558889495, 7041467.572682774625719 ], [ 259702.867976558889495, 7041472.575873364694417 ], [ 259697.864785968937213, 7041472.575873364694417 ], [ 259697.864785968937213, 7041477.579063954763114 ], [ 259692.86159537898493, 7041477.579063954763114 ], [ 259692.86159537898493, 7041482.58225454390049 ], [ 259687.858404789032647, 7041482.58225454390049 ], [ 259687.858404789032647, 7041487.585445133969188 ], [ 259682.855214199080365, 7041487.585445133969188 ], [ 259682.855214199080365, 7041492.588635724037886 ], [ 259677.852023609157186, 7041492.588635724037886 ], [ 259677.852023609157186, 7041497.591826314106584 ], [ 259672.848833019204903, 7041497.591826314106584 ], [ 259672.848833019204903, 7041502.595016904175282 ], [ 259667.845642429252621, 7041502.595016904175282 ], [ 259667.845642429252621, 7041507.598207494243979 ], [ 259662.842451839300338, 7041507.598207494243979 ], [ 259662.842451839300338, 7041512.601398084312677 ], [ 259657.839261249348056, 7041512.601398084312677 ], [ 259657.839261249348056, 7041517.604588674381375 ], [ 259652.836070659424877, 7041517.604588674381375 ], [ 259652.836070659424877, 7041522.607779263518751 ], [ 259647.832880069472594, 7041522.607779263518751 ], [ 259647.832880069472594, 7041527.610969853587449 ], [ 259642.829689479520312, 7041527.610969853587449 ], [ 259642.829689479520312, 7041532.614160443656147 ], [ 259637.826498889568029, 7041532.614160443656147 ], [ 259637.826498889568029, 7041537.617351033724844 ], [ 259632.823308299615746, 7041537.617351033724844 ], [ 259632.823308299615746, 7041542.620541623793542 ], [ 259627.820117709663464, 7041542.620541623793542 ], [ 259627.820117709663464, 7041547.62373221386224 ], [ 259622.816927119740285, 7041547.62373221386224 ], [ 259622.816927119740285, 7041552.626922803930938 ], [ 259617.813736529788002, 7041552.626922803930938 ], [ 259617.813736529788002, 7041557.630113393999636 ], [ 259612.81054593983572, 7041557.630113393999636 ], [ 259612.81054593983572, 7041562.633303983137012 ], [ 259607.807355349883437, 7041562.633303983137012 ], [ 259607.807355349883437, 7041567.636494573205709 ], [ 259602.804164759931155, 7041567.636494573205709 ], [ 259602.804164759931155, 7041572.639685163274407 ], [ 259597.800974170007976, 7041572.639685163274407 ], [ 259597.800974170007976, 7041577.642875753343105 ], [ 259592.797783580055693, 7041577.642875753343105 ], [ 259592.797783580055693, 7041582.646066343411803 ], [ 259587.794592990103411, 7041582.646066343411803 ], [ 259587.794592990103411, 7041587.649256933480501 ], [ 259582.791402400151128, 7041587.649256933480501 ], [ 259582.791402400151128, 7041592.652447523549199 ], [ 259577.788211810198845, 7041592.652447523549199 ], [ 259577.788211810198845, 7041597.655638112686574 ], [ 259572.785021220246563, 7041597.655638112686574 ], [ 259572.785021220246563, 7041602.658828702755272 ], [ 259567.781830630323384, 7041602.658828702755272 ], [ 259567.781830630323384, 7041607.66201929282397 ], [ 259562.778640040371101, 7041607.66201929282397 ], [ 259562.778640040371101, 7041612.665209882892668 ], [ 259557.775449450418819, 7041612.665209882892668 ], [ 259557.775449450418819, 7041617.668400472961366 ], [ 259552.772258860466536, 7041617.668400472961366 ], [ 259552.772258860466536, 7041622.671591063030064 ], [ 259547.769068270514254, 7041622.671591063030064 ], [ 259547.769068270514254, 7041627.674781653098762 ], [ 259542.765877680591075, 7041627.674781653098762 ], [ 259542.765877680591075, 7041632.67797224316746 ], [ 259537.762687090638792, 7041632.67797224316746 ], [ 259537.762687090638792, 7041637.681162832304835 ], [ 259532.75949650068651, 7041637.681162832304835 ], [ 259532.75949650068651, 7041642.684353422373533 ], [ 259527.756305910734227, 7041642.684353422373533 ], [ 259527.756305910734227, 7041647.687544012442231 ], [ 259522.753115320781944, 7041647.687544012442231 ], [ 259522.753115320781944, 7041652.690734602510929 ], [ 259517.749924730829662, 7041652.690734602510929 ], [ 259517.749924730829662, 7041657.693925192579627 ], [ 259512.746734140906483, 7041657.693925192579627 ], [ 259512.746734140906483, 7041662.697115782648325 ], [ 259507.7435435509542, 7041662.697115782648325 ], [ 259507.7435435509542, 7041667.700306372717023 ], [ 259502.740352961001918, 7041667.700306372717023 ], [ 259502.740352961001918, 7041672.703496962785721 ], [ 259497.737162371049635, 7041672.703496962785721 ], [ 259497.737162371049635, 7041677.706687551923096 ], [ 259492.733971781097353, 7041677.706687551923096 ], [ 259492.733971781097353, 7041682.709878141991794 ], [ 259487.730781191174174, 7041682.709878141991794 ], [ 259487.730781191174174, 7041687.713068732060492 ], [ 259482.727590601221891, 7041687.713068732060492 ], [ 259482.727590601221891, 7041692.71625932212919 ], [ 259477.724400011269609, 7041692.71625932212919 ], [ 259477.724400011269609, 7041697.719449912197888 ], [ 259472.721209421317326, 7041697.719449912197888 ], [ 259472.721209421317326, 7041702.722640502266586 ], [ 259467.718018831365043, 7041702.722640502266586 ], [ 259467.718018831365043, 7041707.725831092335284 ], [ 259462.714828241412761, 7041707.725831092335284 ], [ 259462.714828241412761, 7041712.729021681472659 ], [ 259457.711637651489582, 7041712.729021681472659 ], [ 259457.711637651489582, 7041717.732212271541357 ], [ 259452.708447061537299, 7041717.732212271541357 ], [ 259452.708447061537299, 7041722.735402861610055 ], [ 259447.705256471585017, 7041722.735402861610055 ], [ 259447.705256471585017, 7041727.738593451678753 ], [ 259442.702065881632734, 7041727.738593451678753 ], [ 259442.702065881632734, 7041732.741784041747451 ], [ 259437.698875291680451, 7041732.741784041747451 ], [ 259437.698875291680451, 7041737.744974631816149 ], [ 259432.695684701757273, 7041737.744974631816149 ], [ 259432.695684701757273, 7041742.748165221884847 ], [ 259427.69249411180499, 7041742.748165221884847 ], [ 259427.69249411180499, 7041747.751355811953545 ], [ 259422.689303521852707, 7041747.751355811953545 ], [ 259422.689303521852707, 7041752.75454640109092 ], [ 259417.686112931900425, 7041752.75454640109092 ], [ 259417.686112931900425, 7041757.757736991159618 ], [ 259412.682922341948142, 7041757.757736991159618 ], [ 259412.682922341948142, 7041762.760927581228316 ], [ 259407.67973175199586, 7041762.760927581228316 ], [ 259407.67973175199586, 7041767.764118171297014 ], [ 259402.676541162072681, 7041767.764118171297014 ], [ 259402.676541162072681, 7041772.767308761365712 ], [ 259397.673350572120398, 7041772.767308761365712 ], [ 259397.673350572120398, 7041777.77049935143441 ], [ 259392.670159982168116, 7041777.77049935143441 ], [ 259392.670159982168116, 7041782.773689941503108 ], [ 259387.666969392215833, 7041782.773689941503108 ], [ 259387.666969392215833, 7041787.776880531571805 ], [ 259382.66377880226355, 7041787.776880531571805 ], [ 259382.66377880226355, 7041792.780071120709181 ], [ 259377.660588212340372, 7041792.780071120709181 ], [ 259377.660588212340372, 7041797.783261710777879 ], [ 259372.657397622388089, 7041797.783261710777879 ], [ 259372.657397622388089, 7041802.786452300846577 ], [ 259367.654207032435806, 7041802.786452300846577 ], [ 259367.654207032435806, 7041807.789642890915275 ], [ 259362.651016442483524, 7041807.789642890915275 ], [ 259362.651016442483524, 7041812.792833480983973 ], [ 259357.647825852531241, 7041812.792833480983973 ], [ 259357.647825852531241, 7041817.79602407105267 ], [ 259352.644635262578959, 7041817.79602407105267 ], [ 259352.644635262578959, 7041822.799214661121368 ], [ 259347.64144467265578, 7041822.799214661121368 ], [ 259347.64144467265578, 7041827.802405250258744 ], [ 259342.638254082703497, 7041827.802405250258744 ], [ 259342.638254082703497, 7041832.805595840327442 ], [ 259337.635063492751215, 7041832.805595840327442 ], [ 259337.635063492751215, 7041837.80878643039614 ], [ 259332.631872902798932, 7041837.80878643039614 ], [ 259332.631872902798932, 7041842.811977020464838 ], [ 259327.628682312846649, 7041842.811977020464838 ], [ 259327.628682312846649, 7041847.815167610533535 ], [ 259322.625491722923471, 7041847.815167610533535 ], [ 259322.625491722923471, 7041852.818358200602233 ], [ 259317.622301132971188, 7041852.818358200602233 ], [ 259317.622301132971188, 7041857.821548790670931 ], [ 259312.619110543018905, 7041857.821548790670931 ], [ 259312.619110543018905, 7041862.824739380739629 ], [ 259307.615919953066623, 7041862.824739380739629 ], [ 259307.615919953066623, 7041867.827929969877005 ], [ 259302.61272936311434, 7041867.827929969877005 ], [ 259302.61272936311434, 7041872.831120559945703 ], [ 259297.609538773162058, 7041872.831120559945703 ], [ 259297.609538773162058, 7041877.8343111500144 ], [ 259292.606348183238879, 7041877.8343111500144 ], [ 259292.606348183238879, 7041882.837501740083098 ], [ 259287.603157593286596, 7041882.837501740083098 ], [ 259287.603157593286596, 7041887.840692330151796 ], [ 259282.599967003334314, 7041887.840692330151796 ], [ 259282.599967003334314, 7041892.843882920220494 ], [ 259277.596776413382031, 7041892.843882920220494 ], [ 259277.596776413382031, 7041897.847073510289192 ], [ 259272.593585823429748, 7041897.847073510289192 ], [ 259272.593585823429748, 7041902.85026410035789 ], [ 259267.59039523350657, 7041902.85026410035789 ], [ 259267.59039523350657, 7041907.853454689495265 ], [ 259262.587204643554287, 7041907.853454689495265 ], [ 259262.587204643554287, 7041912.856645279563963 ], [ 259257.584014053602004, 7041912.856645279563963 ], [ 259257.584014053602004, 7041917.859835869632661 ], [ 259252.580823463649722, 7041917.859835869632661 ], [ 259252.580823463649722, 7041922.863026459701359 ], [ 259247.577632873697439, 7041922.863026459701359 ] ], [ [ 257761.630027659441112, 7041452.563111004419625 ], [ 257771.636408839345677, 7041452.563111004419625 ], [ 257771.636408839345677, 7041447.559920414350927 ], [ 257776.639599429297959, 7041447.559920414350927 ], [ 257776.639599429297959, 7041442.556729825213552 ], [ 257781.642790019250242, 7041442.556729825213552 ], [ 257781.642790019250242, 7041427.547158055007458 ], [ 257776.639599429297959, 7041427.547158055007458 ], [ 257776.639599429297959, 7041432.550348645076156 ], [ 257771.636408839345677, 7041432.550348645076156 ], [ 257771.636408839345677, 7041437.553539235144854 ], [ 257761.630027659441112, 7041437.553539235144854 ], [ 257761.630027659441112, 7041442.556729825213552 ], [ 257756.626837069517933, 7041442.556729825213552 ], [ 257756.626837069517933, 7041447.559920414350927 ], [ 257761.630027659441112, 7041447.559920414350927 ], [ 257761.630027659441112, 7041452.563111004419625 ] ], [ [ 258602.166046770551475, 7039266.168823197484016 ], [ 258607.169237360503757, 7039266.168823197484016 ], [ 258607.169237360503757, 7039261.165632608346641 ], [ 258612.172427950426936, 7039261.165632608346641 ], [ 258612.172427950426936, 7039256.162442018277943 ], [ 258617.175618540379219, 7039256.162442018277943 ], [ 258617.175618540379219, 7039246.156060838140547 ], [ 258622.178809130331501, 7039246.156060838140547 ], [ 258622.178809130331501, 7039196.124154938384891 ], [ 258627.181999720283784, 7039196.124154938384891 ], [ 258627.181999720283784, 7039191.120964348316193 ], [ 258632.185190310236067, 7039191.120964348316193 ], [ 258632.185190310236067, 7039181.114583169110119 ], [ 258637.188380900188349, 7039181.114583169110119 ], [ 258637.188380900188349, 7039176.111392579041421 ], [ 258642.191571490111528, 7039176.111392579041421 ], [ 258642.191571490111528, 7039171.108201988972723 ], [ 258647.194762080063811, 7039171.108201988972723 ], [ 258647.194762080063811, 7039161.101820808835328 ], [ 258652.197952670016093, 7039161.101820808835328 ], [ 258652.197952670016093, 7039141.089058449491858 ], [ 258657.201143259968376, 7039141.089058449491858 ], [ 258657.201143259968376, 7039131.082677269354463 ], [ 258662.204333849920658, 7039131.082677269354463 ], [ 258662.204333849920658, 7039126.079486679285765 ], [ 258667.207524439843837, 7039126.079486679285765 ], [ 258667.207524439843837, 7039116.073105499148369 ], [ 258672.21071502979612, 7039116.073105499148369 ], [ 258672.21071502979612, 7039111.069914909079671 ], [ 258677.213905619748402, 7039111.069914909079671 ], [ 258677.213905619748402, 7039101.063533729873598 ], [ 258682.217096209700685, 7039101.063533729873598 ], [ 258682.217096209700685, 7039091.057152549736202 ], [ 258687.220286799652968, 7039091.057152549736202 ], [ 258687.220286799652968, 7039081.050771369598806 ], [ 258692.22347738960525, 7039081.050771369598806 ], [ 258692.22347738960525, 7039076.047580779530108 ], [ 258697.226667979528429, 7039076.047580779530108 ], [ 258697.226667979528429, 7039071.04439018946141 ], [ 258712.236239749385277, 7039071.04439018946141 ], [ 258712.236239749385277, 7039066.041199600324035 ], [ 258717.239430339337559, 7039066.041199600324035 ], [ 258717.239430339337559, 7039056.034818420186639 ], [ 258722.242620929260738, 7039056.034818420186639 ], [ 258722.242620929260738, 7039041.025246649980545 ], [ 258727.245811519213021, 7039041.025246649980545 ], [ 258727.245811519213021, 7039026.015674880705774 ], [ 258732.249002109165303, 7039026.015674880705774 ], [ 258732.249002109165303, 7039016.009293700568378 ], [ 258737.252192699117586, 7039016.009293700568378 ], [ 258737.252192699117586, 7039000.999721930362284 ], [ 258742.255383289069869, 7039000.999721930362284 ], [ 258742.255383289069869, 7038970.980578390881419 ], [ 258747.258573879022151, 7038970.980578390881419 ], [ 258747.258573879022151, 7038960.974197210744023 ], [ 258752.26176446894533, 7038960.974197210744023 ], [ 258752.26176446894533, 7038940.961434851400554 ], [ 258757.264955058897613, 7038940.961434851400554 ], [ 258757.264955058897613, 7038935.958244261331856 ], [ 258762.268145648849895, 7038935.958244261331856 ], [ 258762.268145648849895, 7038930.955053671263158 ], [ 258767.271336238802178, 7038930.955053671263158 ], [ 258767.271336238802178, 7038925.95186308119446 ], [ 258772.27452682875446, 7038925.95186308119446 ], [ 258772.27452682875446, 7038905.939100721850991 ], [ 258777.277717418677639, 7038905.939100721850991 ], [ 258777.277717418677639, 7038900.935910131782293 ], [ 258762.268145648849895, 7038900.935910131782293 ], [ 258762.268145648849895, 7038895.932719541713595 ], [ 258752.26176446894533, 7038895.932719541713595 ], [ 258752.26176446894533, 7038885.9263383615762 ], [ 258732.249002109165303, 7038885.9263383615762 ], [ 258732.249002109165303, 7038880.923147771507502 ], [ 258717.239430339337559, 7038880.923147771507502 ], [ 258717.239430339337559, 7038875.919957182370126 ], [ 258707.233049159432994, 7038875.919957182370126 ], [ 258707.233049159432994, 7038870.916766592301428 ], [ 258697.226667979528429, 7038870.916766592301428 ], [ 258697.226667979528429, 7038865.91357600223273 ], [ 258687.220286799652968, 7038865.91357600223273 ], [ 258687.220286799652968, 7038860.910385412164032 ], [ 258682.217096209700685, 7038860.910385412164032 ], [ 258682.217096209700685, 7038840.897623051889241 ], [ 258672.21071502979612, 7038840.897623051889241 ], [ 258672.21071502979612, 7038835.894432462751865 ], [ 258667.207524439843837, 7038835.894432462751865 ], [ 258667.207524439843837, 7038830.891241872683167 ], [ 258657.201143259968376, 7038830.891241872683167 ], [ 258657.201143259968376, 7038840.897623051889241 ], [ 258652.197952670016093, 7038840.897623051889241 ], [ 258652.197952670016093, 7038845.900813641957939 ], [ 258647.194762080063811, 7038845.900813641957939 ], [ 258647.194762080063811, 7038850.904004232026637 ], [ 258642.191571490111528, 7038850.904004232026637 ], [ 258642.191571490111528, 7038855.907194822095335 ], [ 258637.188380900188349, 7038855.907194822095335 ], [ 258637.188380900188349, 7038865.91357600223273 ], [ 258632.185190310236067, 7038865.91357600223273 ], [ 258632.185190310236067, 7038870.916766592301428 ], [ 258627.181999720283784, 7038870.916766592301428 ], [ 258627.181999720283784, 7038875.919957182370126 ], [ 258622.178809130331501, 7038875.919957182370126 ], [ 258622.178809130331501, 7038880.923147771507502 ], [ 258617.175618540379219, 7038880.923147771507502 ], [ 258617.175618540379219, 7038885.9263383615762 ], [ 258612.172427950426936, 7038885.9263383615762 ], [ 258612.172427950426936, 7038890.929528951644897 ], [ 258617.175618540379219, 7038890.929528951644897 ], [ 258617.175618540379219, 7038895.932719541713595 ], [ 258622.178809130331501, 7038895.932719541713595 ], [ 258622.178809130331501, 7038900.935910131782293 ], [ 258637.188380900188349, 7038900.935910131782293 ], [ 258637.188380900188349, 7038905.939100721850991 ], [ 258627.181999720283784, 7038905.939100721850991 ], [ 258627.181999720283784, 7038910.942291311919689 ], [ 258612.172427950426936, 7038910.942291311919689 ], [ 258612.172427950426936, 7038915.945481901988387 ], [ 258602.166046770551475, 7038915.945481901988387 ], [ 258602.166046770551475, 7038925.95186308119446 ], [ 258597.162856180599192, 7038925.95186308119446 ], [ 258597.162856180599192, 7038960.974197210744023 ], [ 258592.15966559064691, 7038960.974197210744023 ], [ 258592.15966559064691, 7038965.977387800812721 ], [ 258587.156475000694627, 7038965.977387800812721 ], [ 258587.156475000694627, 7038970.980578390881419 ], [ 258582.153284410771448, 7038970.980578390881419 ], [ 258582.153284410771448, 7038975.983768980950117 ], [ 258577.150093820819166, 7038975.983768980950117 ], [ 258577.150093820819166, 7038980.986959571018815 ], [ 258572.146903230866883, 7038980.986959571018815 ], [ 258572.146903230866883, 7038985.990150161087513 ], [ 258567.1437126409146, 7038985.990150161087513 ], [ 258567.1437126409146, 7038990.993340751156211 ], [ 258562.140522050962318, 7038990.993340751156211 ], [ 258562.140522050962318, 7039000.999721930362284 ], [ 258567.1437126409146, 7039000.999721930362284 ], [ 258567.1437126409146, 7039006.002912520430982 ], [ 258572.146903230866883, 7039006.002912520430982 ], [ 258572.146903230866883, 7039011.00610311049968 ], [ 258582.153284410771448, 7039011.00610311049968 ], [ 258582.153284410771448, 7039021.012484290637076 ], [ 258587.156475000694627, 7039021.012484290637076 ], [ 258587.156475000694627, 7039036.022056059911847 ], [ 258592.15966559064691, 7039036.022056059911847 ], [ 258592.15966559064691, 7039066.041199600324035 ], [ 258597.162856180599192, 7039066.041199600324035 ], [ 258597.162856180599192, 7039086.053961959667504 ], [ 258592.15966559064691, 7039086.053961959667504 ], [ 258592.15966559064691, 7039101.063533729873598 ], [ 258587.156475000694627, 7039101.063533729873598 ], [ 258587.156475000694627, 7039111.069914909079671 ], [ 258582.153284410771448, 7039111.069914909079671 ], [ 258582.153284410771448, 7039136.085867859423161 ], [ 258577.150093820819166, 7039136.085867859423161 ], [ 258577.150093820819166, 7039151.095439628697932 ], [ 258572.146903230866883, 7039151.095439628697932 ], [ 258572.146903230866883, 7039166.105011398904026 ], [ 258567.1437126409146, 7039166.105011398904026 ], [ 258567.1437126409146, 7039181.114583169110119 ], [ 258577.150093820819166, 7039181.114583169110119 ], [ 258577.150093820819166, 7039186.117773758247495 ], [ 258587.156475000694627, 7039186.117773758247495 ], [ 258587.156475000694627, 7039196.124154938384891 ], [ 258582.153284410771448, 7039196.124154938384891 ], [ 258582.153284410771448, 7039201.127345528453588 ], [ 258592.15966559064691, 7039201.127345528453588 ], [ 258592.15966559064691, 7039211.133726708590984 ], [ 258597.162856180599192, 7039211.133726708590984 ], [ 258597.162856180599192, 7039221.14010788872838 ], [ 258602.166046770551475, 7039221.14010788872838 ], [ 258602.166046770551475, 7039266.168823197484016 ] ], [ [ 258136.869321905483957, 7039186.117773758247495 ], [ 258171.891656035091728, 7039186.117773758247495 ], [ 258171.891656035091728, 7039166.105011398904026 ], [ 258166.888465445168549, 7039166.105011398904026 ], [ 258166.888465445168549, 7039151.095439628697932 ], [ 258161.885274855216267, 7039151.095439628697932 ], [ 258161.885274855216267, 7039146.092249039560556 ], [ 258156.882084265263984, 7039146.092249039560556 ], [ 258156.882084265263984, 7039141.089058449491858 ], [ 258151.878893675311701, 7039141.089058449491858 ], [ 258151.878893675311701, 7039136.085867859423161 ], [ 258141.87251249543624, 7039136.085867859423161 ], [ 258141.87251249543624, 7039131.082677269354463 ], [ 258136.869321905483957, 7039131.082677269354463 ], [ 258136.869321905483957, 7039116.073105499148369 ], [ 258131.866131315531675, 7039116.073105499148369 ], [ 258131.866131315531675, 7039121.076296089217067 ], [ 258126.862940725579392, 7039121.076296089217067 ], [ 258126.862940725579392, 7039126.079486679285765 ], [ 258121.85975013562711, 7039126.079486679285765 ], [ 258121.85975013562711, 7039146.092249039560556 ], [ 258126.862940725579392, 7039146.092249039560556 ], [ 258126.862940725579392, 7039151.095439628697932 ], [ 258131.866131315531675, 7039151.095439628697932 ], [ 258131.866131315531675, 7039161.101820808835328 ], [ 258136.869321905483957, 7039161.101820808835328 ], [ 258136.869321905483957, 7039171.108201988972723 ], [ 258131.866131315531675, 7039171.108201988972723 ], [ 258131.866131315531675, 7039181.114583169110119 ], [ 258136.869321905483957, 7039181.114583169110119 ], [ 258136.869321905483957, 7039186.117773758247495 ] ] ] } },
{ "type": "Feature", "properties": { "id": 11, "slope": 1 }, "geometry": { "type": "Polygon", "coordinates": [ [ [ 259532.75949650068651, 7035974.06941501237452 ], [ 259532.75949650068651, 7035969.066224423237145 ], [ 259527.756305910734227, 7035969.066224423237145 ], [ 259527.756305910734227, 7035964.063033833168447 ], [ 259522.753115320781944, 7035964.063033833168447 ], [ 259522.753115320781944, 7035959.059843243099749 ], [ 259517.749924730829662, 7035959.059843243099749 ], [ 259517.749924730829662, 7035954.056652653031051 ], [ 259512.746734140906483, 7035954.056652653031051 ], [ 259512.746734140906483, 7035949.053462062962353 ], [ 259507.7435435509542, 7035949.053462062962353 ], [ 259507.7435435509542, 7035944.050271472893655 ], [ 259502.740352961001918, 7035944.050271472893655 ], [ 259502.740352961001918, 7035939.047080882824957 ], [ 259497.737162371049635, 7035939.047080882824957 ], [ 259497.737162371049635, 7035934.043890292756259 ], [ 259492.733971781097353, 7035934.043890292756259 ], [ 259492.733971781097353, 7035929.040699703618884 ], [ 259487.730781191174174, 7035929.040699703618884 ], [ 259487.730781191174174, 7035924.037509113550186 ], [ 259482.727590601221891, 7035924.037509113550186 ], [ 259482.727590601221891, 7035919.034318523481488 ], [ 259477.724400011269609, 7035919.034318523481488 ], [ 259477.724400011269609, 7035914.03112793341279 ], [ 259472.721209421317326, 7035914.03112793341279 ], [ 259472.721209421317326, 7035909.027937343344092 ], [ 259467.718018831365043, 7035909.027937343344092 ], [ 259467.718018831365043, 7035904.024746753275394 ], [ 259462.714828241412761, 7035904.024746753275394 ], [ 259462.714828241412761, 7035899.021556163206697 ], [ 259457.711637651489582, 7035899.021556163206697 ], [ 259457.711637651489582, 7035894.018365573137999 ], [ 259452.708447061537299, 7035894.018365573137999 ], [ 259452.708447061537299, 7035889.015174984000623 ], [ 259447.705256471585017, 7035889.015174984000623 ], [ 259447.705256471585017, 7035884.011984393931925 ], [ 259442.702065881632734, 7035884.011984393931925 ], [ 259442.702065881632734, 7035879.008793803863227 ], [ 259437.698875291680451, 7035879.008793803863227 ], [ 259437.698875291680451, 7035874.005603213794529 ], [ 259432.695684701757273, 7035874.005603213794529 ], [ 259432.695684701757273, 7035869.002412623725832 ], [ 259427.69249411180499, 7035869.002412623725832 ], [ 259427.69249411180499, 7035863.999222033657134 ], [ 259422.689303521852707, 7035863.999222033657134 ], [ 259422.689303521852707, 7035858.996031443588436 ], [ 259417.686112931900425, 7035858.996031443588436 ], [ 259417.686112931900425, 7035853.99284085445106 ], [ 259412.682922341948142, 7035853.99284085445106 ], [ 259412.682922341948142, 7035848.989650264382362 ], [ 259407.67973175199586, 7035848.989650264382362 ], [ 259407.67973175199586, 7035843.986459674313664 ], [ 259402.676541162072681, 7035843.986459674313664 ], [ 259402.676541162072681, 7035838.983269084244967 ], [ 259397.673350572120398, 7035838.983269084244967 ], [ 259397.673350572120398, 7035833.980078494176269 ], [ 259392.670159982168116, 7035833.980078494176269 ], [ 259392.670159982168116, 7035828.976887904107571 ], [ 259387.666969392215833, 7035828.976887904107571 ], [ 259387.666969392215833, 7035823.973697314038873 ], [ 259382.66377880226355, 7035823.973697314038873 ], [ 259382.66377880226355, 7035818.970506723970175 ], [ 259377.660588212340372, 7035818.970506723970175 ], [ 259377.660588212340372, 7035813.967316134832799 ], [ 259372.657397622388089, 7035813.967316134832799 ], [ 259372.657397622388089, 7035808.964125544764102 ], [ 259367.654207032435806, 7035808.964125544764102 ], [ 259367.654207032435806, 7035803.960934954695404 ], [ 259362.651016442483524, 7035803.960934954695404 ], [ 259362.651016442483524, 7035798.957744364626706 ], [ 259357.647825852531241, 7035798.957744364626706 ], [ 259357.647825852531241, 7035793.954553774558008 ], [ 259352.644635262578959, 7035793.954553774558008 ], [ 259352.644635262578959, 7035788.95136318448931 ], [ 259347.64144467265578, 7035788.95136318448931 ], [ 259347.64144467265578, 7035783.948172594420612 ], [ 259342.638254082703497, 7035783.948172594420612 ], [ 259342.638254082703497, 7035778.944982004351914 ], [ 259337.635063492751215, 7035778.944982004351914 ], [ 259337.635063492751215, 7035773.941791415214539 ], [ 259332.631872902798932, 7035773.941791415214539 ], [ 259332.631872902798932, 7035753.929029054939747 ], [ 259337.635063492751215, 7035753.929029054939747 ], [ 259337.635063492751215, 7035743.922647874802351 ], [ 259342.638254082703497, 7035743.922647874802351 ], [ 259342.638254082703497, 7035738.919457285664976 ], [ 259337.635063492751215, 7035738.919457285664976 ], [ 259337.635063492751215, 7035718.906694925390184 ], [ 259322.625491722923471, 7035718.906694925390184 ], [ 259322.625491722923471, 7035713.903504335321486 ], [ 259317.622301132971188, 7035713.903504335321486 ], [ 259317.622301132971188, 7035688.887551385909319 ], [ 259312.619110543018905, 7035688.887551385909319 ], [ 259312.619110543018905, 7035683.884360795840621 ], [ 259317.622301132971188, 7035683.884360795840621 ], [ 259317.622301132971188, 7035673.877979615703225 ], [ 259322.625491722923471, 7035673.877979615703225 ], [ 259322.625491722923471, 7035668.874789025634527 ], [ 259327.628682312846649, 7035668.874789025634527 ], [ 259327.628682312846649, 7035663.871598435565829 ], [ 259342.638254082703497, 7035663.871598435565829 ], [ 259342.638254082703497, 7035658.868407846428454 ], [ 259347.64144467265578, 7035658.868407846428454 ], [ 259347.64144467265578, 7035653.865217256359756 ], [ 259352.644635262578959, 7035653.865217256359756 ], [ 259352.644635262578959, 7035648.862026666291058 ], [ 259362.651016442483524, 7035648.862026666291058 ], [ 259362.651016442483524, 7035643.85883607622236 ], [ 259367.654207032435806, 7035643.85883607622236 ], [ 259367.654207032435806, 7035638.855645486153662 ], [ 259372.657397622388089, 7035638.855645486153662 ], [ 259372.657397622388089, 7035613.839692536741495 ], [ 259377.660588212340372, 7035613.839692536741495 ], [ 259377.660588212340372, 7035593.826930176466703 ], [ 259382.66377880226355, 7035593.826930176466703 ], [ 259382.66377880226355, 7035583.82054899726063 ], [ 259387.666969392215833, 7035583.82054899726063 ], [ 259387.666969392215833, 7035573.814167817123234 ], [ 259392.670159982168116, 7035573.814167817123234 ], [ 259392.670159982168116, 7035568.810977227054536 ], [ 259397.673350572120398, 7035568.810977227054536 ], [ 259397.673350572120398, 7035563.807786636985838 ], [ 259402.676541162072681, 7035563.807786636985838 ], [ 259402.676541162072681, 7035558.80459604691714 ], [ 259407.67973175199586, 7035558.80459604691714 ], [ 259407.67973175199586, 7035553.801405456848443 ], [ 259412.682922341948142, 7035553.801405456848443 ], [ 259412.682922341948142, 7035548.798214866779745 ], [ 259417.686112931900425, 7035548.798214866779745 ], [ 259417.686112931900425, 7035543.795024277642369 ], [ 259422.689303521852707, 7035543.795024277642369 ], [ 259422.689303521852707, 7035538.791833687573671 ], [ 259427.69249411180499, 7035538.791833687573671 ], [ 259427.69249411180499, 7035533.788643097504973 ], [ 259432.695684701757273, 7035533.788643097504973 ], [ 259432.695684701757273, 7035528.785452507436275 ], [ 259437.698875291680451, 7035528.785452507436275 ], [ 259437.698875291680451, 7035523.782261917367578 ], [ 259447.705256471585017, 7035523.782261917367578 ], [ 259447.705256471585017, 7035528.785452507436275 ], [ 259452.708447061537299, 7035528.785452507436275 ], [ 259452.708447061537299, 7035533.788643097504973 ], [ 259457.711637651489582, 7035533.788643097504973 ], [ 259457.711637651489582, 7035538.791833687573671 ], [ 259477.724400011269609, 7035538.791833687573671 ], [ 259477.724400011269609, 7035533.788643097504973 ], [ 259492.733971781097353, 7035533.788643097504973 ], [ 259492.733971781097353, 7035528.785452507436275 ], [ 259502.740352961001918, 7035528.785452507436275 ], [ 259502.740352961001918, 7035523.782261917367578 ], [ 259522.753115320781944, 7035523.782261917367578 ], [ 259522.753115320781944, 7035528.785452507436275 ], [ 259532.75949650068651, 7035528.785452507436275 ], [ 259532.75949650068651, 7035513.775880737230182 ], [ 259527.756305910734227, 7035513.775880737230182 ], [ 259527.756305910734227, 7035493.763118377886713 ], [ 259522.753115320781944, 7035493.763118377886713 ], [ 259522.753115320781944, 7035483.756737197749317 ], [ 259517.749924730829662, 7035483.756737197749317 ], [ 259517.749924730829662, 7035448.734403068199754 ], [ 259512.746734140906483, 7035448.734403068199754 ], [ 259512.746734140906483, 7035438.728021888062358 ], [ 259507.7435435509542, 7035438.728021888062358 ], [ 259507.7435435509542, 7035433.72483129799366 ], [ 259502.740352961001918, 7035433.72483129799366 ], [ 259502.740352961001918, 7035428.721640708856285 ], [ 259497.737162371049635, 7035428.721640708856285 ], [ 259497.737162371049635, 7035413.712068938650191 ], [ 259502.740352961001918, 7035413.712068938650191 ], [ 259502.740352961001918, 7035408.708878348581493 ], [ 259507.7435435509542, 7035408.708878348581493 ], [ 259507.7435435509542, 7035393.699306579306722 ], [ 259502.740352961001918, 7035393.699306579306722 ], [ 259502.740352961001918, 7035378.689734809100628 ], [ 259497.737162371049635, 7035378.689734809100628 ], [ 259497.737162371049635, 7035373.68654421903193 ], [ 259492.733971781097353, 7035373.68654421903193 ], [ 259492.733971781097353, 7035343.667400679551065 ], [ 259487.730781191174174, 7035343.667400679551065 ], [ 259487.730781191174174, 7035338.664210089482367 ], [ 259482.727590601221891, 7035338.664210089482367 ], [ 259482.727590601221891, 7035333.661019499413669 ], [ 259477.724400011269609, 7035333.661019499413669 ], [ 259477.724400011269609, 7035328.657828909344971 ], [ 259467.718018831365043, 7035328.657828909344971 ], [ 259467.718018831365043, 7035323.654638319276273 ], [ 259452.708447061537299, 7035323.654638319276273 ], [ 259452.708447061537299, 7035318.651447729207575 ], [ 259442.702065881632734, 7035318.651447729207575 ], [ 259442.702065881632734, 7035313.6482571400702 ], [ 259437.698875291680451, 7035313.6482571400702 ], [ 259437.698875291680451, 7035308.645066550001502 ], [ 259432.695684701757273, 7035308.645066550001502 ], [ 259432.695684701757273, 7035303.641875959932804 ], [ 259427.69249411180499, 7035303.641875959932804 ], [ 259427.69249411180499, 7035293.635494779795408 ], [ 259417.686112931900425, 7035293.635494779795408 ], [ 259417.686112931900425, 7035278.625923010520637 ], [ 259412.682922341948142, 7035278.625923010520637 ], [ 259412.682922341948142, 7035263.616351240314543 ], [ 259407.67973175199586, 7035263.616351240314543 ], [ 259407.67973175199586, 7035233.597207700833678 ], [ 259412.682922341948142, 7035233.597207700833678 ], [ 259412.682922341948142, 7035133.533395901322365 ], [ 259407.67973175199586, 7035133.533395901322365 ], [ 259407.67973175199586, 7035098.511061771772802 ], [ 259402.676541162072681, 7035098.511061771772802 ], [ 259402.676541162072681, 7035038.472774692811072 ], [ 259397.673350572120398, 7035038.472774692811072 ], [ 259397.673350572120398, 7035033.469584102742374 ], [ 259387.666969392215833, 7035033.469584102742374 ], [ 259387.666969392215833, 7035028.466393512673676 ], [ 259372.657397622388089, 7035028.466393512673676 ], [ 259372.657397622388089, 7035023.463202922604978 ], [ 259367.654207032435806, 7035023.463202922604978 ], [ 259367.654207032435806, 7035028.466393512673676 ], [ 259362.651016442483524, 7035028.466393512673676 ], [ 259362.651016442483524, 7035023.463202922604978 ], [ 259352.644635262578959, 7035023.463202922604978 ], [ 259352.644635262578959, 7035028.466393512673676 ], [ 259347.64144467265578, 7035028.466393512673676 ], [ 259347.64144467265578, 7035033.469584102742374 ], [ 259337.635063492751215, 7035033.469584102742374 ], [ 259337.635063492751215, 7035038.472774692811072 ], [ 259322.625491722923471, 7035038.472774692811072 ], [ 259322.625491722923471, 7035033.469584102742374 ], [ 259312.619110543018905, 7035033.469584102742374 ], [ 259312.619110543018905, 7035023.463202922604978 ], [ 259307.615919953066623, 7035023.463202922604978 ], [ 259307.615919953066623, 7035018.46001233253628 ], [ 259302.61272936311434, 7035018.46001233253628 ], [ 259302.61272936311434, 7035008.453631153330207 ], [ 259297.609538773162058, 7035008.453631153330207 ], [ 259297.609538773162058, 7034998.447249973192811 ], [ 259292.606348183238879, 7034998.447249973192811 ], [ 259292.606348183238879, 7034993.444059383124113 ], [ 259287.603157593286596, 7034993.444059383124113 ], [ 259287.603157593286596, 7034978.434487612918019 ], [ 259282.599967003334314, 7034978.434487612918019 ], [ 259282.599967003334314, 7034953.418534663505852 ], [ 259292.606348183238879, 7034953.418534663505852 ], [ 259292.606348183238879, 7034943.412153483368456 ], [ 259297.609538773162058, 7034943.412153483368456 ], [ 259297.609538773162058, 7034938.408962893299758 ], [ 259302.61272936311434, 7034938.408962893299758 ], [ 259302.61272936311434, 7034933.405772304162383 ], [ 259297.609538773162058, 7034933.405772304162383 ], [ 259297.609538773162058, 7034928.402581714093685 ], [ 259272.593585823429748, 7034928.402581714093685 ], [ 259272.593585823429748, 7034923.399391124024987 ], [ 259257.584014053602004, 7034923.399391124024987 ], [ 259257.584014053602004, 7034918.396200533956289 ], [ 259237.571251693821978, 7034918.396200533956289 ], [ 259237.571251693821978, 7034913.393009943887591 ], [ 259227.564870513917413, 7034913.393009943887591 ], [ 259227.564870513917413, 7034908.389819353818893 ], [ 259217.558489334012847, 7034908.389819353818893 ], [ 259217.558489334012847, 7034898.383438173681498 ], [ 259212.555298744089669, 7034898.383438173681498 ], [ 259212.555298744089669, 7034893.380247584544122 ], [ 259207.552108154137386, 7034893.380247584544122 ], [ 259207.552108154137386, 7034818.332388735376298 ], [ 259202.548917564185103, 7034818.332388735376298 ], [ 259202.548917564185103, 7034808.326007555238903 ], [ 259192.542536384280538, 7034808.326007555238903 ], [ 259192.542536384280538, 7034803.322816965170205 ], [ 259187.539345794328256, 7034803.322816965170205 ], [ 259187.539345794328256, 7034798.319626375101507 ], [ 259177.532964614452794, 7034798.319626375101507 ], [ 259177.532964614452794, 7034793.316435785032809 ], [ 259172.529774024500512, 7034793.316435785032809 ], [ 259172.529774024500512, 7034798.319626375101507 ], [ 259162.523392844595946, 7034798.319626375101507 ], [ 259162.523392844595946, 7034803.322816965170205 ], [ 259137.507439894863637, 7034803.322816965170205 ], [ 259137.507439894863637, 7034798.319626375101507 ], [ 259127.501058714988176, 7034798.319626375101507 ], [ 259127.501058714988176, 7034793.316435785032809 ], [ 259107.488296355179045, 7034793.316435785032809 ], [ 259107.488296355179045, 7034788.313245194964111 ], [ 259092.478724585351301, 7034788.313245194964111 ], [ 259092.478724585351301, 7034793.316435785032809 ], [ 259077.469152815523557, 7034793.316435785032809 ], [ 259077.469152815523557, 7034788.313245194964111 ], [ 259067.462771635618992, 7034788.313245194964111 ], [ 259067.462771635618992, 7034793.316435785032809 ], [ 259007.424484556249809, 7034793.316435785032809 ], [ 259007.424484556249809, 7034788.313245194964111 ], [ 259012.427675146202091, 7034788.313245194964111 ], [ 259012.427675146202091, 7034768.300482835620642 ], [ 259007.424484556249809, 7034768.300482835620642 ], [ 259007.424484556249809, 7034763.297292245551944 ], [ 259002.421293966297526, 7034763.297292245551944 ], [ 259002.421293966297526, 7034748.28772047534585 ], [ 258997.418103376345243, 7034748.28772047534585 ], [ 258997.418103376345243, 7034723.271767525933683 ], [ 258992.414912786422065, 7034723.271767525933683 ], [ 258992.414912786422065, 7034718.268576935864985 ], [ 258987.411722196469782, 7034718.268576935864985 ], [ 258987.411722196469782, 7034708.262195755727589 ], [ 258982.408531606517499, 7034708.262195755727589 ], [ 258982.408531606517499, 7034698.255814576521516 ], [ 258977.405341016565217, 7034698.255814576521516 ], [ 258977.405341016565217, 7034683.246242806315422 ], [ 258972.402150426612934, 7034683.246242806315422 ], [ 258972.402150426612934, 7034678.243052216246724 ], [ 258977.405341016565217, 7034678.243052216246724 ], [ 258977.405341016565217, 7034668.236671036109328 ], [ 258972.402150426612934, 7034668.236671036109328 ], [ 258972.402150426612934, 7034648.223908676765859 ], [ 258977.405341016565217, 7034648.223908676765859 ], [ 258977.405341016565217, 7034623.207955727353692 ], [ 258982.408531606517499, 7034623.207955727353692 ], [ 258982.408531606517499, 7034613.201574547216296 ], [ 258987.411722196469782, 7034613.201574547216296 ], [ 258987.411722196469782, 7034608.198383957147598 ], [ 258982.408531606517499, 7034608.198383957147598 ], [ 258982.408531606517499, 7034603.1951933670789 ], [ 258977.405341016565217, 7034603.1951933670789 ], [ 258977.405341016565217, 7034608.198383957147598 ], [ 258972.402150426612934, 7034608.198383957147598 ], [ 258972.402150426612934, 7034613.201574547216296 ], [ 258967.398959836689755, 7034613.201574547216296 ], [ 258967.398959836689755, 7034618.204765137284994 ], [ 258962.395769246737473, 7034618.204765137284994 ], [ 258962.395769246737473, 7034623.207955727353692 ], [ 258957.39257865678519, 7034623.207955727353692 ], [ 258957.39257865678519, 7034638.217527496628463 ], [ 258952.389388066832907, 7034638.217527496628463 ], [ 258952.389388066832907, 7034643.220718086697161 ], [ 258947.386197476880625, 7034643.220718086697161 ], [ 258947.386197476880625, 7034658.230289856903255 ], [ 258942.383006886928342, 7034658.230289856903255 ], [ 258942.383006886928342, 7034668.236671036109328 ], [ 258937.379816297005164, 7034668.236671036109328 ], [ 258937.379816297005164, 7034678.243052216246724 ], [ 258942.383006886928342, 7034678.243052216246724 ], [ 258942.383006886928342, 7034703.259005166590214 ], [ 258947.386197476880625, 7034703.259005166590214 ], [ 258947.386197476880625, 7034713.265386345796287 ], [ 258952.389388066832907, 7034713.265386345796287 ], [ 258952.389388066832907, 7034723.271767525933683 ], [ 258957.39257865678519, 7034723.271767525933683 ], [ 258957.39257865678519, 7034728.274958116002381 ], [ 258962.395769246737473, 7034728.274958116002381 ], [ 258962.395769246737473, 7034768.300482835620642 ], [ 258942.383006886928342, 7034768.300482835620642 ], [ 258942.383006886928342, 7034773.30367342568934 ], [ 258927.373435117100598, 7034773.30367342568934 ], [ 258927.373435117100598, 7034778.306864015758038 ], [ 258917.367053937196033, 7034778.306864015758038 ], [ 258917.367053937196033, 7034783.310054604895413 ], [ 258907.360672757320572, 7034783.310054604895413 ], [ 258907.360672757320572, 7034788.313245194964111 ], [ 258902.357482167368289, 7034788.313245194964111 ], [ 258902.357482167368289, 7034793.316435785032809 ], [ 258897.354291577416006, 7034793.316435785032809 ], [ 258897.354291577416006, 7034798.319626375101507 ], [ 258877.34152921763598, 7034798.319626375101507 ], [ 258877.34152921763598, 7034803.322816965170205 ], [ 258872.338338627683697, 7034803.322816965170205 ], [ 258872.338338627683697, 7034823.335579324513674 ], [ 258867.335148037731415, 7034823.335579324513674 ], [ 258867.335148037731415, 7034828.338769914582372 ], [ 258847.322385677951388, 7034828.338769914582372 ], [ 258847.322385677951388, 7034823.335579324513674 ], [ 258842.319195087999105, 7034823.335579324513674 ], [ 258842.319195087999105, 7034818.332388735376298 ], [ 258832.31281390809454, 7034818.332388735376298 ], [ 258832.31281390809454, 7034813.3291981453076 ], [ 258822.306432728219079, 7034813.3291981453076 ], [ 258822.306432728219079, 7034818.332388735376298 ], [ 258812.300051548314514, 7034818.332388735376298 ], [ 258812.300051548314514, 7034813.3291981453076 ], [ 258807.296860958362231, 7034813.3291981453076 ], [ 258807.296860958362231, 7034808.326007555238903 ], [ 258802.293670368439052, 7034808.326007555238903 ], [ 258802.293670368439052, 7034803.322816965170205 ], [ 258797.29047977848677, 7034803.322816965170205 ], [ 258797.29047977848677, 7034783.310054604895413 ], [ 258792.287289188534487, 7034783.310054604895413 ], [ 258792.287289188534487, 7034778.306864015758038 ], [ 258787.284098598582204, 7034778.306864015758038 ], [ 258787.284098598582204, 7034773.30367342568934 ], [ 258782.280908008629922, 7034773.30367342568934 ], [ 258782.280908008629922, 7034778.306864015758038 ], [ 258777.277717418677639, 7034778.306864015758038 ], [ 258777.277717418677639, 7034783.310054604895413 ], [ 258767.271336238802178, 7034783.310054604895413 ], [ 258767.271336238802178, 7034788.313245194964111 ], [ 258762.268145648849895, 7034788.313245194964111 ], [ 258762.268145648849895, 7034793.316435785032809 ], [ 258752.26176446894533, 7034793.316435785032809 ], [ 258752.26176446894533, 7034798.319626375101507 ], [ 258747.258573879022151, 7034798.319626375101507 ], [ 258747.258573879022151, 7034803.322816965170205 ], [ 258742.255383289069869, 7034803.322816965170205 ], [ 258742.255383289069869, 7034808.326007555238903 ], [ 258727.245811519213021, 7034808.326007555238903 ], [ 258727.245811519213021, 7034813.3291981453076 ], [ 258717.239430339337559, 7034813.3291981453076 ], [ 258717.239430339337559, 7034808.326007555238903 ], [ 258707.233049159432994, 7034808.326007555238903 ], [ 258707.233049159432994, 7034803.322816965170205 ], [ 258697.226667979528429, 7034803.322816965170205 ], [ 258697.226667979528429, 7034798.319626375101507 ], [ 258677.213905619748402, 7034798.319626375101507 ], [ 258677.213905619748402, 7034793.316435785032809 ], [ 258667.207524439843837, 7034793.316435785032809 ], [ 258667.207524439843837, 7034798.319626375101507 ], [ 258592.15966559064691, 7034798.319626375101507 ], [ 258592.15966559064691, 7034793.316435785032809 ], [ 258582.153284410771448, 7034793.316435785032809 ], [ 258582.153284410771448, 7034788.313245194964111 ], [ 258572.146903230866883, 7034788.313245194964111 ], [ 258572.146903230866883, 7034783.310054604895413 ], [ 258532.121378511277726, 7034783.310054604895413 ], [ 258532.121378511277726, 7034788.313245194964111 ], [ 258517.111806741449982, 7034788.313245194964111 ], [ 258517.111806741449982, 7034793.316435785032809 ], [ 258512.108616151497699, 7034793.316435785032809 ], [ 258512.108616151497699, 7034798.319626375101507 ], [ 258502.102234971593134, 7034798.319626375101507 ], [ 258502.102234971593134, 7034803.322816965170205 ], [ 258492.095853791717673, 7034803.322816965170205 ], [ 258492.095853791717673, 7034793.316435785032809 ], [ 258487.09266320176539, 7034793.316435785032809 ], [ 258487.09266320176539, 7034788.313245194964111 ], [ 258482.089472611813108, 7034788.313245194964111 ], [ 258482.089472611813108, 7034778.306864015758038 ], [ 258477.086282021860825, 7034778.306864015758038 ], [ 258477.086282021860825, 7034768.300482835620642 ], [ 258472.083091431937646, 7034768.300482835620642 ], [ 258472.083091431937646, 7034763.297292245551944 ], [ 258467.079900841985364, 7034763.297292245551944 ], [ 258467.079900841985364, 7034753.290911065414548 ], [ 258462.076710252033081, 7034753.290911065414548 ], [ 258462.076710252033081, 7034748.28772047534585 ], [ 258457.073519662080798, 7034748.28772047534585 ], [ 258457.073519662080798, 7034728.274958116002381 ], [ 258452.070329072128516, 7034728.274958116002381 ], [ 258452.070329072128516, 7034718.268576935864985 ], [ 258457.073519662080798, 7034718.268576935864985 ], [ 258457.073519662080798, 7034713.265386345796287 ], [ 258462.076710252033081, 7034713.265386345796287 ], [ 258462.076710252033081, 7034708.262195755727589 ], [ 258472.083091431937646, 7034708.262195755727589 ], [ 258472.083091431937646, 7034713.265386345796287 ], [ 258477.086282021860825, 7034713.265386345796287 ], [ 258477.086282021860825, 7034708.262195755727589 ], [ 258487.09266320176539, 7034708.262195755727589 ], [ 258487.09266320176539, 7034703.259005166590214 ], [ 258492.095853791717673, 7034703.259005166590214 ], [ 258492.095853791717673, 7034698.255814576521516 ], [ 258497.099044381669955, 7034698.255814576521516 ], [ 258497.099044381669955, 7034693.252623986452818 ], [ 258502.102234971593134, 7034693.252623986452818 ], [ 258502.102234971593134, 7034688.24943339638412 ], [ 258507.105425561545417, 7034688.24943339638412 ], [ 258507.105425561545417, 7034678.243052216246724 ], [ 258512.108616151497699, 7034678.243052216246724 ], [ 258512.108616151497699, 7034673.239861626178026 ], [ 258517.111806741449982, 7034673.239861626178026 ], [ 258517.111806741449982, 7034658.230289856903255 ], [ 258522.114997331402265, 7034658.230289856903255 ], [ 258522.114997331402265, 7034653.227099266834557 ], [ 258527.118187921354547, 7034653.227099266834557 ], [ 258527.118187921354547, 7034648.223908676765859 ], [ 258532.121378511277726, 7034648.223908676765859 ], [ 258532.121378511277726, 7034643.220718086697161 ], [ 258547.130950281134574, 7034643.220718086697161 ], [ 258547.130950281134574, 7034653.227099266834557 ], [ 258552.134140871086856, 7034653.227099266834557 ], [ 258552.134140871086856, 7034643.220718086697161 ], [ 258557.137331461010035, 7034643.220718086697161 ], [ 258557.137331461010035, 7034628.21114631742239 ], [ 258562.140522050962318, 7034628.21114631742239 ], [ 258562.140522050962318, 7034623.207955727353692 ], [ 258567.1437126409146, 7034623.207955727353692 ], [ 258567.1437126409146, 7034593.188812186941504 ], [ 258572.146903230866883, 7034593.188812186941504 ], [ 258572.146903230866883, 7034588.185621597804129 ], [ 258577.150093820819166, 7034588.185621597804129 ], [ 258577.150093820819166, 7034583.182431007735431 ], [ 258587.156475000694627, 7034583.182431007735431 ], [ 258587.156475000694627, 7034578.179240417666733 ], [ 258607.169237360503757, 7034578.179240417666733 ], [ 258607.169237360503757, 7034573.176049827598035 ], [ 258612.172427950426936, 7034573.176049827598035 ], [ 258612.172427950426936, 7034563.169668647460639 ], [ 258617.175618540379219, 7034563.169668647460639 ], [ 258617.175618540379219, 7034553.163287467323244 ], [ 258627.181999720283784, 7034553.163287467323244 ], [ 258627.181999720283784, 7034548.160096878185868 ], [ 258642.191571490111528, 7034548.160096878185868 ], [ 258642.191571490111528, 7034538.153715698048472 ], [ 258647.194762080063811, 7034538.153715698048472 ], [ 258647.194762080063811, 7034528.147334517911077 ], [ 258652.197952670016093, 7034528.147334517911077 ], [ 258652.197952670016093, 7034518.140953337773681 ], [ 258657.201143259968376, 7034518.140953337773681 ], [ 258657.201143259968376, 7034508.134572158567607 ], [ 258662.204333849920658, 7034508.134572158567607 ], [ 258662.204333849920658, 7034498.128190978430212 ], [ 258687.220286799652968, 7034498.128190978430212 ], [ 258687.220286799652968, 7034493.125000388361514 ], [ 258712.236239749385277, 7034493.125000388361514 ], [ 258712.236239749385277, 7034488.121809798292816 ], [ 258697.226667979528429, 7034488.121809798292816 ], [ 258697.226667979528429, 7034483.118619208224118 ], [ 258687.220286799652968, 7034483.118619208224118 ], [ 258687.220286799652968, 7034488.121809798292816 ], [ 258662.204333849920658, 7034488.121809798292816 ], [ 258662.204333849920658, 7034493.125000388361514 ], [ 258657.201143259968376, 7034493.125000388361514 ], [ 258657.201143259968376, 7034498.128190978430212 ], [ 258652.197952670016093, 7034498.128190978430212 ], [ 258652.197952670016093, 7034508.134572158567607 ], [ 258637.188380900188349, 7034508.134572158567607 ], [ 258637.188380900188349, 7034513.137762748636305 ], [ 258642.191571490111528, 7034513.137762748636305 ], [ 258642.191571490111528, 7034518.140953337773681 ], [ 258647.194762080063811, 7034518.140953337773681 ], [ 258647.194762080063811, 7034523.144143927842379 ], [ 258642.191571490111528, 7034523.144143927842379 ], [ 258642.191571490111528, 7034533.150525107979774 ], [ 258637.188380900188349, 7034533.150525107979774 ], [ 258637.188380900188349, 7034538.153715698048472 ], [ 258627.181999720283784, 7034538.153715698048472 ], [ 258627.181999720283784, 7034543.15690628811717 ], [ 258622.178809130331501, 7034543.15690628811717 ], [ 258622.178809130331501, 7034548.160096878185868 ], [ 258612.172427950426936, 7034548.160096878185868 ], [ 258612.172427950426936, 7034553.163287467323244 ], [ 258607.169237360503757, 7034553.163287467323244 ], [ 258607.169237360503757, 7034568.172859237529337 ], [ 258582.153284410771448, 7034568.172859237529337 ], [ 258582.153284410771448, 7034573.176049827598035 ], [ 258572.146903230866883, 7034573.176049827598035 ], [ 258572.146903230866883, 7034578.179240417666733 ], [ 258562.140522050962318, 7034578.179240417666733 ], [ 258562.140522050962318, 7034588.185621597804129 ], [ 258537.124569101230009, 7034588.185621597804129 ], [ 258537.124569101230009, 7034593.188812186941504 ], [ 258532.121378511277726, 7034593.188812186941504 ], [ 258532.121378511277726, 7034588.185621597804129 ], [ 258527.118187921354547, 7034588.185621597804129 ], [ 258527.118187921354547, 7034583.182431007735431 ], [ 258512.108616151497699, 7034583.182431007735431 ], [ 258512.108616151497699, 7034578.179240417666733 ], [ 258502.102234971593134, 7034578.179240417666733 ], [ 258502.102234971593134, 7034573.176049827598035 ], [ 258497.099044381669955, 7034573.176049827598035 ], [ 258497.099044381669955, 7034558.166478057391942 ], [ 258502.102234971593134, 7034558.166478057391942 ], [ 258502.102234971593134, 7034553.163287467323244 ], [ 258507.105425561545417, 7034553.163287467323244 ], [ 258507.105425561545417, 7034558.166478057391942 ], [ 258512.108616151497699, 7034558.166478057391942 ], [ 258512.108616151497699, 7034548.160096878185868 ], [ 258537.124569101230009, 7034548.160096878185868 ], [ 258537.124569101230009, 7034543.15690628811717 ], [ 258542.127759691182291, 7034543.15690628811717 ], [ 258542.127759691182291, 7034538.153715698048472 ], [ 258527.118187921354547, 7034538.153715698048472 ], [ 258527.118187921354547, 7034533.150525107979774 ], [ 258517.111806741449982, 7034533.150525107979774 ], [ 258517.111806741449982, 7034528.147334517911077 ], [ 258512.108616151497699, 7034528.147334517911077 ], [ 258512.108616151497699, 7034518.140953337773681 ], [ 258492.095853791717673, 7034518.140953337773681 ], [ 258492.095853791717673, 7034498.128190978430212 ], [ 258472.083091431937646, 7034498.128190978430212 ], [ 258472.083091431937646, 7034488.121809798292816 ], [ 258477.086282021860825, 7034488.121809798292816 ], [ 258477.086282021860825, 7034483.118619208224118 ], [ 258472.083091431937646, 7034483.118619208224118 ], [ 258472.083091431937646, 7034478.11542861815542 ], [ 258467.079900841985364, 7034478.11542861815542 ], [ 258467.079900841985364, 7034468.109047438949347 ], [ 258462.076710252033081, 7034468.109047438949347 ], [ 258462.076710252033081, 7034458.102666258811951 ], [ 258452.070329072128516, 7034458.102666258811951 ], [ 258452.070329072128516, 7034463.105856848880649 ], [ 258412.044804352568462, 7034463.105856848880649 ], [ 258412.044804352568462, 7034468.109047438949347 ], [ 258397.035232582711615, 7034468.109047438949347 ], [ 258397.035232582711615, 7034473.112238029018044 ], [ 258392.032041992759332, 7034473.112238029018044 ], [ 258392.032041992759332, 7034478.11542861815542 ], [ 258387.028851402836153, 7034478.11542861815542 ], [ 258387.028851402836153, 7034473.112238029018044 ], [ 258382.025660812883871, 7034473.112238029018044 ], [ 258382.025660812883871, 7034458.102666258811951 ], [ 258397.035232582711615, 7034458.102666258811951 ], [ 258397.035232582711615, 7034448.096285078674555 ], [ 258402.038423172663897, 7034448.096285078674555 ], [ 258402.038423172663897, 7034408.070760359056294 ], [ 258407.04161376261618, 7034408.070760359056294 ], [ 258407.04161376261618, 7034378.051616819575429 ], [ 258412.044804352568462, 7034378.051616819575429 ], [ 258412.044804352568462, 7034373.048426229506731 ], [ 258407.04161376261618, 7034373.048426229506731 ], [ 258407.04161376261618, 7034363.042045049369335 ], [ 258412.044804352568462, 7034363.042045049369335 ], [ 258412.044804352568462, 7034353.035663870163262 ], [ 258417.047994942520745, 7034353.035663870163262 ], [ 258417.047994942520745, 7034338.026092099957168 ], [ 258432.057566712348489, 7034338.026092099957168 ], [ 258432.057566712348489, 7034333.02290150988847 ], [ 258442.063947892253054, 7034333.02290150988847 ], [ 258442.063947892253054, 7034328.019710919819772 ], [ 258467.079900841985364, 7034328.019710919819772 ], [ 258467.079900841985364, 7034323.016520330682397 ], [ 258477.086282021860825, 7034323.016520330682397 ], [ 258477.086282021860825, 7034318.013329740613699 ], [ 258482.089472611813108, 7034318.013329740613699 ], [ 258482.089472611813108, 7034313.010139150545001 ], [ 258487.09266320176539, 7034313.010139150545001 ], [ 258487.09266320176539, 7034308.006948560476303 ], [ 258492.095853791717673, 7034308.006948560476303 ], [ 258492.095853791717673, 7034303.003757970407605 ], [ 258497.099044381669955, 7034303.003757970407605 ], [ 258497.099044381669955, 7034298.000567380338907 ], [ 258502.102234971593134, 7034298.000567380338907 ], [ 258502.102234971593134, 7034292.997376790270209 ], [ 258492.095853791717673, 7034292.997376790270209 ], [ 258492.095853791717673, 7034287.994186200201511 ], [ 258487.09266320176539, 7034287.994186200201511 ], [ 258487.09266320176539, 7034282.990995611064136 ], [ 258482.089472611813108, 7034282.990995611064136 ], [ 258482.089472611813108, 7034277.987805020995438 ], [ 258477.086282021860825, 7034277.987805020995438 ], [ 258477.086282021860825, 7034262.978233250789344 ], [ 258482.089472611813108, 7034262.978233250789344 ], [ 258482.089472611813108, 7034257.975042660720646 ], [ 258487.09266320176539, 7034257.975042660720646 ], [ 258487.09266320176539, 7034247.968661480583251 ], [ 258492.095853791717673, 7034247.968661480583251 ], [ 258492.095853791717673, 7034242.965470891445875 ], [ 258497.099044381669955, 7034242.965470891445875 ], [ 258497.099044381669955, 7034237.962280301377177 ], [ 258502.102234971593134, 7034237.962280301377177 ], [ 258502.102234971593134, 7034227.955899121239781 ], [ 258507.105425561545417, 7034227.955899121239781 ], [ 258507.105425561545417, 7034217.949517941102386 ], [ 258512.108616151497699, 7034217.949517941102386 ], [ 258512.108616151497699, 7034212.946327351033688 ], [ 258517.111806741449982, 7034212.946327351033688 ], [ 258517.111806741449982, 7034207.943136761896312 ], [ 258522.114997331402265, 7034207.943136761896312 ], [ 258522.114997331402265, 7034192.933564991690218 ], [ 258527.118187921354547, 7034192.933564991690218 ], [ 258527.118187921354547, 7034187.930374401621521 ], [ 258532.121378511277726, 7034187.930374401621521 ], [ 258532.121378511277726, 7034182.927183811552823 ], [ 258537.124569101230009, 7034182.927183811552823 ], [ 258537.124569101230009, 7034172.920802631415427 ], [ 258547.130950281134574, 7034172.920802631415427 ], [ 258547.130950281134574, 7034167.917612042278051 ], [ 258552.134140871086856, 7034167.917612042278051 ], [ 258552.134140871086856, 7034162.914421452209353 ], [ 258557.137331461010035, 7034162.914421452209353 ], [ 258557.137331461010035, 7034157.911230862140656 ], [ 258567.1437126409146, 7034157.911230862140656 ], [ 258567.1437126409146, 7034152.908040272071958 ], [ 258572.146903230866883, 7034152.908040272071958 ], [ 258572.146903230866883, 7034147.90484968200326 ], [ 258577.150093820819166, 7034147.90484968200326 ], [ 258577.150093820819166, 7034142.901659091934562 ], [ 258587.156475000694627, 7034142.901659091934562 ], [ 258587.156475000694627, 7034137.898468501865864 ], [ 258597.162856180599192, 7034137.898468501865864 ], [ 258597.162856180599192, 7034132.895277911797166 ], [ 258602.166046770551475, 7034132.895277911797166 ], [ 258602.166046770551475, 7034127.892087322659791 ], [ 258617.175618540379219, 7034127.892087322659791 ], [ 258617.175618540379219, 7034137.898468501865864 ], [ 258622.178809130331501, 7034137.898468501865864 ], [ 258622.178809130331501, 7034142.901659091934562 ], [ 258627.181999720283784, 7034142.901659091934562 ], [ 258627.181999720283784, 7034137.898468501865864 ], [ 258632.185190310236067, 7034137.898468501865864 ], [ 258632.185190310236067, 7034132.895277911797166 ], [ 258642.191571490111528, 7034132.895277911797166 ], [ 258642.191571490111528, 7034152.908040272071958 ], [ 258637.188380900188349, 7034152.908040272071958 ], [ 258637.188380900188349, 7034157.911230862140656 ], [ 258627.181999720283784, 7034157.911230862140656 ], [ 258627.181999720283784, 7034162.914421452209353 ], [ 258602.166046770551475, 7034162.914421452209353 ], [ 258602.166046770551475, 7034167.917612042278051 ], [ 258582.153284410771448, 7034167.917612042278051 ], [ 258582.153284410771448, 7034172.920802631415427 ], [ 258577.150093820819166, 7034172.920802631415427 ], [ 258577.150093820819166, 7034177.923993221484125 ], [ 258572.146903230866883, 7034177.923993221484125 ], [ 258572.146903230866883, 7034182.927183811552823 ], [ 258567.1437126409146, 7034182.927183811552823 ], [ 258567.1437126409146, 7034197.936755581758916 ], [ 258572.146903230866883, 7034197.936755581758916 ], [ 258572.146903230866883, 7034192.933564991690218 ], [ 258577.150093820819166, 7034192.933564991690218 ], [ 258577.150093820819166, 7034187.930374401621521 ], [ 258582.153284410771448, 7034187.930374401621521 ], [ 258582.153284410771448, 7034182.927183811552823 ], [ 258602.166046770551475, 7034182.927183811552823 ], [ 258602.166046770551475, 7034177.923993221484125 ], [ 258627.181999720283784, 7034177.923993221484125 ], [ 258627.181999720283784, 7034182.927183811552823 ], [ 258632.185190310236067, 7034182.927183811552823 ], [ 258632.185190310236067, 7034187.930374401621521 ], [ 258627.181999720283784, 7034187.930374401621521 ], [ 258627.181999720283784, 7034197.936755581758916 ], [ 258622.178809130331501, 7034197.936755581758916 ], [ 258622.178809130331501, 7034207.943136761896312 ], [ 258617.175618540379219, 7034207.943136761896312 ], [ 258617.175618540379219, 7034212.946327351033688 ], [ 258612.172427950426936, 7034212.946327351033688 ], [ 258612.172427950426936, 7034227.955899121239781 ], [ 258617.175618540379219, 7034227.955899121239781 ], [ 258617.175618540379219, 7034232.959089711308479 ], [ 258622.178809130331501, 7034232.959089711308479 ], [ 258622.178809130331501, 7034227.955899121239781 ], [ 258627.181999720283784, 7034227.955899121239781 ], [ 258627.181999720283784, 7034217.949517941102386 ], [ 258632.185190310236067, 7034217.949517941102386 ], [ 258632.185190310236067, 7034212.946327351033688 ], [ 258637.188380900188349, 7034212.946327351033688 ], [ 258637.188380900188349, 7034207.943136761896312 ], [ 258642.191571490111528, 7034207.943136761896312 ], [ 258642.191571490111528, 7034202.939946171827614 ], [ 258647.194762080063811, 7034202.939946171827614 ], [ 258647.194762080063811, 7034197.936755581758916 ], [ 258652.197952670016093, 7034197.936755581758916 ], [ 258652.197952670016093, 7034177.923993221484125 ], [ 258657.201143259968376, 7034177.923993221484125 ], [ 258657.201143259968376, 7034172.920802631415427 ], [ 258662.204333849920658, 7034172.920802631415427 ], [ 258662.204333849920658, 7034167.917612042278051 ], [ 258672.21071502979612, 7034167.917612042278051 ], [ 258672.21071502979612, 7034142.901659091934562 ], [ 258677.213905619748402, 7034142.901659091934562 ], [ 258677.213905619748402, 7034107.879324962384999 ], [ 258682.217096209700685, 7034107.879324962384999 ], [ 258682.217096209700685, 7034092.869753193110228 ], [ 258692.22347738960525, 7034092.869753193110228 ], [ 258692.22347738960525, 7034087.86656260304153 ], [ 258707.233049159432994, 7034087.86656260304153 ], [ 258707.233049159432994, 7034082.863372012972832 ], [ 258722.242620929260738, 7034082.863372012972832 ], [ 258722.242620929260738, 7034077.860181422904134 ], [ 258742.255383289069869, 7034077.860181422904134 ], [ 258742.255383289069869, 7034072.856990832835436 ], [ 258762.268145648849895, 7034072.856990832835436 ], [ 258762.268145648849895, 7034067.853800242766738 ], [ 258782.280908008629922, 7034067.853800242766738 ], [ 258782.280908008629922, 7034062.85060965269804 ], [ 258832.31281390809454, 7034062.85060965269804 ], [ 258832.31281390809454, 7034067.853800242766738 ], [ 258837.316004498046823, 7034067.853800242766738 ], [ 258837.316004498046823, 7034072.856990832835436 ], [ 258842.319195087999105, 7034072.856990832835436 ], [ 258842.319195087999105, 7034087.86656260304153 ], [ 258847.322385677951388, 7034087.86656260304153 ], [ 258847.322385677951388, 7034102.876134372316301 ], [ 258852.325576267903671, 7034102.876134372316301 ], [ 258852.325576267903671, 7034112.882515552453697 ], [ 258862.331957447779132, 7034112.882515552453697 ], [ 258862.331957447779132, 7034117.885706142522395 ], [ 258867.335148037731415, 7034117.885706142522395 ], [ 258867.335148037731415, 7034132.895277911797166 ], [ 258872.338338627683697, 7034132.895277911797166 ], [ 258872.338338627683697, 7034162.914421452209353 ], [ 258877.34152921763598, 7034162.914421452209353 ], [ 258877.34152921763598, 7034172.920802631415427 ], [ 258882.344719807588262, 7034172.920802631415427 ], [ 258882.344719807588262, 7034177.923993221484125 ], [ 258887.347910397511441, 7034177.923993221484125 ], [ 258887.347910397511441, 7034182.927183811552823 ], [ 258892.351100987463724, 7034182.927183811552823 ], [ 258892.351100987463724, 7034187.930374401621521 ], [ 258897.354291577416006, 7034187.930374401621521 ], [ 258897.354291577416006, 7034192.933564991690218 ], [ 258902.357482167368289, 7034192.933564991690218 ], [ 258902.357482167368289, 7034197.936755581758916 ], [ 258912.363863347272854, 7034197.936755581758916 ], [ 258912.363863347272854, 7034202.939946171827614 ], [ 258917.367053937196033, 7034202.939946171827614 ], [ 258917.367053937196033, 7034207.943136761896312 ], [ 258927.373435117100598, 7034207.943136761896312 ], [ 258927.373435117100598, 7034212.946327351033688 ], [ 258932.376625707052881, 7034212.946327351033688 ], [ 258932.376625707052881, 7034217.949517941102386 ], [ 258937.379816297005164, 7034217.949517941102386 ], [ 258937.379816297005164, 7034227.955899121239781 ], [ 258942.383006886928342, 7034227.955899121239781 ], [ 258942.383006886928342, 7034247.968661480583251 ], [ 258947.386197476880625, 7034247.968661480583251 ], [ 258947.386197476880625, 7034262.978233250789344 ], [ 258942.383006886928342, 7034262.978233250789344 ], [ 258942.383006886928342, 7034272.98461443092674 ], [ 258947.386197476880625, 7034272.98461443092674 ], [ 258947.386197476880625, 7034303.003757970407605 ], [ 258957.39257865678519, 7034303.003757970407605 ], [ 258957.39257865678519, 7034298.000567380338907 ], [ 258977.405341016565217, 7034298.000567380338907 ], [ 258977.405341016565217, 7034303.003757970407605 ], [ 258982.408531606517499, 7034303.003757970407605 ], [ 258982.408531606517499, 7034308.006948560476303 ], [ 258987.411722196469782, 7034308.006948560476303 ], [ 258987.411722196469782, 7034318.013329740613699 ], [ 258992.414912786422065, 7034318.013329740613699 ], [ 258992.414912786422065, 7034323.016520330682397 ], [ 258997.418103376345243, 7034323.016520330682397 ], [ 258997.418103376345243, 7034333.02290150988847 ], [ 258992.414912786422065, 7034333.02290150988847 ], [ 258992.414912786422065, 7034338.026092099957168 ], [ 258987.411722196469782, 7034338.026092099957168 ], [ 258987.411722196469782, 7034348.032473280094564 ], [ 258997.418103376345243, 7034348.032473280094564 ], [ 258997.418103376345243, 7034343.029282690025866 ], [ 259022.434056326106656, 7034343.029282690025866 ], [ 259022.434056326106656, 7034368.045235639438033 ], [ 259027.437246916029835, 7034368.045235639438033 ], [ 259027.437246916029835, 7034383.054807409644127 ], [ 259032.440437505982118, 7034383.054807409644127 ], [ 259032.440437505982118, 7034393.061188589781523 ], [ 259037.4436280959344, 7034393.061188589781523 ], [ 259037.4436280959344, 7034403.067569768987596 ], [ 259042.446818685886683, 7034403.067569768987596 ], [ 259042.446818685886683, 7034413.073950949124992 ], [ 259032.440437505982118, 7034413.073950949124992 ], [ 259032.440437505982118, 7034418.07714153919369 ], [ 259027.437246916029835, 7034418.07714153919369 ], [ 259027.437246916029835, 7034428.083522719331086 ], [ 259022.434056326106656, 7034428.083522719331086 ], [ 259022.434056326106656, 7034433.086713309399784 ], [ 259017.430865736154374, 7034433.086713309399784 ], [ 259017.430865736154374, 7034443.093094488605857 ], [ 259012.427675146202091, 7034443.093094488605857 ], [ 259012.427675146202091, 7034448.096285078674555 ], [ 259002.421293966297526, 7034448.096285078674555 ], [ 259002.421293966297526, 7034453.099475668743253 ], [ 259007.424484556249809, 7034453.099475668743253 ], [ 259007.424484556249809, 7034458.102666258811951 ], [ 259012.427675146202091, 7034458.102666258811951 ], [ 259012.427675146202091, 7034463.105856848880649 ], [ 259017.430865736154374, 7034463.105856848880649 ], [ 259017.430865736154374, 7034468.109047438949347 ], [ 259022.434056326106656, 7034468.109047438949347 ], [ 259022.434056326106656, 7034473.112238029018044 ], [ 259027.437246916029835, 7034473.112238029018044 ], [ 259027.437246916029835, 7034478.11542861815542 ], [ 259032.440437505982118, 7034478.11542861815542 ], [ 259032.440437505982118, 7034473.112238029018044 ], [ 259037.4436280959344, 7034473.112238029018044 ], [ 259037.4436280959344, 7034468.109047438949347 ], [ 259047.450009275838966, 7034468.109047438949347 ], [ 259047.450009275838966, 7034463.105856848880649 ], [ 259062.45958104566671, 7034463.105856848880649 ], [ 259062.45958104566671, 7034458.102666258811951 ], [ 259077.469152815523557, 7034458.102666258811951 ], [ 259077.469152815523557, 7034453.099475668743253 ], [ 259087.475533995399019, 7034453.099475668743253 ], [ 259087.475533995399019, 7034448.096285078674555 ], [ 259092.478724585351301, 7034448.096285078674555 ], [ 259092.478724585351301, 7034453.099475668743253 ], [ 259117.494677535083611, 7034453.099475668743253 ], [ 259117.494677535083611, 7034463.105856848880649 ], [ 259122.497868125035893, 7034463.105856848880649 ], [ 259122.497868125035893, 7034468.109047438949347 ], [ 259132.504249304911355, 7034468.109047438949347 ], [ 259132.504249304911355, 7034488.121809798292816 ], [ 259137.507439894863637, 7034488.121809798292816 ], [ 259137.507439894863637, 7034503.131381568498909 ], [ 259142.51063048481592, 7034503.131381568498909 ], [ 259142.51063048481592, 7034513.137762748636305 ], [ 259147.513821074768202, 7034513.137762748636305 ], [ 259147.513821074768202, 7034498.128190978430212 ], [ 259152.517011664720485, 7034498.128190978430212 ], [ 259152.517011664720485, 7034488.121809798292816 ], [ 259157.520202254672768, 7034488.121809798292816 ], [ 259157.520202254672768, 7034483.118619208224118 ], [ 259182.536155204405077, 7034483.118619208224118 ], [ 259182.536155204405077, 7034488.121809798292816 ], [ 259207.552108154137386, 7034488.121809798292816 ], [ 259207.552108154137386, 7034493.125000388361514 ], [ 259217.558489334012847, 7034493.125000388361514 ], [ 259217.558489334012847, 7034488.121809798292816 ], [ 259227.564870513917413, 7034488.121809798292816 ], [ 259227.564870513917413, 7034478.11542861815542 ], [ 259217.558489334012847, 7034478.11542861815542 ], [ 259217.558489334012847, 7034473.112238029018044 ], [ 259202.548917564185103, 7034473.112238029018044 ], [ 259202.548917564185103, 7034478.11542861815542 ], [ 259187.539345794328256, 7034478.11542861815542 ], [ 259187.539345794328256, 7034473.112238029018044 ], [ 259177.532964614452794, 7034473.112238029018044 ], [ 259177.532964614452794, 7034468.109047438949347 ], [ 259172.529774024500512, 7034468.109047438949347 ], [ 259172.529774024500512, 7034463.105856848880649 ], [ 259162.523392844595946, 7034463.105856848880649 ], [ 259162.523392844595946, 7034458.102666258811951 ], [ 259157.520202254672768, 7034458.102666258811951 ], [ 259157.520202254672768, 7034453.099475668743253 ], [ 259152.517011664720485, 7034453.099475668743253 ], [ 259152.517011664720485, 7034443.093094488605857 ], [ 259147.513821074768202, 7034443.093094488605857 ], [ 259147.513821074768202, 7034438.089903898537159 ], [ 259142.51063048481592, 7034438.089903898537159 ], [ 259142.51063048481592, 7034408.070760359056294 ], [ 259147.513821074768202, 7034408.070760359056294 ], [ 259147.513821074768202, 7034403.067569768987596 ], [ 259152.517011664720485, 7034403.067569768987596 ], [ 259152.517011664720485, 7034393.061188589781523 ], [ 259157.520202254672768, 7034393.061188589781523 ], [ 259157.520202254672768, 7034388.057997999712825 ], [ 259162.523392844595946, 7034388.057997999712825 ], [ 259162.523392844595946, 7034378.051616819575429 ], [ 259167.526583434548229, 7034378.051616819575429 ], [ 259167.526583434548229, 7034368.045235639438033 ], [ 259172.529774024500512, 7034368.045235639438033 ], [ 259172.529774024500512, 7034358.03885446023196 ], [ 259177.532964614452794, 7034358.03885446023196 ], [ 259177.532964614452794, 7034348.032473280094564 ], [ 259182.536155204405077, 7034348.032473280094564 ], [ 259182.536155204405077, 7034338.026092099957168 ], [ 259187.539345794328256, 7034338.026092099957168 ], [ 259187.539345794328256, 7034333.02290150988847 ], [ 259197.545726974232821, 7034333.02290150988847 ], [ 259197.545726974232821, 7034318.013329740613699 ], [ 259202.548917564185103, 7034318.013329740613699 ], [ 259202.548917564185103, 7034308.006948560476303 ], [ 259207.552108154137386, 7034308.006948560476303 ], [ 259207.552108154137386, 7034298.000567380338907 ], [ 259212.555298744089669, 7034298.000567380338907 ], [ 259212.555298744089669, 7034287.994186200201511 ], [ 259217.558489334012847, 7034287.994186200201511 ], [ 259217.558489334012847, 7034282.990995611064136 ], [ 259222.56167992396513, 7034282.990995611064136 ], [ 259222.56167992396513, 7034267.981423840858042 ], [ 259217.558489334012847, 7034267.981423840858042 ], [ 259217.558489334012847, 7034262.978233250789344 ], [ 259212.555298744089669, 7034262.978233250789344 ], [ 259212.555298744089669, 7034252.971852070651948 ], [ 259207.552108154137386, 7034252.971852070651948 ], [ 259207.552108154137386, 7034242.965470891445875 ], [ 259202.548917564185103, 7034242.965470891445875 ], [ 259202.548917564185103, 7034232.959089711308479 ], [ 259197.545726974232821, 7034232.959089711308479 ], [ 259197.545726974232821, 7034227.955899121239781 ], [ 259192.542536384280538, 7034227.955899121239781 ], [ 259192.542536384280538, 7034222.952708531171083 ], [ 259187.539345794328256, 7034222.952708531171083 ], [ 259187.539345794328256, 7034207.943136761896312 ], [ 259197.545726974232821, 7034207.943136761896312 ], [ 259197.545726974232821, 7034202.939946171827614 ], [ 259207.552108154137386, 7034202.939946171827614 ], [ 259207.552108154137386, 7034197.936755581758916 ], [ 259212.555298744089669, 7034197.936755581758916 ], [ 259212.555298744089669, 7034192.933564991690218 ], [ 259217.558489334012847, 7034192.933564991690218 ], [ 259217.558489334012847, 7034182.927183811552823 ], [ 259222.56167992396513, 7034182.927183811552823 ], [ 259222.56167992396513, 7034177.923993221484125 ], [ 259227.564870513917413, 7034177.923993221484125 ], [ 259227.564870513917413, 7034172.920802631415427 ], [ 259232.568061103869695, 7034172.920802631415427 ], [ 259232.568061103869695, 7034162.914421452209353 ], [ 259282.599967003334314, 7034162.914421452209353 ], [ 259282.599967003334314, 7034167.917612042278051 ], [ 259292.606348183238879, 7034167.917612042278051 ], [ 259292.606348183238879, 7034172.920802631415427 ], [ 259297.609538773162058, 7034172.920802631415427 ], [ 259297.609538773162058, 7034177.923993221484125 ], [ 259302.61272936311434, 7034177.923993221484125 ], [ 259302.61272936311434, 7034182.927183811552823 ], [ 259317.622301132971188, 7034182.927183811552823 ], [ 259317.622301132971188, 7034177.923993221484125 ], [ 259322.625491722923471, 7034177.923993221484125 ], [ 259322.625491722923471, 7034172.920802631415427 ], [ 259332.631872902798932, 7034172.920802631415427 ], [ 259332.631872902798932, 7034177.923993221484125 ], [ 259342.638254082703497, 7034177.923993221484125 ], [ 259342.638254082703497, 7034182.927183811552823 ], [ 259352.644635262578959, 7034182.927183811552823 ], [ 259352.644635262578959, 7034187.930374401621521 ], [ 259357.647825852531241, 7034187.930374401621521 ], [ 259357.647825852531241, 7034192.933564991690218 ], [ 259367.654207032435806, 7034192.933564991690218 ], [ 259367.654207032435806, 7034197.936755581758916 ], [ 259372.657397622388089, 7034197.936755581758916 ], [ 259372.657397622388089, 7034207.943136761896312 ], [ 259377.660588212340372, 7034207.943136761896312 ], [ 259377.660588212340372, 7034212.946327351033688 ], [ 259382.66377880226355, 7034212.946327351033688 ], [ 259382.66377880226355, 7034217.949517941102386 ], [ 259387.666969392215833, 7034217.949517941102386 ], [ 259387.666969392215833, 7034222.952708531171083 ], [ 259392.670159982168116, 7034222.952708531171083 ], [ 259392.670159982168116, 7034232.959089711308479 ], [ 259397.673350572120398, 7034232.959089711308479 ], [ 259397.673350572120398, 7034247.968661480583251 ], [ 259402.676541162072681, 7034247.968661480583251 ], [ 259402.676541162072681, 7034257.975042660720646 ], [ 259407.67973175199586, 7034257.975042660720646 ], [ 259407.67973175199586, 7034262.978233250789344 ], [ 259412.682922341948142, 7034262.978233250789344 ], [ 259412.682922341948142, 7034267.981423840858042 ], [ 259417.686112931900425, 7034267.981423840858042 ], [ 259417.686112931900425, 7034262.978233250789344 ], [ 259437.698875291680451, 7034262.978233250789344 ], [ 259437.698875291680451, 7034272.98461443092674 ], [ 259447.705256471585017, 7034272.98461443092674 ], [ 259447.705256471585017, 7034267.981423840858042 ], [ 259442.702065881632734, 7034267.981423840858042 ], [ 259442.702065881632734, 7034262.978233250789344 ], [ 259457.711637651489582, 7034262.978233250789344 ], [ 259457.711637651489582, 7034267.981423840858042 ], [ 259462.714828241412761, 7034267.981423840858042 ], [ 259462.714828241412761, 7034272.98461443092674 ], [ 259467.718018831365043, 7034272.98461443092674 ], [ 259467.718018831365043, 7034277.987805020995438 ], [ 259472.721209421317326, 7034277.987805020995438 ], [ 259472.721209421317326, 7034282.990995611064136 ], [ 259477.724400011269609, 7034282.990995611064136 ], [ 259477.724400011269609, 7034292.997376790270209 ], [ 259482.727590601221891, 7034292.997376790270209 ], [ 259482.727590601221891, 7034298.000567380338907 ], [ 259487.730781191174174, 7034298.000567380338907 ], [ 259487.730781191174174, 7034303.003757970407605 ], [ 259492.733971781097353, 7034303.003757970407605 ], [ 259492.733971781097353, 7034308.006948560476303 ], [ 259497.737162371049635, 7034308.006948560476303 ], [ 259497.737162371049635, 7034313.010139150545001 ], [ 259507.7435435509542, 7034313.010139150545001 ], [ 259507.7435435509542, 7034323.016520330682397 ], [ 259512.746734140906483, 7034323.016520330682397 ], [ 259512.746734140906483, 7034338.026092099957168 ], [ 259517.749924730829662, 7034338.026092099957168 ], [ 259517.749924730829662, 7034348.032473280094564 ], [ 259522.753115320781944, 7034348.032473280094564 ], [ 259522.753115320781944, 7034358.03885446023196 ], [ 259527.756305910734227, 7034358.03885446023196 ], [ 259527.756305910734227, 7034363.042045049369335 ], [ 259532.75949650068651, 7034363.042045049369335 ], [ 259532.75949650068651, 7034373.048426229506731 ], [ 259537.762687090638792, 7034373.048426229506731 ], [ 259537.762687090638792, 7034378.051616819575429 ], [ 259542.765877680591075, 7034378.051616819575429 ], [ 259542.765877680591075, 7034393.061188589781523 ], [ 259547.769068270514254, 7034393.061188589781523 ], [ 259547.769068270514254, 7034408.070760359056294 ], [ 259552.772258860466536, 7034408.070760359056294 ], [ 259552.772258860466536, 7034423.080332129262388 ], [ 259557.775449450418819, 7034423.080332129262388 ], [ 259557.775449450418819, 7034438.089903898537159 ], [ 259562.778640040371101, 7034438.089903898537159 ], [ 259562.778640040371101, 7034458.102666258811951 ], [ 259567.781830630323384, 7034458.102666258811951 ], [ 259567.781830630323384, 7034473.112238029018044 ], [ 259572.785021220246563, 7034473.112238029018044 ], [ 259572.785021220246563, 7034498.128190978430212 ], [ 259577.788211810198845, 7034498.128190978430212 ], [ 259577.788211810198845, 7034513.137762748636305 ], [ 259572.785021220246563, 7034513.137762748636305 ], [ 259572.785021220246563, 7034518.140953337773681 ], [ 259577.788211810198845, 7034518.140953337773681 ], [ 259577.788211810198845, 7034548.160096878185868 ], [ 259582.791402400151128, 7034548.160096878185868 ], [ 259582.791402400151128, 7034573.176049827598035 ], [ 259587.794592990103411, 7034573.176049827598035 ], [ 259587.794592990103411, 7034583.182431007735431 ], [ 259592.797783580055693, 7034583.182431007735431 ], [ 259592.797783580055693, 7034598.192002777010202 ], [ 259597.800974170007976, 7034598.192002777010202 ], [ 259597.800974170007976, 7034603.1951933670789 ], [ 259592.797783580055693, 7034603.1951933670789 ], [ 259592.797783580055693, 7034613.201574547216296 ], [ 259597.800974170007976, 7034613.201574547216296 ], [ 259597.800974170007976, 7034618.204765137284994 ], [ 259602.804164759931155, 7034618.204765137284994 ], [ 259602.804164759931155, 7034623.207955727353692 ], [ 259607.807355349883437, 7034623.207955727353692 ], [ 259607.807355349883437, 7034618.204765137284994 ], [ 259612.81054593983572, 7034618.204765137284994 ], [ 259612.81054593983572, 7034613.201574547216296 ], [ 259622.816927119740285, 7034613.201574547216296 ], [ 259622.816927119740285, 7034603.1951933670789 ], [ 259627.820117709663464, 7034603.1951933670789 ], [ 259627.820117709663464, 7034598.192002777010202 ], [ 259632.823308299615746, 7034598.192002777010202 ], [ 259632.823308299615746, 7034593.188812186941504 ], [ 259642.829689479520312, 7034593.188812186941504 ], [ 259642.829689479520312, 7034578.179240417666733 ], [ 259637.826498889568029, 7034578.179240417666733 ], [ 259637.826498889568029, 7034573.176049827598035 ], [ 259647.832880069472594, 7034573.176049827598035 ], [ 259647.832880069472594, 7034578.179240417666733 ], [ 259662.842451839300338, 7034578.179240417666733 ], [ 259662.842451839300338, 7034573.176049827598035 ], [ 259667.845642429252621, 7034573.176049827598035 ], [ 259667.845642429252621, 7034568.172859237529337 ], [ 259687.858404789032647, 7034568.172859237529337 ], [ 259687.858404789032647, 7034563.169668647460639 ], [ 259692.86159537898493, 7034563.169668647460639 ], [ 259692.86159537898493, 7034558.166478057391942 ], [ 259702.867976558889495, 7034558.166478057391942 ], [ 259702.867976558889495, 7034553.163287467323244 ], [ 259712.874357738764957, 7034553.163287467323244 ], [ 259712.874357738764957, 7034548.160096878185868 ], [ 259732.887120098574087, 7034548.160096878185868 ], [ 259732.887120098574087, 7034543.15690628811717 ], [ 259737.890310688497266, 7034543.15690628811717 ], [ 259737.890310688497266, 7034538.153715698048472 ], [ 259747.896691868401831, 7034538.153715698048472 ], [ 259747.896691868401831, 7034528.147334517911077 ], [ 259757.903073048306396, 7034528.147334517911077 ], [ 259757.903073048306396, 7034523.144143927842379 ], [ 259767.909454228181858, 7034523.144143927842379 ], [ 259767.909454228181858, 7034518.140953337773681 ], [ 259782.919025998038705, 7034518.140953337773681 ], [ 259782.919025998038705, 7034513.137762748636305 ], [ 259797.928597767866449, 7034513.137762748636305 ], [ 259797.928597767866449, 7034503.131381568498909 ], [ 259802.931788357818732, 7034503.131381568498909 ], [ 259802.931788357818732, 7034493.125000388361514 ], [ 259807.934978947771015, 7034493.125000388361514 ], [ 259807.934978947771015, 7034488.121809798292816 ], [ 259812.938169537723297, 7034488.121809798292816 ], [ 259812.938169537723297, 7034483.118619208224118 ], [ 259817.94136012767558, 7034483.118619208224118 ], [ 259817.94136012767558, 7034478.11542861815542 ], [ 259827.947741307551041, 7034478.11542861815542 ], [ 259827.947741307551041, 7034473.112238029018044 ], [ 259837.954122487455606, 7034473.112238029018044 ], [ 259837.954122487455606, 7034468.109047438949347 ], [ 259857.966884847235633, 7034468.109047438949347 ], [ 259857.966884847235633, 7034463.105856848880649 ], [ 259877.97964720701566, 7034463.105856848880649 ], [ 259877.97964720701566, 7034458.102666258811951 ], [ 259887.986028386920225, 7034458.102666258811951 ], [ 259887.986028386920225, 7034453.099475668743253 ], [ 259892.989218976872507, 7034453.099475668743253 ], [ 259892.989218976872507, 7034448.096285078674555 ], [ 259902.995600156747969, 7034448.096285078674555 ], [ 259902.995600156747969, 7034443.093094488605857 ], [ 259913.001981336652534, 7034443.093094488605857 ], [ 259913.001981336652534, 7034438.089903898537159 ], [ 259918.005171926604817, 7034438.089903898537159 ], [ 259918.005171926604817, 7034433.086713309399784 ], [ 259928.011553106509382, 7034433.086713309399784 ], [ 259928.011553106509382, 7034428.083522719331086 ], [ 259933.014743696432561, 7034428.083522719331086 ], [ 259933.014743696432561, 7034418.07714153919369 ], [ 259943.021124876337126, 7034418.07714153919369 ], [ 259943.021124876337126, 7034413.073950949124992 ], [ 259953.027506056241691, 7034413.073950949124992 ], [ 259953.027506056241691, 7034408.070760359056294 ], [ 259958.03069664616487, 7034408.070760359056294 ], [ 259958.03069664616487, 7034403.067569768987596 ], [ 259963.033887236117152, 7034403.067569768987596 ], [ 259963.033887236117152, 7034398.064379179850221 ], [ 259968.037077826069435, 7034398.064379179850221 ], [ 259968.037077826069435, 7034393.061188589781523 ], [ 259973.040268416021718, 7034393.061188589781523 ], [ 259973.040268416021718, 7034388.057997999712825 ], [ 259978.043459005974, 7034388.057997999712825 ], [ 259978.043459005974, 7034378.051616819575429 ], [ 259983.046649595926283, 7034378.051616819575429 ], [ 259983.046649595926283, 7034373.048426229506731 ], [ 259988.049840185849462, 7034373.048426229506731 ], [ 259988.049840185849462, 7034368.045235639438033 ], [ 259993.053030775801744, 7034368.045235639438033 ], [ 259993.053030775801744, 7034373.048426229506731 ], [ 259998.056221365754027, 7034373.048426229506731 ], [ 259998.056221365754027, 7034368.045235639438033 ], [ 260003.05941195570631, 7034368.045235639438033 ], [ 260003.05941195570631, 7034363.042045049369335 ], [ 260008.062602545658592, 7034363.042045049369335 ], [ 260008.062602545658592, 7034358.03885446023196 ], [ 260013.065793135581771, 7034358.03885446023196 ], [ 260013.065793135581771, 7034348.032473280094564 ], [ 260018.068983725534054, 7034348.032473280094564 ], [ 260018.068983725534054, 7034343.029282690025866 ], [ 260023.072174315486336, 7034343.029282690025866 ], [ 260023.072174315486336, 7034338.026092099957168 ], [ 260028.075364905438619, 7034338.026092099957168 ], [ 260028.075364905438619, 7034333.02290150988847 ], [ 260033.078555495390901, 7034333.02290150988847 ], [ 260033.078555495390901, 7034328.019710919819772 ], [ 260038.081746085343184, 7034328.019710919819772 ], [ 260038.081746085343184, 7034323.016520330682397 ], [ 260043.084936675266363, 7034323.016520330682397 ], [ 260043.084936675266363, 7034318.013329740613699 ], [ 260053.091317855170928, 7034318.013329740613699 ], [ 260053.091317855170928, 7034313.010139150545001 ], [ 260058.094508445123211, 7034313.010139150545001 ], [ 260058.094508445123211, 7034308.006948560476303 ], [ 260068.100889624998672, 7034308.006948560476303 ], [ 260068.100889624998672, 7034303.003757970407605 ], [ 260078.107270804903237, 7034303.003757970407605 ], [ 260078.107270804903237, 7034298.000567380338907 ], [ 260098.120033164683264, 7034298.000567380338907 ], [ 260098.120033164683264, 7034292.997376790270209 ], [ 260108.126414344587829, 7034292.997376790270209 ], [ 260108.126414344587829, 7034287.994186200201511 ], [ 260113.129604934540112, 7034287.994186200201511 ], [ 260113.129604934540112, 7034282.990995611064136 ], [ 260118.132795524492394, 7034282.990995611064136 ], [ 260118.132795524492394, 7034272.98461443092674 ], [ 260123.135986114415573, 7034272.98461443092674 ], [ 260123.135986114415573, 7034267.981423840858042 ], [ 260128.139176704367856, 7034267.981423840858042 ], [ 260128.139176704367856, 7034262.978233250789344 ], [ 260133.142367294320138, 7034262.978233250789344 ], [ 260133.142367294320138, 7034257.975042660720646 ], [ 260138.145557884272421, 7034257.975042660720646 ], [ 260138.145557884272421, 7034252.971852070651948 ], [ 260143.148748474224703, 7034252.971852070651948 ], [ 260143.148748474224703, 7034247.968661480583251 ], [ 260158.158320244052447, 7034247.968661480583251 ], [ 260158.158320244052447, 7034242.965470891445875 ], [ 260163.16151083400473, 7034242.965470891445875 ], [ 260163.16151083400473, 7034237.962280301377177 ], [ 260178.171082603832474, 7034237.962280301377177 ], [ 260178.171082603832474, 7034232.959089711308479 ], [ 260188.177463783737039, 7034232.959089711308479 ], [ 260188.177463783737039, 7034227.955899121239781 ], [ 260193.180654373689322, 7034227.955899121239781 ], [ 260193.180654373689322, 7034222.952708531171083 ], [ 260213.193416733469348, 7034222.952708531171083 ], [ 260213.193416733469348, 7034217.949517941102386 ], [ 260248.215750863106223, 7034217.949517941102386 ], [ 260248.215750863106223, 7034212.946327351033688 ], [ 260253.218941453058505, 7034212.946327351033688 ], [ 260253.218941453058505, 7034207.943136761896312 ], [ 260263.225322632933967, 7034207.943136761896312 ], [ 260263.225322632933967, 7034202.939946171827614 ], [ 260278.234894402790815, 7034202.939946171827614 ], [ 260278.234894402790815, 7034197.936755581758916 ], [ 260283.238084992743097, 7034197.936755581758916 ], [ 260283.238084992743097, 7034192.933564991690218 ], [ 260353.282753251987742, 7034192.933564991690218 ], [ 260353.282753251987742, 7034187.930374401621521 ], [ 260373.295515611767769, 7034187.930374401621521 ], [ 260373.295515611767769, 7034182.927183811552823 ], [ 260393.308277971576899, 7034182.927183811552823 ], [ 260393.308277971576899, 7034177.923993221484125 ], [ 260403.314659151452361, 7034177.923993221484125 ], [ 260403.314659151452361, 7034172.920802631415427 ], [ 260408.317849741404643, 7034172.920802631415427 ], [ 260408.317849741404643, 7034162.914421452209353 ], [ 260413.321040331356926, 7034162.914421452209353 ], [ 260413.321040331356926, 7034157.911230862140656 ], [ 260418.324230921309208, 7034157.911230862140656 ], [ 260418.324230921309208, 7034162.914421452209353 ], [ 260423.327421511261491, 7034162.914421452209353 ], [ 260423.327421511261491, 7034167.917612042278051 ], [ 260428.33061210118467, 7034167.917612042278051 ], [ 260428.33061210118467, 7034172.920802631415427 ], [ 260433.333802691136952, 7034172.920802631415427 ], [ 260433.333802691136952, 7034177.923993221484125 ], [ 260438.336993281089235, 7034177.923993221484125 ], [ 260438.336993281089235, 7035073.495108822360635 ], [ 260433.333802691136952, 7035073.495108822360635 ], [ 260433.333802691136952, 7035078.498299412429333 ], [ 260428.33061210118467, 7035078.498299412429333 ], [ 260428.33061210118467, 7035083.501490002498031 ], [ 260423.327421511261491, 7035083.501490002498031 ], [ 260423.327421511261491, 7035088.504680592566729 ], [ 260418.324230921309208, 7035088.504680592566729 ], [ 260418.324230921309208, 7035093.507871181704104 ], [ 260413.321040331356926, 7035093.507871181704104 ], [ 260413.321040331356926, 7035098.511061771772802 ], [ 260408.317849741404643, 7035098.511061771772802 ], [ 260408.317849741404643, 7035103.5142523618415 ], [ 260403.314659151452361, 7035103.5142523618415 ], [ 260403.314659151452361, 7035108.517442951910198 ], [ 260398.311468561500078, 7035108.517442951910198 ], [ 260398.311468561500078, 7035113.520633541978896 ], [ 260393.308277971576899, 7035113.520633541978896 ], [ 260393.308277971576899, 7035118.523824132047594 ], [ 260388.305087381624617, 7035118.523824132047594 ], [ 260388.305087381624617, 7035123.527014722116292 ], [ 260383.301896791672334, 7035123.527014722116292 ], [ 260383.301896791672334, 7035128.530205311253667 ], [ 260378.298706201720051, 7035128.530205311253667 ], [ 260378.298706201720051, 7035133.533395901322365 ], [ 260373.295515611767769, 7035133.533395901322365 ], [ 260373.295515611767769, 7035138.536586491391063 ], [ 260368.29232502184459, 7035138.536586491391063 ], [ 260368.29232502184459, 7035143.539777081459761 ], [ 260363.289134431892307, 7035143.539777081459761 ], [ 260363.289134431892307, 7035148.542967671528459 ], [ 260358.285943841940025, 7035148.542967671528459 ], [ 260358.285943841940025, 7035153.546158261597157 ], [ 260353.282753251987742, 7035153.546158261597157 ], [ 260353.282753251987742, 7035158.549348851665854 ], [ 260348.27956266203546, 7035158.549348851665854 ], [ 260348.27956266203546, 7035163.552539441734552 ], [ 260343.276372072083177, 7035163.552539441734552 ], [ 260343.276372072083177, 7035168.555730030871928 ], [ 260338.273181482159998, 7035168.555730030871928 ], [ 260338.273181482159998, 7035173.558920620940626 ], [ 260333.269990892207716, 7035173.558920620940626 ], [ 260333.269990892207716, 7035178.562111211009324 ], [ 260328.266800302255433, 7035178.562111211009324 ], [ 260328.266800302255433, 7035183.565301801078022 ], [ 260323.26360971230315, 7035183.565301801078022 ], [ 260323.26360971230315, 7035188.568492391146719 ], [ 260318.260419122350868, 7035188.568492391146719 ], [ 260318.260419122350868, 7035193.571682981215417 ], [ 260313.257228532427689, 7035193.571682981215417 ], [ 260313.257228532427689, 7035198.574873571284115 ], [ 260308.254037942475406, 7035198.574873571284115 ], [ 260308.254037942475406, 7035203.578064160421491 ], [ 260303.250847352523124, 7035203.578064160421491 ], [ 260303.250847352523124, 7035208.581254750490189 ], [ 260298.247656762570841, 7035208.581254750490189 ], [ 260298.247656762570841, 7035213.584445340558887 ], [ 260293.244466172618559, 7035213.584445340558887 ], [ 260293.244466172618559, 7035218.587635930627584 ], [ 260288.241275582666276, 7035218.587635930627584 ], [ 260288.241275582666276, 7035223.590826520696282 ], [ 260283.238084992743097, 7035223.590826520696282 ], [ 260283.238084992743097, 7035228.59401711076498 ], [ 260278.234894402790815, 7035228.59401711076498 ], [ 260278.234894402790815, 7035233.597207700833678 ], [ 260273.231703812838532, 7035233.597207700833678 ], [ 260273.231703812838532, 7035238.600398290902376 ], [ 260268.228513222886249, 7035238.600398290902376 ], [ 260268.228513222886249, 7035243.603588880039752 ], [ 260263.225322632933967, 7035243.603588880039752 ], [ 260263.225322632933967, 7035248.606779470108449 ], [ 260258.222132043010788, 7035248.606779470108449 ], [ 260258.222132043010788, 7035253.609970060177147 ], [ 260253.218941453058505, 7035253.609970060177147 ], [ 260253.218941453058505, 7035258.613160650245845 ], [ 260248.215750863106223, 7035258.613160650245845 ], [ 260248.215750863106223, 7035263.616351240314543 ], [ 260243.21256027315394, 7035263.616351240314543 ], [ 260243.21256027315394, 7035268.619541830383241 ], [ 260238.209369683201658, 7035268.619541830383241 ], [ 260238.209369683201658, 7035273.622732420451939 ], [ 260233.206179093249375, 7035273.622732420451939 ], [ 260233.206179093249375, 7035278.625923010520637 ], [ 260228.202988503326196, 7035278.625923010520637 ], [ 260228.202988503326196, 7035283.629113599658012 ], [ 260223.199797913373914, 7035283.629113599658012 ], [ 260223.199797913373914, 7035288.63230418972671 ], [ 260218.196607323421631, 7035288.63230418972671 ], [ 260218.196607323421631, 7035293.635494779795408 ], [ 260213.193416733469348, 7035293.635494779795408 ], [ 260213.193416733469348, 7035298.638685369864106 ], [ 260208.190226143517066, 7035298.638685369864106 ], [ 260208.190226143517066, 7035303.641875959932804 ], [ 260203.187035553593887, 7035303.641875959932804 ], [ 260203.187035553593887, 7035308.645066550001502 ], [ 260198.183844963641604, 7035308.645066550001502 ], [ 260198.183844963641604, 7035313.6482571400702 ], [ 260193.180654373689322, 7035313.6482571400702 ], [ 260193.180654373689322, 7035318.651447729207575 ], [ 260188.177463783737039, 7035318.651447729207575 ], [ 260188.177463783737039, 7035323.654638319276273 ], [ 260183.174273193784757, 7035323.654638319276273 ], [ 260183.174273193784757, 7035328.657828909344971 ], [ 260178.171082603832474, 7035328.657828909344971 ], [ 260178.171082603832474, 7035333.661019499413669 ], [ 260173.167892013909295, 7035333.661019499413669 ], [ 260173.167892013909295, 7035338.664210089482367 ], [ 260168.164701423957013, 7035338.664210089482367 ], [ 260168.164701423957013, 7035343.667400679551065 ], [ 260163.16151083400473, 7035343.667400679551065 ], [ 260163.16151083400473, 7035348.670591269619763 ], [ 260158.158320244052447, 7035348.670591269619763 ], [ 260158.158320244052447, 7035353.673781859688461 ], [ 260153.155129654100165, 7035353.673781859688461 ], [ 260153.155129654100165, 7035358.676972448825836 ], [ 260148.151939064176986, 7035358.676972448825836 ], [ 260148.151939064176986, 7035363.680163038894534 ], [ 260143.148748474224703, 7035363.680163038894534 ], [ 260143.148748474224703, 7035368.683353628963232 ], [ 260138.145557884272421, 7035368.683353628963232 ], [ 260138.145557884272421, 7035373.68654421903193 ], [ 260133.142367294320138, 7035373.68654421903193 ], [ 260133.142367294320138, 7035378.689734809100628 ], [ 260128.139176704367856, 7035378.689734809100628 ], [ 260128.139176704367856, 7035383.692925399169326 ], [ 260123.135986114415573, 7035383.692925399169326 ], [ 260123.135986114415573, 7035388.696115989238024 ], [ 260118.132795524492394, 7035388.696115989238024 ], [ 260118.132795524492394, 7035393.699306579306722 ], [ 260113.129604934540112, 7035393.699306579306722 ], [ 260113.129604934540112, 7035398.702497168444097 ], [ 260108.126414344587829, 7035398.702497168444097 ], [ 260108.126414344587829, 7035403.705687758512795 ], [ 260103.123223754635546, 7035403.705687758512795 ], [ 260103.123223754635546, 7035408.708878348581493 ], [ 260098.120033164683264, 7035408.708878348581493 ], [ 260098.120033164683264, 7035413.712068938650191 ], [ 260093.116842574760085, 7035413.712068938650191 ], [ 260093.116842574760085, 7035418.715259528718889 ], [ 260088.113651984807802, 7035418.715259528718889 ], [ 260088.113651984807802, 7035423.718450118787587 ], [ 260083.11046139485552, 7035423.718450118787587 ], [ 260083.11046139485552, 7035428.721640708856285 ], [ 260078.107270804903237, 7035428.721640708856285 ], [ 260078.107270804903237, 7035433.72483129799366 ], [ 260073.104080214950955, 7035433.72483129799366 ], [ 260073.104080214950955, 7035438.728021888062358 ], [ 260068.100889624998672, 7035438.728021888062358 ], [ 260068.100889624998672, 7035443.731212478131056 ], [ 260063.097699035075493, 7035443.731212478131056 ], [ 260063.097699035075493, 7035448.734403068199754 ], [ 260058.094508445123211, 7035448.734403068199754 ], [ 260058.094508445123211, 7035453.737593658268452 ], [ 260053.091317855170928, 7035453.737593658268452 ], [ 260053.091317855170928, 7035458.74078424833715 ], [ 260048.088127265218645, 7035458.74078424833715 ], [ 260048.088127265218645, 7035463.743974838405848 ], [ 260043.084936675266363, 7035463.743974838405848 ], [ 260043.084936675266363, 7035468.747165428474545 ], [ 260038.081746085343184, 7035468.747165428474545 ], [ 260038.081746085343184, 7035473.750356017611921 ], [ 260033.078555495390901, 7035473.750356017611921 ], [ 260033.078555495390901, 7035478.753546607680619 ], [ 260028.075364905438619, 7035478.753546607680619 ], [ 260028.075364905438619, 7035483.756737197749317 ], [ 260023.072174315486336, 7035483.756737197749317 ], [ 260023.072174315486336, 7035488.759927787818015 ], [ 260018.068983725534054, 7035488.759927787818015 ], [ 260018.068983725534054, 7035493.763118377886713 ], [ 260013.065793135581771, 7035493.763118377886713 ], [ 260013.065793135581771, 7035498.76630896795541 ], [ 260008.062602545658592, 7035498.76630896795541 ], [ 260008.062602545658592, 7035503.769499558024108 ], [ 260003.05941195570631, 7035503.769499558024108 ], [ 260003.05941195570631, 7035508.772690148092806 ], [ 259998.056221365754027, 7035508.772690148092806 ], [ 259998.056221365754027, 7035513.775880737230182 ], [ 259993.053030775801744, 7035513.775880737230182 ], [ 259993.053030775801744, 7035518.77907132729888 ], [ 259988.049840185849462, 7035518.77907132729888 ], [ 259988.049840185849462, 7035523.782261917367578 ], [ 259983.046649595926283, 7035523.782261917367578 ], [ 259983.046649595926283, 7035528.785452507436275 ], [ 259978.043459005974, 7035528.785452507436275 ], [ 259978.043459005974, 7035533.788643097504973 ], [ 259973.040268416021718, 7035533.788643097504973 ], [ 259973.040268416021718, 7035538.791833687573671 ], [ 259968.037077826069435, 7035538.791833687573671 ], [ 259968.037077826069435, 7035543.795024277642369 ], [ 259963.033887236117152, 7035543.795024277642369 ], [ 259963.033887236117152, 7035548.798214866779745 ], [ 259958.03069664616487, 7035548.798214866779745 ], [ 259958.03069664616487, 7035553.801405456848443 ], [ 259953.027506056241691, 7035553.801405456848443 ], [ 259953.027506056241691, 7035558.80459604691714 ], [ 259948.024315466289409, 7035558.80459604691714 ], [ 259948.024315466289409, 7035563.807786636985838 ], [ 259943.021124876337126, 7035563.807786636985838 ], [ 259943.021124876337126, 7035568.810977227054536 ], [ 259938.017934286384843, 7035568.810977227054536 ], [ 259938.017934286384843, 7035573.814167817123234 ], [ 259933.014743696432561, 7035573.814167817123234 ], [ 259933.014743696432561, 7035578.817358407191932 ], [ 259928.011553106509382, 7035578.817358407191932 ], [ 259928.011553106509382, 7035583.82054899726063 ], [ 259923.008362516557099, 7035583.82054899726063 ], [ 259923.008362516557099, 7035588.823739586398005 ], [ 259918.005171926604817, 7035588.823739586398005 ], [ 259918.005171926604817, 7035593.826930176466703 ], [ 259913.001981336652534, 7035593.826930176466703 ], [ 259913.001981336652534, 7035598.830120766535401 ], [ 259907.998790746700251, 7035598.830120766535401 ], [ 259907.998790746700251, 7035603.833311356604099 ], [ 259902.995600156747969, 7035603.833311356604099 ], [ 259902.995600156747969, 7035608.836501946672797 ], [ 259897.99240956682479, 7035608.836501946672797 ], [ 259897.99240956682479, 7035613.839692536741495 ], [ 259892.989218976872507, 7035613.839692536741495 ], [ 259892.989218976872507, 7035618.842883126810193 ], [ 259887.986028386920225, 7035618.842883126810193 ], [ 259887.986028386920225, 7035623.846073716878891 ], [ 259882.982837796967942, 7035623.846073716878891 ], [ 259882.982837796967942, 7035628.849264306016266 ], [ 259877.97964720701566, 7035628.849264306016266 ], [ 259877.97964720701566, 7035633.852454896084964 ], [ 259872.976456617092481, 7035633.852454896084964 ], [ 259872.976456617092481, 7035638.855645486153662 ], [ 259867.973266027140198, 7035638.855645486153662 ], [ 259867.973266027140198, 7035643.85883607622236 ], [ 259862.970075437187916, 7035643.85883607622236 ], [ 259862.970075437187916, 7035648.862026666291058 ], [ 259857.966884847235633, 7035648.862026666291058 ], [ 259857.966884847235633, 7035653.865217256359756 ], [ 259852.96369425728335, 7035653.865217256359756 ], [ 259852.96369425728335, 7035658.868407846428454 ], [ 259847.960503667331068, 7035658.868407846428454 ], [ 259847.960503667331068, 7035663.871598435565829 ], [ 259842.957313077407889, 7035663.871598435565829 ], [ 259842.957313077407889, 7035668.874789025634527 ], [ 259837.954122487455606, 7035668.874789025634527 ], [ 259837.954122487455606, 7035673.877979615703225 ], [ 259832.950931897503324, 7035673.877979615703225 ], [ 259832.950931897503324, 7035678.881170205771923 ], [ 259827.947741307551041, 7035678.881170205771923 ], [ 259827.947741307551041, 7035683.884360795840621 ], [ 259822.944550717598759, 7035683.884360795840621 ], [ 259822.944550717598759, 7035688.887551385909319 ], [ 259817.94136012767558, 7035688.887551385909319 ], [ 259817.94136012767558, 7035693.890741975978017 ], [ 259812.938169537723297, 7035693.890741975978017 ], [ 259812.938169537723297, 7035698.893932566046715 ], [ 259807.934978947771015, 7035698.893932566046715 ], [ 259807.934978947771015, 7035703.89712315518409 ], [ 259802.931788357818732, 7035703.89712315518409 ], [ 259802.931788357818732, 7035708.900313745252788 ], [ 259797.928597767866449, 7035708.900313745252788 ], [ 259797.928597767866449, 7035713.903504335321486 ], [ 259792.925407177914167, 7035713.903504335321486 ], [ 259792.925407177914167, 7035718.906694925390184 ], [ 259787.922216587990988, 7035718.906694925390184 ], [ 259787.922216587990988, 7035723.909885515458882 ], [ 259782.919025998038705, 7035723.909885515458882 ], [ 259782.919025998038705, 7035728.91307610552758 ], [ 259777.915835408086423, 7035728.91307610552758 ], [ 259777.915835408086423, 7035733.916266695596278 ], [ 259772.91264481813414, 7035733.916266695596278 ], [ 259772.91264481813414, 7035738.919457285664976 ], [ 259767.909454228181858, 7035738.919457285664976 ], [ 259767.909454228181858, 7035743.922647874802351 ], [ 259762.906263638258679, 7035743.922647874802351 ], [ 259762.906263638258679, 7035748.925838464871049 ], [ 259757.903073048306396, 7035748.925838464871049 ], [ 259757.903073048306396, 7035753.929029054939747 ], [ 259752.899882458354114, 7035753.929029054939747 ], [ 259752.899882458354114, 7035758.932219645008445 ], [ 259747.896691868401831, 7035758.932219645008445 ], [ 259747.896691868401831, 7035763.935410235077143 ], [ 259742.893501278449548, 7035763.935410235077143 ], [ 259742.893501278449548, 7035768.938600825145841 ], [ 259737.890310688497266, 7035768.938600825145841 ], [ 259737.890310688497266, 7035773.941791415214539 ], [ 259732.887120098574087, 7035773.941791415214539 ], [ 259732.887120098574087, 7035778.944982004351914 ], [ 259727.883929508621804, 7035778.944982004351914 ], [ 259727.883929508621804, 7035783.948172594420612 ], [ 259722.880738918669522, 7035783.948172594420612 ], [ 259722.880738918669522, 7035788.95136318448931 ], [ 259717.877548328717239, 7035788.95136318448931 ], [ 259717.877548328717239, 7035793.954553774558008 ], [ 259712.874357738764957, 7035793.954553774558008 ], [ 259712.874357738764957, 7035798.957744364626706 ], [ 259707.871167148841778, 7035798.957744364626706 ], [ 259707.871167148841778, 7035803.960934954695404 ], [ 259702.867976558889495, 7035803.960934954695404 ], [ 259702.867976558889495, 7035808.964125544764102 ], [ 259697.864785968937213, 7035808.964125544764102 ], [ 259697.864785968937213, 7035813.967316134832799 ], [ 259692.86159537898493, 7035813.967316134832799 ], [ 259692.86159537898493, 7035818.970506723970175 ], [ 259687.858404789032647, 7035818.970506723970175 ], [ 259687.858404789032647, 7035823.973697314038873 ], [ 259682.855214199080365, 7035823.973697314038873 ], [ 259682.855214199080365, 7035828.976887904107571 ], [ 259677.852023609157186, 7035828.976887904107571 ], [ 259677.852023609157186, 7035833.980078494176269 ], [ 259672.848833019204903, 7035833.980078494176269 ], [ 259672.848833019204903, 7035838.983269084244967 ], [ 259667.845642429252621, 7035838.983269084244967 ], [ 259667.845642429252621, 7035843.986459674313664 ], [ 259662.842451839300338, 7035843.986459674313664 ], [ 259662.842451839300338, 7035848.989650264382362 ], [ 259657.839261249348056, 7035848.989650264382362 ], [ 259657.839261249348056, 7035853.99284085445106 ], [ 259652.836070659424877, 7035853.99284085445106 ], [ 259652.836070659424877, 7035858.996031443588436 ], [ 259647.832880069472594, 7035858.996031443588436 ], [ 259647.832880069472594, 7035863.999222033657134 ], [ 259642.829689479520312, 7035863.999222033657134 ], [ 259642.829689479520312, 7035869.002412623725832 ], [ 259637.826498889568029, 7035869.002412623725832 ], [ 259637.826498889568029, 7035874.005603213794529 ], [ 259632.823308299615746, 7035874.005603213794529 ], [ 259632.823308299615746, 7035879.008793803863227 ], [ 259627.820117709663464, 7035879.008793803863227 ], [ 259627.820117709663464, 7035884.011984393931925 ], [ 259622.816927119740285, 7035884.011984393931925 ], [ 259622.816927119740285, 7035889.015174984000623 ], [ 259617.813736529788002, 7035889.015174984000623 ], [ 259617.813736529788002, 7035894.018365573137999 ], [ 259612.81054593983572, 7035894.018365573137999 ], [ 259612.81054593983572, 7035899.021556163206697 ], [ 259607.807355349883437, 7035899.021556163206697 ], [ 259607.807355349883437, 7035904.024746753275394 ], [ 259602.804164759931155, 7035904.024746753275394 ], [ 259602.804164759931155, 7035909.027937343344092 ], [ 259597.800974170007976, 7035909.027937343344092 ], [ 259597.800974170007976, 7035914.03112793341279 ], [ 259592.797783580055693, 7035914.03112793341279 ], [ 259592.797783580055693, 7035919.034318523481488 ], [ 259587.794592990103411, 7035919.034318523481488 ], [ 259587.794592990103411, 7035924.037509113550186 ], [ 259582.791402400151128, 7035924.037509113550186 ], [ 259582.791402400151128, 7035929.040699703618884 ], [ 259577.788211810198845, 7035929.040699703618884 ], [ 259577.788211810198845, 7035934.043890292756259 ], [ 259572.785021220246563, 7035934.043890292756259 ], [ 259572.785021220246563, 7035939.047080882824957 ], [ 259567.781830630323384, 7035939.047080882824957 ], [ 259567.781830630323384, 7035944.050271472893655 ], [ 259562.778640040371101, 7035944.050271472893655 ], [ 259562.778640040371101, 7035949.053462062962353 ], [ 259557.775449450418819, 7035949.053462062962353 ], [ 259557.775449450418819, 7035954.056652653031051 ], [ 259552.772258860466536, 7035954.056652653031051 ], [ 259552.772258860466536, 7035959.059843243099749 ], [ 259547.769068270514254, 7035959.059843243099749 ], [ 259547.769068270514254, 7035964.063033833168447 ], [ 259542.765877680591075, 7035964.063033833168447 ], [ 259542.765877680591075, 7035969.066224423237145 ], [ 259537.762687090638792, 7035969.066224423237145 ], [ 259537.762687090638792, 7035974.06941501237452 ], [ 259532.75949650068651, 7035974.06941501237452 ] ], [ [ 259442.702065881632734, 7035013.456821742467582 ], [ 259447.705256471585017, 7035013.456821742467582 ], [ 259447.705256471585017, 7035008.453631153330207 ], [ 259442.702065881632734, 7035008.453631153330207 ], [ 259442.702065881632734, 7035013.456821742467582 ] ], [ [ 259437.698875291680451, 7035003.450440563261509 ], [ 259442.702065881632734, 7035003.450440563261509 ], [ 259442.702065881632734, 7034998.447249973192811 ], [ 259437.698875291680451, 7034998.447249973192811 ], [ 259437.698875291680451, 7035003.450440563261509 ] ], [ [ 259382.66377880226355, 7034978.434487612918019 ], [ 259427.69249411180499, 7034978.434487612918019 ], [ 259427.69249411180499, 7034963.424915843643248 ], [ 259422.689303521852707, 7034963.424915843643248 ], [ 259422.689303521852707, 7034958.42172525357455 ], [ 259412.682922341948142, 7034958.42172525357455 ], [ 259412.682922341948142, 7034953.418534663505852 ], [ 259402.676541162072681, 7034953.418534663505852 ], [ 259402.676541162072681, 7034948.415344073437154 ], [ 259397.673350572120398, 7034948.415344073437154 ], [ 259397.673350572120398, 7034943.412153483368456 ], [ 259387.666969392215833, 7034943.412153483368456 ], [ 259387.666969392215833, 7034938.408962893299758 ], [ 259382.66377880226355, 7034938.408962893299758 ], [ 259382.66377880226355, 7034933.405772304162383 ], [ 259377.660588212340372, 7034933.405772304162383 ], [ 259377.660588212340372, 7034928.402581714093685 ], [ 259372.657397622388089, 7034928.402581714093685 ], [ 259372.657397622388089, 7034923.399391124024987 ], [ 259357.647825852531241, 7034923.399391124024987 ], [ 259357.647825852531241, 7034928.402581714093685 ], [ 259352.644635262578959, 7034928.402581714093685 ], [ 259352.644635262578959, 7034938.408962893299758 ], [ 259357.647825852531241, 7034938.408962893299758 ], [ 259357.647825852531241, 7034948.415344073437154 ], [ 259362.651016442483524, 7034948.415344073437154 ], [ 259362.651016442483524, 7034958.42172525357455 ], [ 259367.654207032435806, 7034958.42172525357455 ], [ 259367.654207032435806, 7034963.424915843643248 ], [ 259372.657397622388089, 7034963.424915843643248 ], [ 259372.657397622388089, 7034968.428106433711946 ], [ 259377.660588212340372, 7034968.428106433711946 ], [ 259377.660588212340372, 7034973.431297023780644 ], [ 259382.66377880226355, 7034973.431297023780644 ], [ 259382.66377880226355, 7034978.434487612918019 ] ], [ [ 258572.146903230866883, 7034252.971852070651948 ], [ 258577.150093820819166, 7034252.971852070651948 ], [ 258577.150093820819166, 7034247.968661480583251 ], [ 258572.146903230866883, 7034247.968661480583251 ], [ 258572.146903230866883, 7034252.971852070651948 ] ], [ [ 258577.150093820819166, 7034247.968661480583251 ], [ 258587.156475000694627, 7034247.968661480583251 ], [ 258587.156475000694627, 7034242.965470891445875 ], [ 258592.15966559064691, 7034242.965470891445875 ], [ 258592.15966559064691, 7034237.962280301377177 ], [ 258582.153284410771448, 7034237.962280301377177 ], [ 258582.153284410771448, 7034242.965470891445875 ], [ 258577.150093820819166, 7034242.965470891445875 ], [ 258577.150093820819166, 7034247.968661480583251 ] ], [ [ 258592.15966559064691, 7034237.962280301377177 ], [ 258597.162856180599192, 7034237.962280301377177 ], [ 258597.162856180599192, 7034232.959089711308479 ], [ 258592.15966559064691, 7034232.959089711308479 ], [ 258592.15966559064691, 7034237.962280301377177 ] ] ] } }
]
}
