{
"type": "FeatureCollection",
"name": "streams_subset_100",
"crs": { "type": "name", "properties": { "name": "urn:ogc:def:crs:EPSG::25833" } },
"features": [
{ "type": "Feature", "properties": { "fid": 990, "objtype": "ElvBekk", "lokalid": "c78f30c3-16ee-44f7-953a-8aca4461062e", "medium": "T", "vannbredde": 1.0, "vannsperretype": null, "arealRegineEnhet_km2": null, "elveordenStrahler": null, "catch_area": 2.249160575912954, "water_depth": 0.81387875803095833, "gradient": 0.0, "aggressive": 0.0, "aggressiveness": 0.0, "id": 990 }, "geometry": { "type": "MultiLineString", "coordinates": [ [ [ 258956.583491459634388, 7034537.224670800380409 ], [ 258956.066800000146031, 7034535.136399999260902 ], [ 258955.255499999970198, 7034533.132100000977516 ], [ 258950.737900000065565, 7034523.877500001341105 ], [ 258950.5921, 7034521.147399999201298 ], [ 258954.162299999967217, 7034517.425000000745058 ], [ 258965.376500000245869, 7034507.125199999660254 ], [ 258967.361999999731779, 7034505.792899999767542 ], [ 258968.825000000186265, 7034505.424400001764297 ] ] ] } },
{ "type": "Feature", "properties": { "fid": 1638, "objtype": "ElvBekk", "lokalid": "7af7490e-3f2e-470d-a1ba-f53d1e94446c", "medium": "T", "vannbredde": 1.0, "vannsperretype": null, "arealRegineEnhet_km2": null, "elveordenStrahler": null, "catch_area": 0.096904475844741794, "water_depth": 0.38264612841897805, "gradient": 0.0, "aggressive": 0.0, "aggressiveness": 0.0, "id": 1638 }, "geometry": { "type": "MultiLineString", "coordinates": [ [ [ 255541.184399999678135, 7041211.318799998611212 ], [ 255542.251000000163913, 7041212.615699999034405 ], [ 255548.293999999761581, 7041223.978500001132488 ], [ 255551.635599999688566, 7041236.650400001555681 ], [ 255555.095700000412762, 7041260.960400000214577 ], [ 255557.5773, 7041300.207600001245737 ], [ 255558.232719771534903, 7041308.647580461576581 ] ] ] } },
{ "type": "Feature", "properties": { "fid": 1218, "objtype": "Elvekant", "lokalid": "3d3917a3-20a5-4971-af1e-58531bdc6bd8", "medium": "T", "vannbredde": null, "vannsperretype": null, "arealRegineEnhet_km2": null, "elveordenStrahler": null, "catch_area": 1.8940754991615116, "water_depth": 1.5, "gradient": 0.0, "aggressive": 0.0, "aggressiveness": 0.0, "id": 1218 }, "geometry": { "type": "MultiLineString", "coordinates": [ [ [ 258096.896099999547005, 7039064.510499998927116 ], [ 258097.224299999885261, 7039061.906700000166893 ], [ 258093.976300000213087, 7039055.2566 ], [ 258092.664099999703467, 7039052.7364999987185 ], [ 258089.794499999843538, 7039049.57880000025034 ], [ 258086.139499999582767, 7039045.8717 ], [ 258083.130300000309944, 7039042.4054000005126 ], [ 258081.768099999986589, 7039040.744300000369549 ], [ 258076.98369999974966, 7039037.746399998664856 ], [ 258069.614599999971688, 7039035.373199999332428 ], [ 258066.25040000025183, 7039032.834800001233816 ], [ 258063.447800000198185, 7039025.469500001519918 ], [ 258060.997000000439584, 7039019.709499999880791 ], [ 258057.300499999895692, 7039015.775100000202656 ], [ 258054.106399999931455, 7039012.265900000929832 ], [ 258052.830400000326335, 7039008.847899999469519 ], [ 258053.222000000067055, 7039004.991799999028444 ], [ 258055.810899999924004, 7039002.165500000119209 ], [ 258057.924999999813735, 7038999.313499998301268 ], [ 258059.71030000038445, 7038997.989900000393391 ], [ 258062.311900000087917, 7038996.046900000423193 ], [ 258065.666699999943376, 7038993.349700000137091 ], [ 258067.426799999549985, 7038991.757100000977516 ], [ 258068.812749985227128, 7038990.341640788130462 ] ] ] } },
{ "type": "Feature", "properties": { "fid": 1176, "objtype": "Elvekant", "lokalid": "c3c62389-1f45-4c55-b4d2-71c61d656a71", "medium": "T", "vannbredde": null, "vannsperretype": null, "arealRegineEnhet_km2": null, "elveordenStrahler": null, "catch_area": 2.2927964705236539, "water_depth": 1.5, "gradient": 0.0, "aggressive": 0.0, "aggressiveness": 0.0, "id": 1176 }, "geometry": { "type": "MultiLineString", "coordinates": [ [ [ 258621.053000000305474, 7038489.5320999994874 ], [ 258616.257000000216067, 7038494.435100000351667 ], [ 258613.198599999770522, 7038499.004099998623133 ], [ 258611.005300000309944, 7038502.938900001347065 ], [ 258609.974399999715388, 7038504.161499999463558 ], [ 258608.142099999822676, 7038505.519600000232458 ], [ 258603.939399999566376, 7038508.286400001496077 ], [ 258600.940899999812245, 7038509.854600001126528 ], [ 258598.18030000012368, 7038510.425500001758337 ], [ 258593.482699999585748, 7038510.384300000965595 ], [ 258590.583899999968708, 7038509.591299999505281 ], [ 258585.771499999798834, 7038506.61600000038743 ], [ 258577.750199999660254, 7038500.937100000679493 ], [ 258572.705199999734759, 7038495.913199998438358 ], [ 258568.326200000010431, 7038489.741300001740456 ], [ 258566.785500000230968, 7038485.966299999505281 ], [ 258566.104199999943376, 7038482.030099999159575 ], [ 258565.646300000138581, 7038475.8717 ], [ 258564.362599999643862, 7038467.770799998193979 ], [ 258563.233631939190673, 7038460.155924146994948 ] ] ] } },
{ "type": "Feature", "properties": { "fid": 1374, "objtype": "ElvBekk", "lokalid": "5936e55d-1de3-44de-851e-daa177932a0a", "medium": "T", "vannbredde": 1.0, "vannsperretype": null, "arealRegineEnhet_km2": null, "elveordenStrahler": null, "catch_area": 1.8825103921458104, "water_depth": 0.77985125333277217, "gradient": 0.0, "aggressive": 0.0, "aggressiveness": 0.0, "id": 1374 }, "geometry": { "type": "MultiLineString", "coordinates": [ [ [ 257920.936099999584258, 7041553.187600001692772 ], [ 257920.451700000092387, 7041554.770899999886751 ], [ 257920.139200000092387, 7041556.579300001263618 ], [ 257920.404199999757111, 7041558.222800001502037 ], [ 257921.718700000084937, 7041559.6974 ], [ 257923.449500000104308, 7041561.323800001293421 ], [ 257926.962000000290573, 7041565.22520000115037 ], [ 257928.659900000318885, 7041567.357200000435114 ], [ 257929.659500000067055, 7041569.5449 ], [ 257929.842799999751151, 7041570.854299999773502 ], [ 257929.342199999839067, 7041572.479400001466274 ], [ 257928.735299999825656, 7041573.400800000876188 ], [ 257927.892699999734759, 7041574.274000000208616 ] ] ] } },
{ "type": "Feature", "properties": { "fid": 79, "objtype": "Elvekant", "lokalid": "b38e22c9-375f-419f-93be-658db81707c6", "medium": "T", "vannbredde": null, "vannsperretype": null, "arealRegineEnhet_km2": null, "elveordenStrahler": null, "catch_area": 23.466571916765865, "water_depth": 1.5, "gradient": 0.0, "aggressive": 0.0, "aggressiveness": 0.0, "id": 79 }, "geometry": { "type": "MultiLineString", "coordinates": [ [ [ 256945.692699999548495, 7035241.867600001394749 ], [ 256943.321800000034273, 7035245.5176 ], [ 256941.825199999846518, 7035247.668400000780821 ] ] ] } },
{ "type": "Feature", "properties": { "fid": 1189, "objtype": "Elvekant", "lokalid": "a8f909a8-81ae-4eec-8476-c7275ea13d91", "medium": "T", "vannbredde": null, "vannsperretype": null, "arealRegineEnhet_km2": null, "elveordenStrahler": null, "catch_area": 2.5128661692778613, "water_depth": 1.5, "gradient": 0.0, "aggressive": 0.0, "aggressiveness": 0.0, "id": 1189 }, "geometry": { "type": "MultiLineString", "coordinates": [ [ [ 258428.68790000025183, 7038407.758499998599291 ], [ 258422.766099999658763, 7038409.450599998235703 ], [ 258418.280199999921024, 7038410.485100001096725 ], [ 258412.52240000013262, 7038410.392799999564886 ], [ 258405.385599999688566, 7038409.314399998635054 ], [ 258398.756400000303984, 7038407.756099998950958 ], [ 258392.565100000239909, 7038405.081300001591444 ], [ 258389.650999999605119, 7038403.696600001305342 ], [ 258387.041299999691546, 7038402.343699999153614 ], [ 258380.786500000394881, 7038402.629799999296665 ], [ 258375.218799999915063, 7038403.062300000339746 ], [ 258370.129300000146031, 7038403.449999999254942 ] ] ] } },
{ "type": "Feature", "properties": { "fid": 1619, "objtype": "Kystkontur", "lokalid": "87742828-440b-4f96-a3b9-b133239daf84", "medium": "T", "vannbredde": null, "vannsperretype": null, "arealRegineEnhet_km2": null, "elveordenStrahler": null, "catch_area": 0.20648441292128561, "water_depth": 7.5, "gradient": 0.0, "aggressive": 0.0, "aggressiveness": 0.0, "id": 1619 }, "geometry": { "type": "MultiLineString", "coordinates": [ [ [ 254484.674030575755751, 7040628.637661403045058 ], [ 254484.368300000205636, 7040628.349700000137091 ], [ 254483.891499999910593, 7040627.660799998790026 ], [ 254483.233799999579787, 7040627.079300001263618 ], [ 254482.664599999785423, 7040626.690499998629093 ], [ 254482.027700000442564, 7040626.11710000038147 ], [ 254481.118400000035763, 7040625.31810000166297 ], [ 254480.333999999798834, 7040624.7787000015378 ], [ 254479.666899999603629, 7040624.097500000149012 ], [ 254478.819299999624491, 7040623.312800001353025 ], [ 254478.424999999813735, 7040622.9679000005126 ], [ 254474.998599999584258, 7040619.982999999076128 ], [ 254472.157999999821186, 7040618.098999999463558 ], [ 254470.216400000266731, 7040616.261100001633167 ], [ 254467.686200000345707, 7040614.257500000298023 ], [ 254465.730100000277162, 7040612.159600000828505 ], [ 254462.892099999822676, 7040609.019000001251698 ], [ 254460.711199999786913, 7040606.5603 ], [ 254456.746100000105798, 7040603.405000001192093 ], [ 254455.130800000391901, 7040601.938499998301268 ], [ 254452.323699999600649, 7040599.44819999858737 ], [ 254449.627899999730289, 7040597.1787 ], [ 254446.91469999961555, 7040593.975999999791384 ], [ 254441.624200000427663, 7040587.839400000870228 ], [ 254439.552099999971688, 7040584.827799998223782 ], [ 254436.551699999719858, 7040580.707299999892712 ], [ 254434.005699999630451, 7040577.358300000429153 ], [ 254431.835799999535084, 7040574.054299999028444 ], [ 254429.159599999897182, 7040570.818 ], [ 254427.037999999709427, 7040567.600000001490116 ], [ 254424.108799999579787, 7040564.558299999684095 ], [ 254421.315100000239909, 7040561.996399998664856 ], [ 254418.41579999960959, 7040558.951999999582767 ], [ 254416.125179993774509, 7040556.614772296510637 ] ] ] } },
{ "type": "Feature", "properties": { "fid": 1088, "objtype": "ElvBekk", "lokalid": "9613bf9d-d7df-4c85-9947-3422b723864b", "medium": "U", "vannbredde": 1.0, "vannsperretype": null, "arealRegineEnhet_km2": null, "elveordenStrahler": null, "catch_area": 1.1712627756049518, "water_depth": 0.69590802478714242, "gradient": 0.0, "aggressive": 0.0, "aggressiveness": 0.0, "id": 1088 }, "geometry": { "type": "MultiLineString", "coordinates": [ [ [ 258713.707700000144541, 7036815.315499998629093 ], [ 258677.246500000357628, 7036822.4087999984622 ] ] ] } },
{ "type": "Feature", "properties": { "fid": 70, "objtype": "Elvekant", "lokalid": "363d92d8-54ff-4b7a-b9a4-e716d1a8eb0e", "medium": "T", "vannbredde": null, "vannsperretype": null, "arealRegineEnhet_km2": null, "elveordenStrahler": null, "catch_area": 19.874776354825173, "water_depth": 1.5, "gradient": 0.0, "aggressive": 0.0, "aggressiveness": 0.0, "id": 70 }, "geometry": { "type": "MultiLineString", "coordinates": [ [ [ 256380.987099999561906, 7034631.67339999973774 ], [ 256382.280799999833107, 7034627.682300001382828 ], [ 256383.213499999605119, 7034625.092000000178814 ], [ 256384.36600000038743, 7034622.38060000166297 ], [ 256385.680499999783933, 7034620.538499999791384 ], [ 256386.861600000411272, 7034619.8445999994874 ], [ 256388.400700000114739, 7034618.574299998581409 ], [ 256389.604299999773502, 7034617.797899998724461 ], [ 256391.240899999625981, 7034617.031100001186132 ], [ 256392.702899999916553, 7034616.331000000238419 ], [ 256395.629800000227988, 7034613.462999999523163 ], [ 256396.53139999974519, 7034613.217500001192093 ], [ 256397.329300000332296, 7034612.509399998933077 ], [ 256398.10149999987334, 7034610.778400000184774 ], [ 256398.287200000137091, 7034609.866500001400709 ], [ 256398.832700000144541, 7034608.076400000602007 ], [ 256399.952899999916553, 7034606.091699998825788 ], [ 256401.017799999564886, 7034604.695099998265505 ] ] ] } },
{ "type": "Feature", "properties": { "fid": 427, "objtype": "ElvBekk", "lokalid": "1eb5a8d5-e4ad-4372-b663-5ed66bdc28d1", "medium": "T", "vannbredde": 1.0, "vannsperretype": null, "arealRegineEnhet_km2": null, "elveordenStrahler": null, "catch_area": 1.5675743468062153, "water_depth": 0.746327695458189, "gradient": 0.0, "aggressive": 0.0, "aggressiveness": 0.0, "id": 427 }, "geometry": { "type": "MultiLineString", "coordinates": [ [ [ 257621.747222760197474, 7037107.014576492831111 ], [ 257621.350899999961257, 7037106.945900000631809 ], [ 257591.969200000166893, 7037102.740499999374151 ], [ 257589.785299999639392, 7037101.960700001567602 ], [ 257585.838499999605119, 7037100.9243 ], [ 257584.019799999892712, 7037100.180500000715256 ], [ 257582.110399999655783, 7037099.435199998319149 ], [ 257579.779299999587238, 7037099.121399998664856 ], [ 257578.230399999767542, 7037099.216699998825788 ], [ 257576.078200000338256, 7037100.27309999987483 ], [ 257575.45380000025034, 7037101.115800000727177 ], [ 257574.881299999542534, 7037103.260099999606609 ], [ 257573.757299999706447, 7037104.883400000631809 ], [ 257572.59360000025481, 7037105.334399998188019 ], [ 257572.17949999962002, 7037104.991399999707937 ], [ 257572.491100000217557, 7037101.353900000452995 ], [ 257572.771099999547005, 7037100.161699999123812 ], [ 257572.705599999986589, 7037099.464200001209974 ], [ 257571.483599999919534, 7037098.332699999213219 ], [ 257570.409500000067055, 7037098.132100000977516 ], [ 257568.064799999818206, 7037098.422699999064207 ], [ 257566.009700000286102, 7037099.228799998760223 ], [ 257564.626899999566376, 7037100.343699999153614 ], [ 257556.540199999697506, 7037105.204 ], [ 257554.738599999807775, 7037105.926100000739098 ], [ 257552.889600000344217, 7037106.57209999859333 ], [ 257551.850399999879301, 7037107.1722999997437 ], [ 257549.982599999755621, 7037108.473400000482798 ], [ 257548.751500000245869, 7037110.348000001162291 ], [ 257545.826799999922514, 7037113.879200000315905 ], [ 257544.623200000263751, 7037114.33390000090003 ], [ 257542.932300000451505, 7037114.844500001519918 ], [ 257541.284799999557436, 7037115.602299999445677 ], [ 257539.066204822127474, 7037117.602391680702567 ] ] ] } },
{ "type": "Feature", "properties": { "fid": 507, "objtype": "Innsjøkant", "lokalid": "f5bdb1b0-f4df-4283-a79f-171bde01ad5f", "medium": "T", "vannbredde": null, "vannsperretype": null, "arealRegineEnhet_km2": null, "elveordenStrahler": null, "catch_area": 0.13556608714839657, "water_depth": 0.25, "gradient": 0.0, "aggressive": 0.0, "aggressiveness": 0.0, "id": 507 }, "geometry": { "type": "MultiLineString", "coordinates": [ [ [ 254888.552199999801815, 7037980.103300001472235 ], [ 254888.549899999983609, 7037984.144099999219179 ], [ 254885.675699999555945, 7037985.539799999445677 ] ] ] } },
{ "type": "Feature", "properties": { "fid": 24, "objtype": "Elvekant", "lokalid": "397adbcf-845d-40c3-91b0-4785e3b84a9e", "medium": "T", "vannbredde": null, "vannsperretype": null, "arealRegineEnhet_km2": null, "elveordenStrahler": null, "catch_area": 23.078807169020557, "water_depth": 1.5, "gradient": 0.0, "aggressive": 0.0, "aggressiveness": 0.0, "id": 24 }, "geometry": { "type": "MultiLineString", "coordinates": [ [ [ 256878.342595742753474, 7035066.808085628785193 ], [ 256878.070299999788404, 7035066.247299998998642 ], [ 256875.402400000020862, 7035060.849300000816584 ], [ 256873.825899999588728, 7035058.404199998825788 ], [ 256872.446299999952316, 7035056.342700000852346 ], [ 256871.02309999987483, 7035054.245000001043081 ], [ 256868.822300000116229, 7035052.964200001209974 ], [ 256866.979799999855459, 7035051.860800001770258 ], [ 256862.057199999690056, 7035048.996199999004602 ], [ 256855.031000000424683, 7035045.24379999935627 ], [ 256850.164599999785423, 7035042.6554000005126 ], [ 256845.201899999752641, 7035038.186500001698732 ], [ 256842.246799999848008, 7035035.830699998885393 ], [ 256838.076799999922514, 7035033.488499999046326 ], [ 256833.833999999798834, 7035031.333999998867512 ], [ 256830.7171, 7035029.717099998146296 ], [ 256827.767099999822676, 7035029.662399999797344 ], [ 256824.873499999754131, 7035029.9945 ], [ 256823.873100000433624, 7035029.937699999660254 ], [ 256823.097500000149012, 7035029.598400000482798 ], [ 256820.126000000163913, 7035027.817099999636412 ], [ 256818.172899999655783, 7035026.070700000971556 ], [ 256814.58490000013262, 7035025.965500000864267 ], [ 256810.981800000183284, 7035026.876800000667572 ], [ 256806.741399999707937, 7035027.958500001579523 ], [ 256803.542799999937415, 7035028.681000001728535 ], [ 256800.558299999684095, 7035029.544199999421835 ], [ 256797.406999999657273, 7035030.342700000852346 ], [ 256794.482513678289251, 7035030.627101902849972 ] ] ] } },
{ "type": "Feature", "properties": { "fid": 1582, "objtype": "Kanalkant", "lokalid": "7236c27c-157c-4b30-a5e4-b1470991b7b0", "medium": "T", "vannbredde": null, "vannsperretype": null, "arealRegineEnhet_km2": null, "elveordenStrahler": null, "catch_area": 0.091640833195219942, "water_depth": 0.3775514736114024, "gradient": 0.0, "aggressive": 0.0, "aggressiveness": 0.0, "id": 1582 }, "geometry": { "type": "MultiLineString", "coordinates": [ [ [ 255808.000099999830127, 7039920.354800000786781 ], [ 255806.352400000207126, 7039918.650100000202656 ], [ 255797.938699999824166, 7039912.113400001078844 ], [ 255786.309899999760091, 7039902.381000000983477 ], [ 255775.645600000396371, 7039893.392299998551607 ], [ 255767.535000000149012, 7039886.123500000685453 ], [ 255754.879999999888241, 7039876.165899999439716 ], [ 255742.080500000156462, 7039866.061099998652935 ], [ 255731.114199999719858, 7039857.281599998474121 ], [ 255730.717179241939448, 7039856.954976019449532 ] ] ] } },
{ "type": "Feature", "properties": { "fid": 71, "objtype": "Elvekant", "lokalid": "f25f831e-252e-48b6-a954-7e9d3df6242e", "medium": "T", "vannbredde": null, "vannsperretype": null, "arealRegineEnhet_km2": null, "elveordenStrahler": null, "catch_area": 23.775069299282222, "water_depth": 1.5, "gradient": 0.0, "aggressive": 0.0, "aggressiveness": 0.0, "id": 71 }, "geometry": { "type": "MultiLineString", "coordinates": [ [ [ 256424.359120423672721, 7034653.50308152101934 ], [ 256421.599000000394881, 7034653.358600001782179 ], [ 256417.57149999961257, 7034653.817200001329184 ], [ 256410.701100000180304, 7034654.934799998998642 ], [ 256406.338499999605119, 7034654.821899998933077 ], [ 256402.071000000461936, 7034654.11710000038147 ], [ 256397.523900000378489, 7034653.539000000804663 ], [ 256391.684299999848008, 7034651.8260000012815 ], [ 256388.500099999830127, 7034649.491700001060963 ], [ 256385.248399999924004, 7034646.1184 ], [ 256383.793100000359118, 7034643.893100000917912 ], [ 256381.45380000025034, 7034637.499299999326468 ], [ 256380.987099999561906, 7034631.67339999973774 ] ] ] } },
{ "type": "Feature", "properties": { "fid": 651, "objtype": "Elvekant", "lokalid": "dbe04e3f-bec0-42bf-add2-20a2371ea03d", "medium": "T", "vannbredde": null, "vannsperretype": null, "arealRegineEnhet_km2": null, "elveordenStrahler": null, "catch_area": 2.0603827828662209, "water_depth": 1.5, "gradient": 0.0, "aggressive": 0.0, "aggressiveness": 0.0, "id": 651 }, "geometry": { "type": "MultiLineString", "coordinates": [ [ [ 257501.205552244035061, 7037921.831436604261398 ], [ 257501.647300000302494, 7037920.589699998497963 ], [ 257502.214800000190735, 7037917.96339999884367 ], [ 257502.237499999813735, 7037916.49379999935627 ], [ 257502.422199999913573, 7037914.928599998354912 ], [ 257502.967400000430644, 7037913.349700000137091 ], [ 257503.635900000110269, 7037912.120999999344349 ] ] ] } },
{ "type": "Feature", "properties": { "fid": 116, "objtype": "ElvBekk", "lokalid": "d10e5dbe-321e-4fe5-ba6a-a69d52f0186d", "medium": "T", "vannbredde": 1.0, "vannsperretype": null, "arealRegineEnhet_km2": null, "elveordenStrahler": null, "catch_area": 1.0881889939637914, "water_depth": 0.68372874972030329, "gradient": 0.0, "aggressive": 0.0, "aggressiveness": 0.0, "id": 116 }, "geometry": { "type": "MultiLineString", "coordinates": [ [ [ 257555.797899999655783, 7036208.50730000063777 ], [ 257548.485500000417233, 7036205.9879 ], [ 257537.525299999862909, 7036203.368900001049042 ], [ 257524.144999999552965, 7036200.344000000506639 ], [ 257508.279099999926984, 7036197.180599998682737 ], [ 257498.98340000025928, 7036194.626400001347065 ], [ 257497.259600000455976, 7036193.823399998247623 ], [ 257494.082200000062585, 7036193.166999999433756 ] ] ] } },
{ "type": "Feature", "properties": { "fid": 399, "objtype": "Elvekant", "lokalid": "905d55d2-a581-4b02-b1da-d4a953ca9773", "medium": "U", "vannbredde": null, "vannsperretype": null, "arealRegineEnhet_km2": null, "elveordenStrahler": null, "catch_area": 2.7117710756961793, "water_depth": 1.5, "gradient": 0.0, "aggressive": 0.0, "aggressiveness": 0.0, "id": 399 }, "geometry": { "type": "MultiLineString", "coordinates": [ [ [ 257307.190000000409782, 7036619.097199998795986 ], [ 257297.596699999645352, 7036620.329999998211861 ] ] ] } },
{ "type": "Feature", "properties": { "fid": 915, "objtype": "ElvBekk", "lokalid": "d1e9f41a-ea1f-43e4-8f5f-375fdb124f57", "medium": "T", "vannbredde": 1.0, "vannsperretype": null, "arealRegineEnhet_km2": null, "elveordenStrahler": null, "catch_area": 1.6350741621242411, "water_depth": 0.75391744405132877, "gradient": 0.0, "aggressive": 0.0, "aggressiveness": 0.0, "id": 915 }, "geometry": { "type": "MultiLineString", "coordinates": [ [ [ 256848.443799999542534, 7041312.60359999909997 ], [ 256848.02379999961704, 7041314.231100000441074 ], [ 256847.9227, 7041316.150299999862909 ], [ 256848.513000000268221, 7041319.00959999859333 ] ] ] } },
{ "type": "Feature", "properties": { "fid": 1359, "objtype": "ElvBekk", "lokalid": "31fdf7ac-9bd7-4090-a879-c90d65ba905e", "medium": "T", "vannbredde": 1.0, "vannsperretype": null, "arealRegineEnhet_km2": null, "elveordenStrahler": null, "catch_area": 0.44137337911830909, "water_depth": 0.55058994414034357, "gradient": 0.0, "aggressive": 0.0, "aggressiveness": 0.0, "id": 1359 }, "geometry": { "type": "MultiLineString", "coordinates": [ [ [ 257158.045214742043754, 7039389.645922554656863 ], [ 257139.521999999880791, 7039380.013900000602007 ], [ 257104.322599999606609, 7039361.600900001823902 ], [ 257096.331699999980628, 7039355.818500000983477 ], [ 257088.855700000189245, 7039349.847100000828505 ], [ 257082.052099999971688, 7039345.14919999986887 ], [ 257077.573200000450015, 7039341.0168999992311 ], [ 257073.940782381250756, 7039336.749525750055909 ] ] ] } },
{ "type": "Feature", "properties": { "fid": 694, "objtype": "Elvekant", "lokalid": "c3272505-afa4-48d4-a822-78a9806d42ad", "medium": "U", "vannbredde": null, "vannsperretype": null, "arealRegineEnhet_km2": null, "elveordenStrahler": null, "catch_area": 3.0227409230055651, "water_depth": 1.5, "gradient": 0.0, "aggressive": 0.0, "aggressiveness": 0.0, "id": 694 }, "geometry": { "type": "MultiLineString", "coordinates": [ [ [ 257107.265399999916553, 7038285.486699998378754 ], [ 257103.079800000414252, 7038277.949799999594688 ] ] ] } },
{ "type": "Feature", "properties": { "fid": 1448, "objtype": "Elvekant", "lokalid": "0467e639-97b4-4835-a659-bf527f1c600c", "medium": "T", "vannbredde": null, "vannsperretype": null, "arealRegineEnhet_km2": null, "elveordenStrahler": null, "catch_area": 7.0963670479426249, "water_depth": 1.5, "gradient": 0.0, "aggressive": 0.0, "aggressiveness": 0.0, "id": 1448 }, "geometry": { "type": "MultiLineString", "coordinates": [ [ [ 259049.931144044152461, 7042830.196565931662917 ], [ 259045.333399999886751, 7042829.125399999320507 ], [ 259030.911899999715388, 7042826.038199998438358 ], [ 259019.509800000116229, 7042822.888399999588728 ], [ 259006.520600000396371, 7042820.3902000002563 ], [ 258991.082899999804795, 7042818.896099999547005 ], [ 258980.327399999834597, 7042818.670499999076128 ], [ 258974.734600000083447, 7042819.47749999910593 ], [ 258967.684200000017881, 7042820.9239999987185 ], [ 258960.378100000321865, 7042823.178599998354912 ], [ 258953.520600000396371, 7042825.501499999314547 ], [ 258952.118303435243433, 7042825.950679182074964 ] ] ] } },
{ "type": "Feature", "properties": { "fid": 620, "objtype": "ElvBekk", "lokalid": "2e994167-8135-4009-ad73-2856b78557a0", "medium": "T", "vannbredde": 1.0, "vannsperretype": null, "arealRegineEnhet_km2": null, "elveordenStrahler": null, "catch_area": 2.2274274720625025, "water_depth": 0.81198435203810193, "gradient": 0.0, "aggressive": 0.0, "aggressiveness": 0.0, "id": 620 }, "geometry": { "type": "MultiLineString", "coordinates": [ [ [ 256251.077800000086427, 7038093.324999999254942 ], [ 256252.103900000452995, 7038094.404500000178814 ], [ 256253.334800000302494, 7038095.203499998897314 ], [ 256254.150799999944866, 7038095.116799999028444 ], [ 256255.373399999924004, 7038094.650199998170137 ], [ 256256.77240000013262, 7038093.815200001001358 ], [ 256258.301799999549985, 7038092.013099998235703 ], [ 256259.846900000236928, 7038091.2347999997437 ], [ 256262.1402000002563, 7038091.039500001817942 ], [ 256264.122299999929965, 7038089.456199999898672 ], [ 256265.913499999791384, 7038087.659699998795986 ], [ 256268.795400000177324, 7038084.635000001639128 ], [ 256273.307300000451505, 7038078.63289999961853 ], [ 256275.002600000239909, 7038078.383200000971556 ], [ 256278.011699999682605, 7038077.889400001615286 ], [ 256281.19620000012219, 7038076.695700000971556 ], [ 256282.546699999831617, 7038077.161899998784065 ], [ 256284.228900000452995, 7038078.913499999791384 ] ] ] } },
{ "type": "Feature", "properties": { "fid": 1055, "objtype": "ElvBekk", "lokalid": "cdc74637-ae22-4870-bea5-b0e465c5c950", "medium": "T", "vannbredde": 1.0, "vannsperretype": null, "arealRegineEnhet_km2": null, "elveordenStrahler": null, "catch_area": 0.34020834722395693, "water_depth": 0.51724177610919841, "gradient": 0.0, "aggressive": 0.0, "aggressiveness": 0.0, "id": 1055 }, "geometry": { "type": "MultiLineString", "coordinates": [ [ [ 258141.920199999585748, 7035655.9923 ], [ 258130.935100000351667, 7035689.920200001448393 ], [ 258126.781700000166893, 7035700.38120000064373 ], [ 258122.577399999834597, 7035705.057700000703335 ], [ 258112.920599999837577, 7035715.673799999058247 ], [ 258103.566200000233948, 7035728.010299999266863 ] ] ] } },
{ "type": "Feature", "properties": { "fid": 1345, "objtype": "ElvBekk", "lokalid": "06c8ece0-89dc-4293-b3e4-72137415b025", "medium": "T", "vannbredde": 1.0, "vannsperretype": null, "arealRegineEnhet_km2": null, "elveordenStrahler": null, "catch_area": 0.062626028220368432, "water_depth": 0.34458468495363742, "gradient": 0.0, "aggressive": 0.0, "aggressiveness": 0.0, "id": 1345 }, "geometry": { "type": "MultiLineString", "coordinates": [ [ [ 257242.816300000064075, 7038932.613699998706579 ], [ 257243.098600000143051, 7038933.692699998617172 ], [ 257243.2171, 7038934.52589999884367 ], [ 257242.855700000189245, 7038936.670499999076128 ], [ 257242.726099999621511, 7038937.858600001782179 ], [ 257242.693900000303984, 7038938.907000001519918 ], [ 257242.815799999982119, 7038939.669399999082088 ], [ 257243.128600000403821, 7038940.645100001245737 ], [ 257244.805800000205636, 7038943.734000001102686 ], [ 257245.942099999636412, 7038946.200300000607967 ], [ 257246.75829999987036, 7038948.897599998861551 ] ] ] } },
{ "type": "Feature", "properties": { "fid": 558, "objtype": "Elvekant", "lokalid": "44d91fc2-5bac-46b9-b3ad-678f0a0ba8f4", "medium": "T", "vannbredde": null, "vannsperretype": null, "arealRegineEnhet_km2": null, "elveordenStrahler": null, "catch_area": 12.166821210678261, "water_depth": 1.5, "gradient": 0.0, "aggressive": 0.0, "aggressiveness": 0.0, "id": 558 }, "geometry": { "type": "MultiLineString", "coordinates": [ [ [ 256924.514042461843928, 7037478.168342389166355 ], [ 256925.301500000059605, 7037475.602299999445677 ], [ 256926.233, 7037468.398800000548363 ], [ 256926.621799999848008, 7037461.5176 ] ] ] } },
{ "type": "Feature", "properties": { "fid": 1097, "objtype": "Elvekant", "lokalid": "1f197632-2c0f-44bf-a949-07b52537c380", "medium": "T", "vannbredde": null, "vannsperretype": null, "arealRegineEnhet_km2": null, "elveordenStrahler": null, "catch_area": 1.3074891802279363, "water_depth": 1.5, "gradient": 0.0, "aggressive": 0.0, "aggressiveness": 0.0, "id": 1097 }, "geometry": { "type": "MultiLineString", "coordinates": [ [ [ 258190.690799999982119, 7036669.526900000870228 ], [ 258190.28760000038892, 7036669.192899998277426 ], [ 258182.608099999837577, 7036659.340700000524521 ], [ 258180.709999999962747, 7036656.895799998193979 ], [ 258176.615600000135601, 7036650.4358000010252 ], [ 258173.825000000186265, 7036643.410999998450279 ], [ 258168.128800000064075, 7036632.096200000494719 ], [ 258167.096199999563396, 7036631.268500000238419 ], [ 258166.172100000083447, 7036630.953299999237061 ], [ 258165.060899999924004, 7036630.786299999803305 ] ] ] } },
{ "type": "Feature", "properties": { "fid": 1084, "objtype": "ElvBekk", "lokalid": "35bd3ab1-89d9-45fa-80df-4712159fa6dd", "medium": "T", "vannbredde": 1.0, "vannsperretype": null, "arealRegineEnhet_km2": null, "elveordenStrahler": null, "catch_area": 0.072204066358496174, "water_depth": 0.35655751992246626, "gradient": 0.0, "aggressive": 0.0, "aggressiveness": 0.0, "id": 1084 }, "geometry": { "type": "MultiLineString", "coordinates": [ [ [ 258474.489099999889731, 7035614.776900000870228 ], [ 258472.064199999906123, 7035614.321199998259544 ], [ 258470.552400000393391, 7035614.7043999992311 ], [ 258470.083499999716878, 7035614.848999999463558 ], [ 258469.685999999754131, 7035614.89640000090003 ], [ 258469.345999999903142, 7035614.807700000703335 ], [ 258467.59360000025481, 7035614.127999998629093 ] ] ] } },
{ "type": "Feature", "properties": { "fid": 615, "objtype": "Innsjøkant", "lokalid": "ff3de308-0731-425c-945b-8e013b41045b", "medium": "T", "vannbredde": null, "vannsperretype": null, "arealRegineEnhet_km2": null, "elveordenStrahler": null, "catch_area": 2.583116828483218, "water_depth": 1.0, "gradient": 0.0, "aggressive": 0.0, "aggressiveness": 0.0, "id": 615 }, "geometry": { "type": "MultiLineString", "coordinates": [ [ [ 256350.219899999909103, 7038080.694899998605251 ], [ 256348.171400000341237, 7038078.5757 ], [ 256346.212299999780953, 7038076.337400000542402 ], [ 256344.99210000038147, 7038076.080200001597404 ], [ 256343.662800000049174, 7038076.908599998801947 ], [ 256342.188699999824166, 7038078.122499998658895 ], [ 256340.457600000314415, 7038079.380699999630451 ], [ 256338.916699999943376, 7038079.4551 ], [ 256336.781000000424683, 7038078.761199999600649 ], [ 256334.93819999974221, 7038077.547200001776218 ], [ 256333.287800000049174, 7038075.812699999660254 ], [ 256331.450799999758601, 7038074.447500001639128 ], [ 256327.561599999666214, 7038073.596599999815226 ], [ 256324.614400000311434, 7038072.074400000274181 ], [ 256322.118900000117719, 7038070.11769999936223 ], [ 256320.786000000312924, 7038068.554299999028444 ], [ 256318.984899999573827, 7038067.356600001454353 ], [ 256317.106999999843538, 7038066.517900001257658 ], [ 256315.105700000189245, 7038066.504900000989437 ], [ 256312.684700000099838, 7038066.732299998402596 ], [ 256308.406899999827147, 7038067.737199999392033 ], [ 256306.971300000324845, 7038068.183600001037121 ], [ 256306.412299999967217, 7038068.7588 ], [ 256304.801199999637902, 7038069.583500001579523 ], [ 256303.512900000438094, 7038069.885499998927116 ], [ 256302.292600000277162, 7038069.628199998289347 ], [ 256301.278500000014901, 7038069.210900001227856 ], [ 256299.865399999544024, 7038068.398800000548363 ], [ 256298.316899999976158, 7038067.428599998354912 ], [ 256295.38219999987632, 7038066.14640000090003 ], [ 256293.809000000357628, 7038066.304299999028444 ], [ 256292.652499999850988, 7038065.870099999010563 ], [ 256291.548299999907613, 7038065.029100000858307 ], [ 256290.677699999883771, 7038064.749000001698732 ], [ 256289.146200000308454, 7038064.923000000417233 ], [ 256288.362399999983609, 7038065.458999998867512 ], [ 256287.793700000271201, 7038066.467300001531839 ], [ 256287.556300000287592, 7038067.042399998754263 ] ] ] } },
{ "type": "Feature", "properties": { "fid": 1237, "objtype": "ElvBekk", "lokalid": "64108812-f4de-4bd3-94b4-5718319c6016", "medium": "T", "vannbredde": 1.0, "vannsperretype": null, "arealRegineEnhet_km2": null, "elveordenStrahler": null, "catch_area": 0.38164910764805215, "water_depth": 0.53170925896772248, "gradient": 0.0, "aggressive": 0.0, "aggressiveness": 0.0, "id": 1237 }, "geometry": { "type": "MultiLineString", "coordinates": [ [ [ 258826.586047569726361, 7038837.410262198187411 ], [ 258820.950500000268221, 7038837.968299999833107 ], [ 258812.439699999988079, 7038840.02419999986887 ], [ 258808.598899999633431, 7038841.400100000202656 ], [ 258804.226534051646013, 7038843.881650728173554 ] ] ] } },
{ "type": "Feature", "properties": { "fid": 1357, "objtype": "ElvBekk", "lokalid": "31fdf7ac-9bd7-4090-a879-c90d65ba905e", "medium": "T", "vannbredde": 1.0, "vannsperretype": null, "arealRegineEnhet_km2": null, "elveordenStrahler": null, "catch_area": 0.42279848202204462, "water_depth": 0.54493766104392105, "gradient": 0.0, "aggressive": 0.0, "aggressiveness": 0.0, "id": 1357 }, "geometry": { "type": "MultiLineString", "coordinates": [ [ [ 257073.940782381250756, 7039336.749525750055909 ], [ 257073.517199999652803, 7039336.251899998635054 ], [ 257068.731599999591708, 7039330.459899999201298 ], [ 257063.079400000162423, 7039322.719000000506639 ], [ 257027.335476398002356, 7039248.643546108156443 ] ] ] } },
{ "type": "Feature", "properties": { "fid": 245, "objtype": "Kystkontur", "lokalid": "3e64d538-2386-445f-9c08-1f1b93e2b9fd", "medium": "T", "vannbredde": null, "vannsperretype": null, "arealRegineEnhet_km2": null, "elveordenStrahler": null, "catch_area": 0.0095560048037101591, "water_depth": 7.5, "gradient": 0.0, "aggressive": 0.0, "aggressiveness": 0.0, "id": 245 }, "geometry": { "type": "MultiLineString", "coordinates": [ [ [ 253601.050415149220498, 7036508.851816270500422 ], [ 253601.282100000418723, 7036510.754900000989437 ], [ 253602.227699999697506, 7036513.972899999469519 ], [ 253602.394500000402331, 7036515.535300001502037 ], [ 253602.048700000159442, 7036517.738800000399351 ], [ 253602.412399999797344, 7036520.006400000303984 ], [ 253602.823800000362098, 7036522.138799998909235 ], [ 253603.756699999794364, 7036525.971099998801947 ], [ 253604.065499999560416, 7036527.4397 ], [ 253604.848199999891222, 7036529.245700001716614 ], [ 253606.198400000110269, 7036529.923000000417233 ], [ 253606.620600000023842, 7036530.245200000703335 ], [ 253607.033200000412762, 7036531.854800000786781 ], [ 253607.333300000056624, 7036533.444899998605251 ], [ 253607.9057, 7036534.6173 ], [ 253609.16509999986738, 7036535.825800001621246 ], [ 253609.650600000284612, 7036536.393300000578165 ], [ 253610.376600000075996, 7036537.702100001275539 ], [ 253611.276700000278652, 7036537.868900001049042 ], [ 253611.976400000043213, 7036537.933800000697374 ], [ 253612.819899999536574, 7036538.568199999630451 ], [ 253613.451100000180304, 7036538.760200001299381 ], [ 253614.9852, 7036538.827199999243021 ], [ 253616.624400000087917, 7036538.301300000399351 ], [ 253617.512299999594688, 7036538.0168999992311 ], [ 253617.994300000369549, 7036538.333500001579523 ], [ 253620.44649999961257, 7036539.721400000154972 ], [ 253621.97620000038296, 7036541.346700001507998 ], [ 253624.441700000315905, 7036542.341400001198053 ], [ 253626.09250000026077, 7036542.367199998348951 ], [ 253627.935700000263751, 7036542.1941 ], [ 253631.079199999570847, 7036542.381299998611212 ], [ 253635.334699999541044, 7036541.780600000172853 ], [ 253637.16330000013113, 7036541.880199998617172 ], [ 253638.310800000093877, 7036542.646899998188019 ], [ 253640.009300000034273, 7036544.67850000038743 ], [ 253640.637000000104308, 7036548.258099999278784 ], [ 253640.962600000202656, 7036549.584399998188019 ], [ 253642.214999999850988, 7036550.290899999439716 ], [ 253643.815700000151992, 7036550.532600000500679 ], [ 253646.22759999986738, 7036551.49210000038147 ], [ 253646.81319999974221, 7036551.306400001049042 ], [ 253647.696399999782443, 7036550.650499999523163 ], [ 253648.203499999828637, 7036549.627900000661612 ], [ 253649.170099999755621, 7036547.185199998319149 ], [ 253649.841799999587238, 7036545.775299999862909 ], [ 253650.041600000113249, 7036545.655999999493361 ], [ 253651.351800000295043, 7036545.69370000064373 ], [ 253652.117499999701977, 7036546.033900000154972 ], [ 253653.147499999962747, 7036547.796599999070168 ], [ 253654.537200000137091, 7036550.178899999707937 ], [ 253656.037899999879301, 7036552.138599999248981 ], [ 253657.450600000098348, 7036554.016100000590086 ], [ 253659.607599999755621, 7036555.471999999135733 ], [ 253661.839999999850988, 7036556.980999998748302 ], [ 253662.589999999850988, 7036556.940699998289347 ], [ 253662.652375372272218, 7036556.908100665546954 ] ] ] } },
{ "type": "Feature", "properties": { "fid": 1430, "objtype": "Elvekant", "lokalid": "62f78084-efa8-468c-ab3e-5ccc138e89c5", "medium": "T", "vannbredde": null, "vannsperretype": null, "arealRegineEnhet_km2": null, "elveordenStrahler": null, "catch_area": 6.1071659328507737, "water_depth": 1.5, "gradient": 0.0, "aggressive": 0.0, "aggressiveness": 0.0, "id": 1430 }, "geometry": { "type": "MultiLineString", "coordinates": [ [ [ 259435.0, 7042535.924860406666994 ], [ 259431.924599999561906, 7042537.657699998468161 ], [ 259424.752899999730289, 7042540.593100000172853 ], [ 259416.615600000135601, 7042543.629200000315905 ], [ 259410.338999999687076, 7042549.24439999833703 ], [ 259405.68030000012368, 7042554.858300000429153 ], [ 259401.617999999783933, 7042558.154800001531839 ], [ 259399.04619999974966, 7042561.8037 ], [ 259394.221800000406802, 7042565.654199998825788 ], [ 259389.401100000366569, 7042567.725400000810623 ], [ 259386.023699999786913, 7042568.04280000180006 ], [ 259382.229000000283122, 7042569.052700001746416 ], [ 259379.445600000210106, 7042570.44990000128746 ], [ 259376.972299999557436, 7042573.436299998313189 ], [ 259375.313799999654293, 7042574.717799998819828 ], [ 259373.770600000396371, 7042575.516100000590086 ], [ 259372.052099999971688, 7042576.160100001841784 ], [ 259370.012099999934435, 7042578.623199999332428 ], [ 259365.407999999821186, 7042583.106300000101328 ], [ 259360.573599999770522, 7042591.983199998736382 ], [ 259359.020800000056624, 7042594.390500001609325 ], [ 259358.563144347834168, 7042594.818887727335095 ] ] ] } },
{ "type": "Feature", "properties": { "fid": 272, "objtype": "ElvBekk", "lokalid": "50bb4853-670f-4a6d-b043-5d47b46acb76", "medium": "T", "vannbredde": 1.0, "vannsperretype": null, "arealRegineEnhet_km2": null, "elveordenStrahler": null, "catch_area": 0.17975329001964799, "water_depth": 0.44381016618483232, "gradient": 0.0, "aggressive": 0.0, "aggressiveness": 0.0, "id": 272 }, "geometry": { "type": "MultiLineString", "coordinates": [ [ [ 256649.479399999603629, 7035980.346200000494719 ], [ 256654.84389999974519, 7035980.10359999909997 ] ] ] } },
{ "type": "Feature", "properties": { "fid": 382, "objtype": "ElvBekk", "lokalid": "9b477180-6561-4e55-a408-51ac09e14525", "medium": "T", "vannbredde": 1.0, "vannsperretype": null, "arealRegineEnhet_km2": null, "elveordenStrahler": null, "catch_area": 17.535139668381085, "water_depth": 1.3323337144141953, "gradient": 0.0, "aggressive": 0.0, "aggressiveness": 0.0, "id": 382 }, "geometry": { "type": "MultiLineString", "coordinates": [ [ [ 257023.761900000274181, 7036621.9485 ], [ 257025.753600000403821, 7036620.253800000995398 ], [ 257028.123800000175834, 7036619.377900000661612 ], [ 257031.250799999572337, 7036618.320300001651049 ], [ 257034.690799999982119, 7036617.705699998885393 ], [ 257037.116200000047684, 7036618.060899998992682 ], [ 257041.702100000344217, 7036620.1228 ], [ 257047.721099999733269, 7036623.638099998235703 ] ] ] } },
{ "type": "Feature", "properties": { "fid": 888, "objtype": "ElvBekk", "lokalid": "da0078eb-348e-402a-a956-8a03e83076da", "medium": "T", "vannbredde": 1.0, "vannsperretype": null, "arealRegineEnhet_km2": null, "elveordenStrahler": null, "catch_area": 0.26904294373977738, "water_depth": 0.48891345373944789, "gradient": 0.0, "aggressive": 0.0, "aggressiveness": 0.0, "id": 888 }, "geometry": { "type": "MultiLineString", "coordinates": [ [ [ 256622.062770035176072, 7039490.464284638874233 ], [ 256627.302699999883771, 7039472.400199998170137 ], [ 256632.001400000415742, 7039449.02250000089407 ], [ 256630.865699999965727, 7039433.831700000911951 ], [ 256628.783800000324845, 7039428.14750000089407 ], [ 256622.705199999734759, 7039420.788400001823902 ], [ 256606.274419159482932, 7039399.978637129999697 ] ] ] } },
{ "type": "Feature", "properties": { "fid": 585, "objtype": "Innsjøkant", "lokalid": "24eff26a-caf3-44c7-9792-f8703736998e", "medium": "T", "vannbredde": null, "vannsperretype": null, "arealRegineEnhet_km2": null, "elveordenStrahler": null, "catch_area": 10.003797957644466, "water_depth": 0.25, "gradient": 0.0, "aggressive": 0.0, "aggressiveness": 0.0, "id": 585 }, "geometry": { "type": "MultiLineString", "coordinates": [ [ [ 256901.048799999989569, 7037723.092300001531839 ], [ 256899.394899999722838, 7037721.428399998694658 ], [ 256897.980100000277162, 7037721.239700000733137 ], [ 256896.314100000075996, 7037721.265500001609325 ], [ 256895.315299999900162, 7037721.439800001680851 ], [ 256894.03870000038296, 7037720.795800000429153 ] ] ] } },
{ "type": "Feature", "properties": { "fid": 577, "objtype": "Elvekant", "lokalid": "605b850c-e070-44ff-93e1-98839e9c9373", "medium": "T", "vannbredde": null, "vannsperretype": null, "arealRegineEnhet_km2": null, "elveordenStrahler": null, "catch_area": 3.7415220393199129, "water_depth": 1.5, "gradient": 0.0, "aggressive": 0.0, "aggressiveness": 0.0, "id": 577 }, "geometry": { "type": "MultiLineString", "coordinates": [ [ [ 256955.377005384623772, 7037612.623526493087411 ], [ 256952.143799999728799, 7037613.914099998772144 ], [ 256948.071399999782443, 7037615.713799998164177 ] ] ] } },
{ "type": "Feature", "properties": { "fid": 100, "objtype": "Kystkontur", "lokalid": "db9c9801-418f-41c4-9c46-f6d757bc8e84", "medium": "T", "vannbredde": null, "vannsperretype": null, "arealRegineEnhet_km2": null, "elveordenStrahler": null, "catch_area": 0.059436863312434175, "water_depth": 1.0, "gradient": 0.0, "aggressive": 0.0, "aggressiveness": 0.0, "id": 100 }, "geometry": { "type": "MultiLineString", "coordinates": [ [ [ 256929.994595236465102, 7033521.865028570406139 ], [ 256930.945000000298023, 7033521.287200000137091 ], [ 256933.116799999959767, 7033520.1184 ], [ 256934.774799999780953, 7033518.9375 ], [ 256936.040599999949336, 7033518.07490000128746 ], [ 256938.108799999579787, 7033517.08669999986887 ], [ 256939.694099999964237, 7033516.415199998766184 ], [ 256941.110000000335276, 7033516.081199999898672 ], [ 256942.473299999721348, 7033515.400400001555681 ], [ 256943.847199999727309, 7033514.618099998682737 ], [ 256945.658400000073016, 7033513.462999999523163 ], [ 256948.656999999657273, 7033511.251600001007318 ], [ 256950.794800000265241, 7033509.935199998319149 ], [ 256954.161000000312924, 7033506.714499998837709 ], [ 256955.284199999645352, 7033506.046100001782179 ], [ 256956.864799999631941, 7033505.003199998289347 ], [ 256958.252600000239909, 7033504.048700001090765 ], [ 256960.240399999544024, 7033502.846900001168251 ], [ 256962.284099999815226, 7033500.956399999558926 ], [ 256963.341900000348687, 7033500.233899999409914 ], [ 256964.774299999698997, 7033499.325500000268221 ], [ 256968.456600000150502, 7033497.009700000286102 ], [ 256970.322399999946356, 7033496.543000001460314 ], [ 256971.641800000332296, 7033496.037200000137091 ], [ 256973.072100000455976, 7033495.641600001603365 ], [ 256974.273199999704957, 7033495.267499998211861 ], [ 256977.23589999973774, 7033494.064599998295307 ], [ 256978.265100000426173, 7033493.787000000476837 ], [ 256980.869400000199676, 7033492.728300001472235 ], [ 256983.355000000447035, 7033491.369199998676777 ], [ 256984.74100000038743, 7033490.716400001198053 ], [ 256986.271499999798834, 7033489.8893 ], [ 256988.947100000455976, 7033489.055100001394749 ], [ 256990.090599999763072, 7033488.81700000166893 ], [ 256991.144799999892712, 7033488.376299999654293 ], [ 256992.397599999792874, 7033488.017400000244379 ], [ 256994.773400000296533, 7033487.522999998182058 ], [ 256996.243200000375509, 7033487.013099998235703 ], [ 256998.289900000207126, 7033486.438900001347065 ], [ 256999.433899999596179, 7033486.633000001311302 ], [ 257000.564699999988079, 7033486.687699999660254 ], [ 257002.198599999770522, 7033486.534200001507998 ], [ 257004.091300000436604, 7033486.567600000649691 ], [ 257005.785000000149012, 7033486.408500000834465 ], [ 257007.627799999900162, 7033486.124899998307228 ], [ 257010.191300000064075, 7033485.059999998658895 ], [ 257012.220599999651313, 7033484.4070999994874 ], [ 257014.009899999946356, 7033484.088300000876188 ], [ 257015.114199999719858, 7033484.075100000947714 ], [ 257016.782399999909103, 7033484.1798 ], [ 257019.497700000181794, 7033483.874499998986721 ], [ 257019.971452552941628, 7033483.685117713175714 ] ] ] } },
{ "type": "Feature", "properties": { "fid": 916, "objtype": "ElvBekk", "lokalid": "b1f389d5-11ba-4ea3-a67f-4fd94d5602fa", "medium": "T", "vannbredde": 1.0, "vannsperretype": null, "arealRegineEnhet_km2": null, "elveordenStrahler": null, "catch_area": 1.657230256528762, "water_depth": 0.75635675095216137, "gradient": 0.0, "aggressive": 0.0, "aggressiveness": 0.0, "id": 916 }, "geometry": { "type": "MultiLineString", "coordinates": [ [ [ 256848.513000000268221, 7041319.00959999859333 ], [ 256850.244300000369549, 7041321.389800000935793 ], [ 256854.150000000372529, 7041323.485300000756979 ], [ 256857.94649999961257, 7041324.525600001215935 ], [ 256859.306699999608099, 7041324.02589999884367 ], [ 256860.716199999675155, 7041323.089400000870228 ], [ 256861.989500000141561, 7041322.306400001049042 ], [ 256864.875900000333786, 7041321.683400001376867 ], [ 256867.382299999706447, 7041322.151500001549721 ], [ 256868.621600000187755, 7041322.718499999493361 ], [ 256879.963399999774992, 7041331.321800000965595 ], [ 256880.846400000154972, 7041333.017799999564886 ], [ 256880.89780000038445, 7041334.420099999755621 ], [ 256878.902900000102818, 7041348.809500001370907 ], [ 256878.905399999581277, 7041353.221700001507998 ], [ 256879.710099999792874, 7041367.669599998742342 ], [ 256884.900399999693036, 7041382.901599999517202 ], [ 256887.613205299887341, 7041392.665625171735883 ] ] ] } },
{ "type": "Feature", "properties": { "fid": 50, "objtype": "Elvekant", "lokalid": "f57b5406-0275-49b4-9a93-3d21398d95c2", "medium": "T", "vannbredde": null, "vannsperretype": null, "arealRegineEnhet_km2": null, "elveordenStrahler": null, "catch_area": 20.973357248191736, "water_depth": 1.5, "gradient": 0.0, "aggressive": 0.0, "aggressiveness": 0.0, "id": 50 }, "geometry": { "type": "MultiLineString", "coordinates": [ [ [ 256609.522886487888172, 7034823.526501781307161 ], [ 256608.663599999621511, 7034819.6418999992311 ], [ 256608.692200000397861, 7034815.558499999344349 ], [ 256609.605899999849498, 7034809.341699998825788 ], [ 256611.606499999761581, 7034804.5304000005126 ], [ 256612.862700000405312, 7034801.96000000089407 ], [ 256614.118900000117719, 7034799.389600001275539 ], [ 256615.779299999587238, 7034793.52479999884963 ], [ 256616.404299999587238, 7034788.621500000357628 ], [ 256615.971800000406802, 7034786.37049999833107 ], [ 256614.566700000315905, 7034780.934300001710653 ], [ 256611.572800000198185, 7034775.596999999135733 ], [ 256608.064299999736249, 7034772.05689999833703 ], [ 256603.417200000025332, 7034767.096000000834465 ], [ 256600.315499999560416, 7034764.784099999815226 ], [ 256598.381299999542534, 7034764.523499999195337 ], [ 256594.795699999667704, 7034763.694400001317263 ], [ 256589.157800000160933, 7034759.741099998354912 ], [ 256586.1261, 7034757.211599998176098 ], [ 256584.078599999658763, 7034755.102200001478195 ], [ 256583.040000000037253, 7034753.460999999195337 ], [ 256581.428600000217557, 7034750.536699999123812 ], [ 256579.31209999974817, 7034746.835700001567602 ], [ 256577.93059999961406, 7034745.075899999588728 ], [ 256575.750518529879628, 7034743.288550850003958 ] ] ] } },
{ "type": "Feature", "properties": { "fid": 340, "objtype": "ElvBekk", "lokalid": "ffd9d0c7-6e0d-4837-b412-d3de91b390e8", "medium": "U", "vannbredde": 1.0, "vannsperretype": null, "arealRegineEnhet_km2": null, "elveordenStrahler": null, "catch_area": 0.3185568561338783, "water_depth": 0.50914287699939553, "gradient": 0.0, "aggressive": 0.0, "aggressiveness": 0.0, "id": 340 }, "geometry": { "type": "MultiLineString", "coordinates": [ [ [ 256136.738699999637902, 7037009.848400000482798 ], [ 256137.012699999846518, 7037009.661899998784065 ], [ 256138.102699999697506, 7037009.388599999248981 ], [ 256144.028800000436604, 7037008.811900001019239 ] ] ] } },
{ "type": "Feature", "properties": { "fid": 463, "objtype": "Elvekant", "lokalid": "0bb4f07a-4921-4ffc-bfdd-f4fc3dacefea", "medium": "T", "vannbredde": null, "vannsperretype": null, "arealRegineEnhet_km2": null, "elveordenStrahler": null, "catch_area": 3.2469259886631505, "water_depth": 1.5, "gradient": 0.0, "aggressive": 0.0, "aggressiveness": 0.0, "id": 463 }, "geometry": { "type": "MultiLineString", "coordinates": [ [ [ 257462.314799999818206, 7037896.905900001525879 ], [ 257461.350300000049174, 7037897.016600001603365 ], [ 257459.340699999593198, 7037897.878800000995398 ], [ 257458.609400000423193, 7037898.1184 ], [ 257458.056800000369549, 7037898.763300001621246 ], [ 257457.82039999961853, 7037899.670000001788139 ], [ 257457.803399999625981, 7037900.666600000113249 ], [ 257457.686900000087917, 7037901.994199998676777 ], [ 257457.123599999584258, 7037902.951699998229742 ], [ 257455.933699999935925, 7037903.44539999961853 ], [ 257454.646900000050664, 7037903.656800001859665 ], [ 257453.164599999785423, 7037903.605000000447035 ], [ 257452.066100000403821, 7037903.467000000178814 ], [ 257450.722500000149012, 7037902.537900000810623 ], [ 257449.485000000335276, 7037901.669100001454353 ], [ 257448.318400000222027, 7037901.768699999898672 ], [ 257444.66579999960959, 7037902.473600000143051 ], [ 257443.461500000208616, 7037902.38569999858737 ], [ 257441.571399999782443, 7037900.77419999986887 ], [ 257440.517099999822676, 7037899.074200000613928 ], [ 257438.191300000064075, 7037896.890500001609325 ], [ 257436.645600000396371, 7037894.452599998563528 ], [ 257435.947399999946356, 7037893.33219999819994 ], [ 257434.803600000217557, 7037892.2837999984622 ], [ 257433.648000000044703, 7037891.537999998778105 ], [ 257432.214499999769032, 7037891.149999998509884 ], [ 257430.534300000406802, 7037891.559099998325109 ], [ 257429.648199999704957, 7037891.863499999046326 ], [ 257428.691700000315905, 7037891.631700001657009 ], [ 257428.113699999637902, 7037890.721099998801947 ], [ 257427.364000000059605, 7037889.374400001019239 ], [ 257426.124900000169873, 7037887.953000001609325 ], [ 257424.504099999554455, 7037886.42680000141263 ], [ 257424.663599999621511, 7037885.557399999350309 ], [ 257427.395499999634922, 7037884.466600000858307 ], [ 257428.71750000026077, 7037884.523299999535084 ], [ 257429.798299999907613, 7037885.115299999713898 ], [ 257430.753600000403821, 7037885.5482 ], [ 257431.423899999819696, 7037885.5154 ], [ 257432.340699999593198, 7037884.896600000560284 ], [ 257434.239699999801815, 7037881.893899999558926 ], [ 257435.691899999976158, 7037879.16440000012517 ], [ 257435.924899999983609, 7037878.006700001657009 ], [ 257435.511800000444055, 7037876.819299999624491 ], [ 257433.372100000269711, 7037874.47749999910593 ], [ 257429.394299999810755, 7037872.469099998474121 ], [ 257426.678000000305474, 7037870.302000001072884 ], [ 257424.251199999824166, 7037869.1831 ], [ 257421.837799999862909, 7037868.314300000667572 ], [ 257419.459999999962747, 7037866.64809999987483 ], [ 257417.967799999751151, 7037865.421300001442432 ], [ 257416.673999999649823, 7037864.487500000745058 ], [ 257415.499400000087917, 7037863.432 ], [ 257414.13910000026226, 7037861.790800001472235 ], [ 257412.628600000403821, 7037860.796900000423193 ], [ 257410.813000000081956, 7037860.5152000002563 ], [ 257409.637600000016391, 7037860.0929000005126 ], [ 257409.577569726592628, 7037860.043179914355278 ] ] ] } },
{ "type": "Feature", "properties": { "fid": 1521, "objtype": "Elvekant", "lokalid": "abea953b-3180-4844-96d8-3acf2a603d27", "medium": "T", "vannbredde": null, "vannsperretype": null, "arealRegineEnhet_km2": null, "elveordenStrahler": null, "catch_area": 1.9569496873608831, "water_depth": 1.5, "gradient": 0.0, "aggressive": 0.0, "aggressiveness": 0.0, "id": 1521 }, "geometry": { "type": "MultiLineString", "coordinates": [ [ [ 257998.635599999688566, 7042514.407200001180172 ], [ 257997.751600000075996, 7042517.193900000303984 ], [ 257997.277800000272691, 7042518.675700001418591 ], [ 257996.717299999669194, 7042519.9847999997437 ], [ 257995.940999999642372, 7042520.9221 ], [ 257993.521900000050664, 7042523.842999998480082 ], [ 257991.314899999648333, 7042527.095800001174212 ] ] ] } },
{ "type": "Feature", "properties": { "fid": 1616, "objtype": "ElvBekk", "lokalid": "5c6e6549-6e83-4204-b1de-aea22589b9a0", "medium": "T", "vannbredde": 1.0, "vannsperretype": null, "arealRegineEnhet_km2": null, "elveordenStrahler": null, "catch_area": 0.015304537497729434, "water_depth": 0.24571499076183426, "gradient": 0.0, "aggressive": 0.0, "aggressiveness": 0.0, "id": 1616 }, "geometry": { "type": "MultiLineString", "coordinates": [ [ [ 254374.957802052085754, 7040462.286544444970787 ], [ 254372.674899999983609, 7040465.150800000876188 ], [ 254370.825400000438094, 7040466.540800001472235 ], [ 254367.301199999637902, 7040468.078000001609325 ], [ 254365.037399999797344, 7040469.979299999773502 ], [ 254356.339300000108778, 7040478.495700001716614 ], [ 254353.304800000041723, 7040480.218100000172853 ], [ 254351.17339999973774, 7040483.634700000286102 ], [ 254346.847099999897182, 7040494.393800001591444 ] ] ] } },
{ "type": "Feature", "properties": { "fid": 844, "objtype": "ElvBekk", "lokalid": "5ca89df2-0d66-48b5-b7f5-f196f5fa2158", "medium": "T", "vannbredde": 1.0, "vannsperretype": null, "arealRegineEnhet_km2": null, "elveordenStrahler": null, "catch_area": 5.9609999834898879, "water_depth": 1.0283747190153496, "gradient": 0.0, "aggressive": 0.0, "aggressiveness": 0.0, "id": 844 }, "geometry": { "type": "MultiLineString", "coordinates": [ [ [ 256849.01659999974072, 7037961.281599998474121 ], [ 256847.26410000026226, 7037953.325100000947714 ], [ 256846.328900000080466, 7037947.221500001847744 ], [ 256846.063500000163913, 7037945.145799998193979 ], [ 256846.149100000038743, 7037939.850999999791384 ], [ 256846.227400000207126, 7037938.758200000971556 ], [ 256846.552799999713898, 7037937.3004 ], [ 256847.044099999591708, 7037935.5757 ], [ 256848.112399999983609, 7037931.113299999386072 ], [ 256848.110000000335276, 7037930.017900001257658 ], [ 256847.964399999938905, 7037928.574200000613928 ], [ 256847.416000000201166, 7037924.876800000667572 ], [ 256847.113400000147521, 7037923.045800000429153 ] ] ] } },
{ "type": "Feature", "properties": { "fid": 523, "objtype": "ElvBekk", "lokalid": "6d6703d3-536e-4c43-a304-1a20d521b1ac", "medium": "T", "vannbredde": 1.0, "vannsperretype": null, "arealRegineEnhet_km2": null, "elveordenStrahler": null, "catch_area": 1.5663632587558127, "water_depth": 0.74618927001843538, "gradient": 0.0, "aggressive": 0.0, "aggressiveness": 0.0, "id": 523 }, "geometry": { "type": "MultiLineString", "coordinates": [ [ [ 255813.431800000369549, 7038107.590500000864267 ], [ 255815.979700000025332, 7038108.285900000482798 ], [ 255817.488699999637902, 7038109.370299998670816 ], [ 255821.561999999918044, 7038112.073300000280142 ] ] ] } },
{ "type": "Feature", "properties": { "fid": 353, "objtype": "ElvBekk", "lokalid": "58a7bd67-df72-4993-b6e5-b31be13383b0", "medium": "T", "vannbredde": 1.0, "vannsperretype": null, "arealRegineEnhet_km2": null, "elveordenStrahler": null, "catch_area": 0.0999586966088757, "water_depth": 0.38550653368171639, "gradient": 0.0, "aggressive": 0.0, "aggressiveness": 0.0, "id": 353 }, "geometry": { "type": "MultiLineString", "coordinates": [ [ [ 255923.901999999769032, 7037147.908900000154972 ], [ 255927.535600000061095, 7037148.71339999884367 ], [ 255933.081600000150502, 7037149.760400000959635 ], [ 255937.103000000119209, 7037149.9857 ], [ 255939.649699999950826, 7037149.384700000286102 ], [ 255942.534099999815226, 7037147.776999998837709 ] ] ] } },
{ "type": "Feature", "properties": { "fid": 186, "objtype": "ElvBekk", "lokalid": "2f014c11-553d-451d-8c0d-a7ddf8f1ac87", "medium": "T", "vannbredde": 1.0, "vannsperretype": null, "arealRegineEnhet_km2": null, "elveordenStrahler": null, "catch_area": 13.0407582719098, "water_depth": 1.2409305757593827, "gradient": 0.0, "aggressive": 0.0, "aggressiveness": 0.0, "id": 186 }, "geometry": { "type": "MultiLineString", "coordinates": [ [ [ 256996.995500000193715, 7036541.361900001764297 ], [ 256997.7171, 7036540.590599998831749 ], [ 256999.927000000141561, 7036538.543699998408556 ], [ 257000.689000000245869, 7036537.989700000733137 ], [ 257002.365899999625981, 7036537.329599998891354 ], [ 257003.86780000012368, 7036537.269000001251698 ], [ 257004.524699999950826, 7036537.307799998670816 ], [ 257006.893600000068545, 7036537.809000000357628 ], [ 257015.948599999770522, 7036543.471400000154972 ], [ 257018.731200000271201, 7036544.2051 ], [ 257026.362099999561906, 7036546.26240000128746 ], [ 257028.13150000013411, 7036546.267099998891354 ], [ 257029.436700000427663, 7036546.144499998539686 ], [ 257029.624699999578297, 7036546.00620000064373 ], [ 257029.806099999696016, 7036545.476599998772144 ], [ 257029.975399999879301, 7036544.817400000989437 ], [ 257030.342699999921024, 7036544.340700000524521 ], [ 257031.247399999760091, 7036543.914000000804663 ], [ 257033.27240000013262, 7036543.964999999850988 ], [ 257036.756099999882281, 7036544.351399999111891 ], [ 257039.061999999918044, 7036544.717700000852346 ], [ 257041.752799999900162, 7036545.007800001651049 ], [ 257043.126500000245869, 7036545.079799998551607 ], [ 257044.219200000166893, 7036544.514800000935793 ], [ 257045.391699999570847, 7036542.766399998217821 ], [ 257056.615399999544024, 7036520.474599998444319 ], [ 257057.909599999897182, 7036518.523800000548363 ], [ 257059.61739999987185, 7036517.016600001603365 ], [ 257061.542999999597669, 7036516.222600001841784 ], [ 257063.228500000201166, 7036515.762800000607967 ], [ 257065.035799999721348, 7036515.100499998778105 ], [ 257066.36849999986589, 7036514.201400000602007 ], [ 257066.590900000184774, 7036513.145300000905991 ], [ 257066.468299999833107, 7036511.518500000238419 ], [ 257066.168899999931455, 7036508.973600000143051 ], [ 257066.612599999643862, 7036507.0625 ], [ 257067.131508170801681, 7036505.622265077196062 ] ] ] } },
{ "type": "Feature", "properties": { "fid": 1661, "objtype": "ElvBekk", "lokalid": "42b1c4b4-d68f-4ff5-aec4-97c08cf4b7c2", "medium": "U", "vannbredde": 1.0, "vannsperretype": null, "arealRegineEnhet_km2": null, "elveordenStrahler": null, "catch_area": 0.31188664674318661, "water_depth": 0.50656365897446343, "gradient": 0.0, "aggressive": 0.0, "aggressiveness": 0.0, "id": 1661 }, "geometry": { "type": "MultiLineString", "coordinates": [ [ [ 255591.585900000296533, 7041581.596900001168251 ], [ 255580.229600000195205, 7041596.052000001072884 ] ] ] } },
{ "type": "Feature", "properties": { "fid": 417, "objtype": "Elvekant", "lokalid": "12fe0290-8922-4746-9b12-5e1d4b90c999", "medium": "T", "vannbredde": null, "vannsperretype": null, "arealRegineEnhet_km2": null, "elveordenStrahler": null, "catch_area": 17.491215231934845, "water_depth": 1.5, "gradient": 0.0, "aggressive": 0.0, "aggressiveness": 0.0, "id": 417 }, "geometry": { "type": "MultiLineString", "coordinates": [ [ [ 257036.468700000084937, 7036724.379599999636412 ], [ 257038.107699999585748, 7036711.119300000369549 ], [ 257041.685700000263751, 7036691.535799998790026 ], [ 257045.709400000050664, 7036672.845199998468161 ], [ 257046.441100000403821, 7036663.941700000315905 ], [ 257046.70920000039041, 7036658.770500000566244 ], [ 257046.5625, 7036653.356800001114607 ], [ 257045.400700000114739, 7036643.555700000375509 ], [ 257045.129999999888241, 7036640.887499999254942 ], [ 257045.244199999608099, 7036636.967000000178814 ], [ 257045.474499999545515, 7036632.784299999475479 ], [ 257045.732699999585748, 7036631.895700000226498 ], [ 257046.768400000408292, 7036627.406199999153614 ], [ 257047.231524827482644, 7036625.574457936920226 ] ] ] } },
{ "type": "Feature", "properties": { "fid": 1104, "objtype": "ElvBekk", "lokalid": "2d43d84f-cd9c-4ce6-8200-eac5f853e131", "medium": "T", "vannbredde": 1.0, "vannsperretype": null, "arealRegineEnhet_km2": null, "elveordenStrahler": null, "catch_area": 1.3016177666429991, "water_depth": 0.71375774695432193, "gradient": 0.0, "aggressive": 0.0, "aggressiveness": 0.0, "id": 1104 }, "geometry": { "type": "MultiLineString", "coordinates": [ [ [ 258262.171699999831617, 7036752.023699998855591 ], [ 258255.719499999657273, 7036743.895599998533726 ], [ 258250.849299999885261, 7036737.9507 ], [ 258250.172500000335276, 7036736.737799998372793 ], [ 258249.9216, 7036729.786100000143051 ] ] ] } },
{ "type": "Feature", "properties": { "fid": 514, "objtype": "ElvBekk", "lokalid": "8ecebb75-5e7e-482d-993b-5c4259752ce9", "medium": "T", "vannbredde": 1.0, "vannsperretype": null, "arealRegineEnhet_km2": null, "elveordenStrahler": null, "catch_area": 0.047023706822966672, "water_depth": 0.32168502881380401, "gradient": 0.0, "aggressive": 0.0, "aggressiveness": 0.0, "id": 514 }, "geometry": { "type": "MultiLineString", "coordinates": [ [ [ 255251.768799999728799, 7038115.906500000506639 ], [ 255254.184299999848008, 7038114.1217 ], [ 255272.030199999921024, 7038104.977299999445677 ], [ 255281.841199999675155, 7038099.854400001466274 ], [ 255294.449599999934435, 7038094.016399998217821 ], [ 255297.889200000092387, 7038092.9695999994874 ], [ 255302.890700000338256, 7038092.178100001066923 ], [ 255304.585900000296533, 7038091.928399998694658 ], [ 255305.196800000034273, 7038091.690099999308586 ], [ 255305.647499999962747, 7038090.924100000411272 ], [ 255305.770999999716878, 7038090.741599999368191 ] ] ] } },
{ "type": "Feature", "properties": { "fid": 262, "objtype": "ElvBekk", "lokalid": "ad7e2c33-5771-47e6-9783-60c445211646", "medium": "T", "vannbredde": 1.0, "vannsperretype": null, "arealRegineEnhet_km2": null, "elveordenStrahler": null, "catch_area": 0.021622199711150751, "water_depth": 0.26696281465416904, "gradient": 0.0, "aggressive": 0.0, "aggressiveness": 0.0, "id": 262 }, "geometry": { "type": "MultiLineString", "coordinates": [ [ [ 255409.553199999965727, 7037235.762899998575449 ], [ 255409.390800000168383, 7037238.421599999070168 ], [ 255409.146200000308454, 7037240.846799999475479 ], [ 255409.062300000339746, 7037241.879900000989437 ], [ 255408.681200000457466, 7037243.493700001388788 ], [ 255408.935200000181794, 7037246.625799998641014 ], [ 255409.283400000073016, 7037249.156100001186132 ], [ 255410.192699999548495, 7037255.091299999505281 ], [ 255410.075600000098348, 7037258.017099998891354 ], [ 255410.524600000120699, 7037260.0152000002563 ], [ 255410.93680000025779, 7037261.835900001227856 ], [ 255411.084400000050664, 7037263.299600001424551 ], [ 255411.044800000265241, 7037264.911499999463558 ], [ 255410.884700000286102, 7037266.524599999189377 ], [ 255410.406299999915063, 7037270.740699999034405 ], [ 255409.686599999666214, 7037274.527199998497963 ], [ 255409.221800000406802, 7037276.962999999523163 ], [ 255409.453700000420213, 7037278.469000000506639 ], [ 255409.62430000025779, 7037280.071100000292063 ], [ 255409.916199999861419, 7037282.214800000190735 ], [ 255409.963000000454485, 7037284.5320999994874 ], [ 255409.885700000450015, 7037287.775800000876188 ], [ 255410.013000000268221, 7037289.130800001323223 ], [ 255410.370799999684095, 7037294.866500001400709 ], [ 255409.613900000229478, 7037298.364999998360872 ], [ 255410.601999999955297, 7037300.965799998492002 ], [ 255411.847400000318885, 7037302.346400000154972 ], [ 255412.804299999959767, 7037303.010400000959635 ], [ 255415.612900000065565, 7037304.234099999070168 ], [ 255421.051699999719858, 7037306.708399999886751 ], [ 255426.753800000064075, 7037309.951900001615286 ], [ 255432.126899999566376, 7037314.080699998885393 ], [ 255436.699199999682605, 7037317.922899998724461 ], [ 255438.711665464972612, 7037319.688194563612342 ] ] ] } },
{ "type": "Feature", "properties": { "fid": 1183, "objtype": "Elvekant", "lokalid": "14f9fe54-0939-4f47-8e67-bf6a1d87ee1b", "medium": "U", "vannbredde": null, "vannsperretype": null, "arealRegineEnhet_km2": null, "elveordenStrahler": null, "catch_area": 2.4593585674911354, "water_depth": 1.5, "gradient": 0.0, "aggressive": 0.0, "aggressiveness": 0.0, "id": 1183 }, "geometry": { "type": "MultiLineString", "coordinates": [ [ [ 257954.637900000438094, 7038664.604899998754263 ], [ 257950.944099999964237, 7038653.102000001817942 ] ] ] } },
{ "type": "Feature", "properties": { "fid": 251, "objtype": "Kystkontur", "lokalid": "3e64d538-2386-445f-9c08-1f1b93e2b9fd", "medium": "T", "vannbredde": null, "vannsperretype": null, "arealRegineEnhet_km2": null, "elveordenStrahler": null, "catch_area": 0.011250956745240095, "water_depth": 7.5, "gradient": 0.0, "aggressive": 0.0, "aggressiveness": 0.0, "id": 251 }, "geometry": { "type": "MultiLineString", "coordinates": [ [ [ 253557.397225695924135, 7036874.982181875966489 ], [ 253557.387500000186265, 7036875.964899998158216 ], [ 253557.439000000245869, 7036876.834499999880791 ], [ 253557.128200000151992, 7036877.697999998927116 ], [ 253555.141099999658763, 7036879.442499998956919 ], [ 253552.612399999983609, 7036880.343400001525879 ], [ 253551.384800000116229, 7036880.649700000882149 ], [ 253548.879999999888241, 7036881.055799998342991 ], [ 253545.429999999701977, 7036881.993000000715256 ], [ 253544.732718894316349, 7036882.083121880888939 ] ] ] } },
{ "type": "Feature", "properties": { "fid": 1545, "objtype": "Elvekant", "lokalid": "34a18072-2e5e-4b5d-a38e-c3c549ad3979", "medium": "T", "vannbredde": null, "vannsperretype": null, "arealRegineEnhet_km2": null, "elveordenStrahler": null, "catch_area": 6.8901826782629012, "water_depth": 1.5, "gradient": 0.0, "aggressive": 0.0, "aggressiveness": 0.0, "id": 1545 }, "geometry": { "type": "MultiLineString", "coordinates": [ [ [ 258418.957489077321952, 7043016.003382935188711 ], [ 258419.275999999605119, 7043021.292599998414516 ], [ 258422.719499999657273, 7043026.919100001454353 ], [ 258424.948599999770522, 7043033.313000001013279 ], [ 258424.899500000290573, 7043037.709899999201298 ], [ 258423.83490000013262, 7043041.568900000303984 ], [ 258418.362700000405312, 7043048.364900000393391 ], [ 258410.139999999664724, 7043055.198300000280142 ] ] ] } },
{ "type": "Feature", "properties": { "fid": 1681, "objtype": "Elvekant", "lokalid": "944f5c75-d648-4e89-9b7c-248f7597e0b9", "medium": "T", "vannbredde": null, "vannsperretype": null, "arealRegineEnhet_km2": null, "elveordenStrahler": null, "catch_area": 6.8075974799614283, "water_depth": 1.5, "gradient": 0.0, "aggressive": 0.0, "aggressiveness": 0.0, "id": 1681 }, "geometry": { "type": "MultiLineString", "coordinates": [ [ [ 259141.425357219501166, 7042758.377497079782188 ], [ 259141.238199999555945, 7042758.43129999935627 ] ] ] } },
{ "type": "Feature", "properties": { "fid": 966, "objtype": "ElvBekk", "lokalid": "922ac736-3509-46bc-b03e-6ae2f1df488c", "medium": "T", "vannbredde": 1.0, "vannsperretype": null, "arealRegineEnhet_km2": null, "elveordenStrahler": null, "catch_area": 2.5739759791268995, "water_depth": 0.84065902589139052, "gradient": 0.0, "aggressive": 0.0, "aggressiveness": 0.0, "id": 966 }, "geometry": { "type": "MultiLineString", "coordinates": [ [ [ 259086.630291058449075, 7034135.761624316684902 ], [ 259094.837500000372529, 7034105.331399999558926 ], [ 259094.729299999773502, 7034096.044599998742342 ], [ 259096.139700000174344, 7034088.052499998360872 ], [ 259098.879300000146031, 7034075.272100001573563 ], [ 259105.74280000012368, 7034060.918400000780821 ], [ 259109.485100000165403, 7034056.566700000315905 ], [ 259120.959835160785588, 7034044.907196808606386 ] ] ] } },
{ "type": "Feature", "properties": { "fid": 856, "objtype": "Elvekant", "lokalid": "f290ab15-7e51-49ab-afe2-fb88465d5618", "medium": "T", "vannbredde": null, "vannsperretype": null, "arealRegineEnhet_km2": null, "elveordenStrahler": null, "catch_area": 3.5304731242718419, "water_depth": 1.5, "gradient": 0.0, "aggressive": 0.0, "aggressiveness": 0.0, "id": 856 }, "geometry": { "type": "MultiLineString", "coordinates": [ [ [ 256545.197259405278601, 7037996.033806821331382 ], [ 256547.33420000039041, 7037993.872299998998642 ], [ 256550.765300000086427, 7037992.414200000464916 ], [ 256556.447200000286102, 7037989.237100001424551 ], [ 256562.045099999755621, 7037986.449799999594688 ], [ 256563.755400000140071, 7037985.183499999344349 ], [ 256567.407999999821186, 7037982.980999998748302 ], [ 256573.100599999539554, 7037980.667199999094009 ], [ 256577.775100000202656, 7037978.429000001400709 ], [ 256582.11670000012964, 7037977.247299998998642 ], [ 256585.191100000403821, 7037976.486099999397993 ], [ 256588.763299999758601, 7037976.743500001728535 ], [ 256593.107699999585748, 7037977.410900000482798 ], [ 256597.795400000177324, 7037977.774599999189377 ] ] ] } },
{ "type": "Feature", "properties": { "fid": 1296, "objtype": "ElvBekk", "lokalid": "52b7a3e5-165d-4b1f-9d64-0015a7adc0ca", "medium": "T", "vannbredde": 1.0, "vannsperretype": null, "arealRegineEnhet_km2": null, "elveordenStrahler": null, "catch_area": 0.24750235719595554, "water_depth": 0.47921879654060717, "gradient": 0.0, "aggressive": 0.0, "aggressiveness": 0.0, "id": 1296 }, "geometry": { "type": "MultiLineString", "coordinates": [ [ [ 258271.113900000229478, 7040557.695799998939037 ], [ 258261.249400000087917, 7040574.975299999117851 ], [ 258257.605299999937415, 7040580.905999999493361 ], [ 258257.251199999824166, 7040581.843800000846386 ], [ 258257.048499999567866, 7040583.109200000762939 ], [ 258257.526700000278652, 7040596.542399998754263 ], [ 258257.243200000375509, 7040598.659600000828505 ], [ 258256.58559999987483, 7040600.219000000506639 ], [ 258255.89809999987483, 7040601.459499999880791 ], [ 258253.299999999813735, 7040606.326999999582767 ], [ 258252.906700000166893, 7040607.489599999040365 ], [ 258252.69510000012815, 7040609.730799999088049 ], [ 258252.967299999669194, 7040616.157800000160933 ], [ 258252.888700000010431, 7040618.637699998915195 ], [ 258252.272199999541044, 7040621.168099999427795 ], [ 258247.287299999967217, 7040633.687399998307228 ], [ 258246.150600000284612, 7040636.77930000051856 ], [ 258245.600700000301003, 7040638.308499999344349 ], [ 258245.090099999681115, 7040639.934399999678135 ], [ 258244.767599999904633, 7040641.4221 ], [ 258244.82039999961853, 7040642.412200000137091 ], [ 258245.070199999958277, 7040642.931400001049042 ], [ 258247.351999999955297, 7040645.5011 ], [ 258247.42200000025332, 7040646.780999999493361 ], [ 258246.987700000405312, 7040648.470199998468161 ] ] ] } },
{ "type": "Feature", "properties": { "fid": 589, "objtype": "Elvekant", "lokalid": "bd2665ce-52bc-4da4-8a15-036374f2e613", "medium": "T", "vannbredde": null, "vannsperretype": null, "arealRegineEnhet_km2": null, "elveordenStrahler": null, "catch_area": 8.3160452721291183, "water_depth": 1.5, "gradient": 0.0, "aggressive": 0.0, "aggressiveness": 0.0, "id": 589 }, "geometry": { "type": "MultiLineString", "coordinates": [ [ [ 256865.865399999544024, 7037814.091400001198053 ], [ 256873.660299999639392, 7037800.45380000025034 ], [ 256881.238400000147521, 7037788.253800000995398 ], [ 256885.711600000038743, 7037779.913499999791384 ], [ 256890.018199999816716, 7037769.799699999392033 ], [ 256897.31290000025183, 7037753.404899999499321 ], [ 256901.786299999803305, 7037743.034299999475479 ], [ 256903.110799999907613, 7037739.693599998950958 ], [ 256904.106900000013411, 7037735.318399999290705 ], [ 256904.605299999937415, 7037732.919700000435114 ], [ 256904.462500000372529, 7037730.329900000244379 ], [ 256903.621299999766052, 7037727.473999999463558 ], [ 256901.528901278972626, 7037723.9100491842255 ] ] ] } },
{ "type": "Feature", "properties": { "fid": 1637, "objtype": "ElvBekk", "lokalid": "25fa09d8-3192-48f4-b5ec-106ae7df0508", "medium": "U", "vannbredde": 1.0, "vannsperretype": null, "arealRegineEnhet_km2": null, "elveordenStrahler": null, "catch_area": 0.09105346738145835, "water_depth": 0.37696927990224088, "gradient": 0.0, "aggressive": 0.0, "aggressiveness": 0.0, "id": 1637 }, "geometry": { "type": "MultiLineString", "coordinates": [ [ [ 255533.749800000339746, 7041194.237100001424551 ], [ 255539.85149999987334, 7041208.579500000923872 ], [ 255541.184399999678135, 7041211.318799998611212 ] ] ] } },
{ "type": "Feature", "properties": { "fid": 1376, "objtype": "ElvBekk", "lokalid": "cd80124e-7211-42fe-945d-b69d776c50a8", "medium": "T", "vannbredde": 1.0, "vannsperretype": null, "arealRegineEnhet_km2": null, "elveordenStrahler": null, "catch_area": 1.9460677477679438, "water_depth": 0.78609079707829543, "gradient": 0.0, "aggressive": 0.0, "aggressiveness": 0.0, "id": 1376 }, "geometry": { "type": "MultiLineString", "coordinates": [ [ [ 257927.892699999734759, 7041574.274000000208616 ], [ 257919.389399999752641, 7041582.721700001507998 ], [ 257914.760900000110269, 7041588.765000000596046 ], [ 257910.766900000162423, 7041595.462200000882149 ] ] ] } },
{ "type": "Feature", "properties": { "fid": 1603, "objtype": "Kystkontur", "lokalid": "87742828-440b-4f96-a3b9-b133239daf84", "medium": "T", "vannbredde": null, "vannsperretype": null, "arealRegineEnhet_km2": null, "elveordenStrahler": null, "catch_area": 0.011908411053523169, "water_depth": 7.5, "gradient": 0.0, "aggressive": 0.0, "aggressiveness": 0.0, "id": 1603 }, "geometry": { "type": "MultiLineString", "coordinates": [ [ [ 254561.957370142947184, 7040762.791836216114461 ], [ 254560.516900000162423, 7040761.870200000703335 ], [ 254559.049800000153482, 7040760.590799998492002 ], [ 254557.405100000090897, 7040759.559300001710653 ], [ 254555.582999999634922, 7040758.031899999827147 ], [ 254554.628800000064075, 7040757.076200000941753 ], [ 254553.541400000452995, 7040756.0929000005126 ], [ 254552.20920000039041, 7040755.072200000286102 ], [ 254548.980100000277162, 7040753.546300001442432 ], [ 254545.670400000177324, 7040751.6963 ], [ 254543.892, 7040750.848200000822544 ], [ 254543.293800000101328, 7040750.150600001215935 ], [ 254542.411299999803305, 7040749.530000001192093 ], [ 254541.464300000108778, 7040748.8651 ], [ 254539.722400000318885, 7040748.083999998867512 ], [ 254538.07079999987036, 7040747.193799998611212 ], [ 254536.112300000153482, 7040746.6743 ], [ 254534.202600000426173, 7040745.818399999290705 ], [ 254533.039499999955297, 7040744.993000000715256 ], [ 254532.214300000108778, 7040744.125700000673532 ], [ 254531.794099999591708, 7040743.612399999052286 ], [ 254531.166299999691546, 7040743.028099998831749 ], [ 254530.649400000460446, 7040742.554000001400709 ], [ 254529.963999999687076, 7040742.105799999088049 ], [ 254529.092799999751151, 7040741.926300000399351 ], [ 254528.096699999645352, 7040741.487199999392033 ], [ 254527.535500000230968, 7040741.077599998563528 ], [ 254527.079599999822676, 7040740.718400001525879 ], [ 254526.572599999606609, 7040740.243299998342991 ], [ 254526.174999999813735, 7040739.969099998474121 ], [ 254525.526399999856949, 7040739.698399998247623 ], [ 254524.80460000038147, 7040739.504900000989437 ], [ 254524.24349999986589, 7040739.416900001466274 ], [ 254523.61670000012964, 7040738.842500001192093 ], [ 254523.120900000445545, 7040738.487100001424551 ], [ 254522.535799999721348, 7040737.928899999707937 ], [ 254522.167700000107288, 7040737.541400000452995 ], [ 254521.862800000235438, 7040737.077500000596046 ], [ 254521.683000000193715, 7040736.662200000137091 ], [ 254521.20990000013262, 7040736.013099998235703 ], [ 254520.859199999831617, 7040735.3827 ], [ 254520.513199999928474, 7040734.802099999040365 ], [ 254519.986600000411272, 7040734.117899999022484 ], [ 254519.328300000168383, 7040733.636900000274181 ], [ 254518.659699999727309, 7040733.368099998682737 ], [ 254518.263899999670684, 7040733.113800000399351 ], [ 254517.736399999819696, 7040732.7412 ], [ 254517.05350000038743, 7040732.21229999884963 ], [ 254516.75760000012815, 7040731.73759999871254 ], [ 254516.605899999849498, 7040731.299499999731779 ], [ 254516.56290000025183, 7040730.8412000015378 ], [ 254516.517599999904633, 7040730.252500001341105 ], [ 254516.535199999809265, 7040729.47690000012517 ], [ 254516.693799999542534, 7040728.597600001841784 ], [ 254516.7796, 7040727.906100001186132 ], [ 254516.736499999649823, 7040727.447799999266863 ], [ 254516.223000000230968, 7040726.903000000864267 ], [ 254516.10120000038296, 7040726.7837999984622 ], [ 254515.622899999842048, 7040726.185400001704693 ], [ 254515.213600000366569, 7040725.359499998390675 ], [ 254515.005699999630451, 7040724.323699999600649 ], [ 254514.934500000439584, 7040723.244800001382828 ], [ 254514.809999999590218, 7040722.241399999707937 ], [ 254514.273400000296533, 7040721.236400000751019 ], [ 254514.099100000225008, 7040720.23759999871254 ], [ 254513.7807, 7040719.202100001275539 ], [ 254513.668399999849498, 7040718.0066 ], [ 254513.3739, 7040716.798000000417233 ], [ 254513.347299999557436, 7040716.086800001561642 ], [ 254513.059700000099838, 7040715.058499999344349 ], [ 254513.05350000038743, 7040713.601700000464916 ], [ 254512.998399999924004, 7040712.481100000441074 ], [ 254513.026899999938905, 7040711.392900001257658 ], [ 254513.19440000038594, 7040709.859499998390675 ], [ 254513.283200000412762, 7040708.986699998378754 ], [ 254513.262799999676645, 7040708.2347999997437 ], [ 254512.639399999752641, 7040707.589800000190735 ], [ 254512.239799999631941, 7040707.2956000007689 ], [ 254511.930700000375509, 7040707.214099999517202 ], [ 254511.387900000438094, 7040706.893199998885393 ], [ 254509.254300000146031, 7040706.008200000971556 ], [ 254508.267199999652803, 7040705.2364999987185 ], [ 254506.92960000038147, 7040703.623399998992682 ], [ 254505.547799999825656, 7040702.074700001627207 ], [ 254504.887699999846518, 7040701.895500000566244 ], [ 254503.970900000073016, 7040701.338300000876188 ], [ 254503.50719999987632, 7040700.788899999111891 ], [ 254503.611700000241399, 7040700.296599999070168 ], [ 254503.920400000177324, 7040699.624299999326468 ], [ 254504.114000000059605, 7040699.224199999123812 ], [ 254504.372000000439584, 7040698.546700000762939 ], [ 254504.61629999987781, 7040697.830200001597404 ], [ 254504.917799999937415, 7040697.188700001686811 ], [ 254505.253700000233948, 7040696.805399999022484 ], [ 254505.586199999786913, 7040696.814300000667572 ], [ 254506.262500000186265, 7040696.9518 ], [ 254507.836199999786913, 7040697.226100001484156 ], [ 254507.940776198840467, 7040697.274207597598433 ] ] ] } },
{ "type": "Feature", "properties": { "fid": 367, "objtype": "Elvekant", "lokalid": "25fe247e-21ad-4f82-b493-8334db87df5e", "medium": "T", "vannbredde": null, "vannsperretype": null, "arealRegineEnhet_km2": null, "elveordenStrahler": null, "catch_area": 17.505441458636128, "water_depth": 1.5, "gradient": 0.0, "aggressive": 0.0, "aggressiveness": 0.0, "id": 367 }, "geometry": { "type": "MultiLineString", "coordinates": [ [ [ 257103.349000000394881, 7036511.240600001066923 ], [ 257105.61710000038147, 7036509.2787000015378 ], [ 257107.588100000284612, 7036506.399900000542402 ], [ 257110.64879999961704, 7036501.961500000208616 ], [ 257112.404000000096858, 7036499.032600000500679 ], [ 257113.946000000461936, 7036494.7971 ], [ 257115.39879999961704, 7036488.006900001317263 ], [ 257116.226999999955297, 7036482.592099998146296 ], [ 257117.132000000216067, 7036477.140000000596046 ], [ 257117.889600000344217, 7036472.364999998360872 ], [ 257118.622800000011921, 7036466.687699999660254 ], [ 257120.240000000223517, 7036461.540600001811981 ], [ 257120.746199999935925, 7036457.834499999880791 ], [ 257120.888299999758601, 7036454.7456 ], [ 257121.7045, 7036452.307 ] ] ] } },
{ "type": "Feature", "properties": { "fid": 1011, "objtype": "ElvBekk", "lokalid": "6bcb18ee-ee36-49fd-b988-6efe521d7a86", "medium": "T", "vannbredde": 1.0, "vannsperretype": null, "arealRegineEnhet_km2": null, "elveordenStrahler": null, "catch_area": 0.63528696580635757, "water_depth": 0.60087977935889358, "gradient": 0.0, "aggressive": 0.0, "aggressiveness": 0.0, "id": 1011 }, "geometry": { "type": "MultiLineString", "coordinates": [ [ [ 259189.291092007828411, 7035168.688891340978444 ], [ 259188.648599999956787, 7035161.504599999636412 ], [ 259181.843500000424683, 7035123.398200001567602 ], [ 259178.604799999855459, 7035101.540600001811981 ], [ 259178.518400000408292, 7035098.694299999624491 ], [ 259183.057900000363588, 7035092.237500000745058 ], [ 259185.700500000268221, 7035089.768100000917912 ], [ 259187.780899999663234, 7035088.055100001394749 ], [ 259188.315999999642372, 7035083.69310000166297 ], [ 259188.396388379653217, 7035073.158743905834854 ] ] ] } },
{ "type": "Feature", "properties": { "fid": 1326, "objtype": "ElvBekk", "lokalid": "44d0ef0a-fcb9-48dc-99c7-8a820cd9185a", "medium": "T", "vannbredde": 1.0, "vannsperretype": null, "arealRegineEnhet_km2": null, "elveordenStrahler": null, "catch_area": 1.8009075084232724, "water_depth": 0.77160092712475326, "gradient": 0.0, "aggressive": 0.0, "aggressiveness": 0.0, "id": 1326 }, "geometry": { "type": "MultiLineString", "coordinates": [ [ [ 257998.246799999848008, 7041354.012299999594688 ], [ 257997.077200000174344, 7041353.11710000038147 ], [ 257994.597900000400841, 7041351.11879999935627 ], [ 257989.418100000359118, 7041347.1228 ], [ 257988.483, 7041346.798599999397993 ], [ 257986.369900000281632, 7041346.665399998426437 ], [ 257984.595800000242889, 7041346.611000001430511 ], [ 257982.869199999608099, 7041346.954199999570847 ], [ 257981.726599999703467, 7041347.202199999243021 ], [ 257980.526800000108778, 7041347.696899998933077 ], [ 257978.930700000375509, 7041348.681099999696016 ], [ 257976.394899999722838, 7041350.788800001144409 ], [ 257975.114299999549985, 7041352.135400000959635 ], [ 257974.488800000399351, 7041353.500799998641014 ], [ 257974.038900000043213, 7041354.809399999678135 ], [ 257973.91399999987334, 7041356.047400001436472 ], [ 257974.067999999970198, 7041357.259100001305342 ], [ 257974.740299999713898, 7041359.065400000661612 ], [ 257976.55599999986589, 7041361.4879 ], [ 257979.188699999824166, 7041364.47690000012517 ], [ 257980.221499999985099, 7041366.269400000572205 ], [ 257981.162899999879301, 7041368.69370000064373 ], [ 257985.514000000432134, 7041396.708599999547005 ] ] ] } },
{ "type": "Feature", "properties": { "fid": 594, "objtype": "Elvekant", "lokalid": "9bbc6148-ad84-4bd0-9808-6864e4e57cde", "medium": "T", "vannbredde": null, "vannsperretype": null, "arealRegineEnhet_km2": null, "elveordenStrahler": null, "catch_area": 6.6301432773229489, "water_depth": 1.5, "gradient": 0.0, "aggressive": 0.0, "aggressiveness": 0.0, "id": 594 }, "geometry": { "type": "MultiLineString", "coordinates": [ [ [ 256842.340499999932945, 7037817.346500001847744 ], [ 256849.369699999690056, 7037816.636 ], [ 256859.699199999682605, 7037816.499899998307228 ], [ 256862.599999999627471, 7037816.136900000274181 ], [ 256863.935100000351667, 7037816.011500000953674 ], [ 256864.897300000302494, 7037815.448699999600649 ] ] ] } },
{ "type": "Feature", "properties": { "fid": 211, "objtype": "ElvBekk", "lokalid": "d7e57e47-7785-4759-b91e-9cf57334e49f", "medium": "T", "vannbredde": 1.0, "vannsperretype": null, "arealRegineEnhet_km2": null, "elveordenStrahler": null, "catch_area": 0.39072943969735696, "water_depth": 0.53471833387576073, "gradient": 0.0, "aggressive": 0.0, "aggressiveness": 0.0, "id": 211 }, "geometry": { "type": "MultiLineString", "coordinates": [ [ [ 255185.908599999733269, 7035308.7027000002563 ], [ 255179.228600000031292, 7035305.319699998944998 ], [ 255173.646900000050664, 7035301.109900001436472 ], [ 255161.514299999922514, 7035290.610300000756979 ], [ 255158.593399999663234, 7035288.512499999254942 ], [ 255157.093700000084937, 7035286.884399998933077 ], [ 255155.978799999691546, 7035285.501600001007318 ], [ 255154.443699999712408, 7035284.459699999541044 ], [ 255151.56940000038594, 7035283.392900001257658 ], [ 255145.502199999988079, 7035282.5757 ], [ 255144.696100000292063, 7035282.339800000190735 ], [ 255139.58530000038445, 7035275.331799998879433 ], [ 255137.105499999597669, 7035271.936299998313189 ], [ 255134.073099999688566, 7035269.50730000063777 ], [ 255126.740100000053644, 7035263.451699998229742 ], [ 255124.937599999830127, 7035261.168600000441074 ], [ 255123.705400000326335, 7035258.4298 ], [ 255123.203700000420213, 7035257.582400001585484 ], [ 255116.262199999764562, 7035252.485100001096725 ] ] ] } },
{ "type": "Feature", "properties": { "fid": 1281, "objtype": "Elvekant", "lokalid": "9b5f6f5d-a0b3-4ee1-b5a7-7c128d0b42d1", "medium": "T", "vannbredde": null, "vannsperretype": null, "arealRegineEnhet_km2": null, "elveordenStrahler": null, "catch_area": 1.2020033793016802, "water_depth": 1.5, "gradient": 0.0, "aggressive": 0.0, "aggressiveness": 0.0, "id": 1281 }, "geometry": { "type": "MultiLineString", "coordinates": [ [ [ 258420.082899999804795, 7039823.04619999974966 ], [ 258419.170099999755621, 7039821.996199999004602 ], [ 258417.224999999627471, 7039819.585799999535084 ], [ 258414.563299999572337, 7039816.6096 ], [ 258412.831399999558926, 7039814.008299998939037 ], [ 258406.312300000339746, 7039809.876800000667572 ], [ 258403.220999999903142, 7039808.961100000888109 ], [ 258400.685800000093877, 7039807.651500001549721 ], [ 258398.10190000012517, 7039805.823800001293421 ], [ 258394.301500000059605, 7039803.7787000015378 ], [ 258390.919499999843538, 7039799.875100001692772 ], [ 258387.345599999651313, 7039796.602600000798702 ], [ 258383.027099999599159, 7039792.787000000476837 ], [ 258380.274600000120699, 7039791.839499998837709 ], [ 258375.292100000195205, 7039790.156800001859665 ], [ 258373.395700000226498, 7039790.083700001239777 ], [ 258371.951100000180304, 7039790.219399999827147 ], [ 258370.496500000357628, 7039790.355999998748302 ], [ 258368.452399999834597, 7039791.492899999022484 ], [ 258365.780399999581277, 7039791.402199998497963 ], [ 258363.906600000336766, 7039790.713799998164177 ], [ 258361.064500000327826, 7039789.77479999884963 ], [ 258358.867999999783933, 7039788.433299999684095 ], [ 258356.423299999907613, 7039785.306000001728535 ], [ 258353.535099999979138, 7039782.913899999111891 ], [ 258350.717299999669194, 7039782.233899999409914 ], [ 258345.840200000442564, 7039781.566399998962879 ], [ 258343.134700000286102, 7039782.081900000572205 ], [ 258339.491899999789894, 7039781.821100000292063 ], [ 258339.140999999828637, 7039781.723400000482798 ] ] ] } },
{ "type": "Feature", "properties": { "fid": 66, "objtype": "Elvekant", "lokalid": "254864a5-64af-49cb-88ee-ce85efc27d14", "medium": "T", "vannbredde": null, "vannsperretype": null, "arealRegineEnhet_km2": null, "elveordenStrahler": null, "catch_area": 25.283432243354717, "water_depth": 1.5, "gradient": 0.0, "aggressive": 0.0, "aggressiveness": 0.0, "id": 66 }, "geometry": { "type": "MultiLineString", "coordinates": [ [ [ 256687.896499999798834, 7034937.384700000286102 ], [ 256688.002500000409782, 7034939.796999998390675 ], [ 256688.83530000038445, 7034943.206399999558926 ], [ 256690.890800000168383, 7034946.792500000447035 ], [ 256693.427400000393391, 7034951.006900001317263 ], [ 256695.570199999958277, 7034953.8108000010252 ], [ 256703.974299999885261, 7034962.067400000989437 ], [ 256709.525200000032783, 7034966.913199998438358 ], [ 256712.394399999640882, 7034969.638900000602007 ], [ 256717.209699999541044, 7034973.609099999070168 ], [ 256720.199099999852479, 7034975.901399999856949 ], [ 256723.811099999584258, 7034978.296 ], [ 256727.657700000330806, 7034981.261599998921156 ], [ 256731.696399999782443, 7034984.23930000141263 ], [ 256734.915000000037253, 7034987.153299998492002 ], [ 256739.014499999582767, 7034991.10020000115037 ], [ 256742.181400000117719, 7034993.999000001698732 ], [ 256746.682699999772012, 7034998.37049999833107 ], [ 256749.770800000056624, 7035001.286699999123812 ], [ 256754.992899999953806, 7035006.163499999791384 ], [ 256755.852800000458956, 7035007.399399999529123 ], [ 256756.080645741632907, 7035008.031576679088175 ] ] ] } },
{ "type": "Feature", "properties": { "fid": 1672, "objtype": "Kystkontur", "lokalid": "7ed77fca-2528-4081-ad86-fb59050e23cf", "medium": "T", "vannbredde": null, "vannsperretype": null, "arealRegineEnhet_km2": null, "elveordenStrahler": null, "catch_area": 1.5185984095775866, "water_depth": 1.0, "gradient": 0.0, "aggressive": 0.0, "aggressiveness": 0.0, "id": 1672 }, "geometry": { "type": "MultiLineString", "coordinates": [ [ [ 256920.202658722555498, 7042130.220819634385407 ], [ 256923.300200000405312, 7042129.675900001078844 ], [ 256926.653900000266731, 7042128.677299998700619 ], [ 256930.02309999987483, 7042128.0592 ], [ 256934.579599999822676, 7042127.239100001752377 ], [ 256937.642900000326335, 7042127.323100000619888 ], [ 256940.348000000230968, 7042127.551300000399351 ], [ 256946.599899999797344, 7042127.4463 ], [ 256956.147599999792874, 7042127.333099998533726 ], [ 256960.293200000189245, 7042127.275199998170137 ], [ 256961.05599999986589, 7042127.263900000602007 ] ] ] } },
{ "type": "Feature", "properties": { "fid": 372, "objtype": "Elvekant", "lokalid": "76535852-ff1c-4137-beb6-9d3ddb0ce76d", "medium": "T", "vannbredde": null, "vannsperretype": null, "arealRegineEnhet_km2": null, "elveordenStrahler": null, "catch_area": 2.7531669683960729, "water_depth": 1.5, "gradient": 0.0, "aggressive": 0.0, "aggressiveness": 0.0, "id": 372 }, "geometry": { "type": "MultiLineString", "coordinates": [ [ [ 257210.876196718076244, 7036597.059464891441166 ], [ 257210.832100000232458, 7036597.050500001758337 ], [ 257208.157200000248849, 7036596.608199998736382 ], [ 257202.015800000168383, 7036596.069400001317263 ], [ 257196.454699999652803, 7036595.395700000226498 ], [ 257193.13150000013411, 7036594.471599999815226 ], [ 257189.506000000052154, 7036593.646200001239777 ], [ 257188.528300000354648, 7036593.295800000429153 ], [ 257188.106100000441074, 7036592.973600000143051 ], [ 257187.290199999697506, 7036592.206000000238419 ], [ 257186.4222999997437, 7036591.312600001692772 ], [ 257185.760999999940395, 7036591.012899998575449 ], [ 257185.332200000062585, 7036590.942600000649691 ], [ 257184.855899999849498, 7036591.007399998605251 ], [ 257184.223799999803305, 7036591.127099998295307 ], [ 257182.89049999974668, 7036591.805100001394749 ], [ 257180.125500000081956, 7036592.758299998939037 ], [ 257179.669099999591708, 7036592.8213 ], [ 257178.957700000144541, 7036592.737399999052286 ], [ 257178.019000000320375, 7036592.694899998605251 ], [ 257176.559899999760091, 7036592.249000001698732 ], [ 257175.907200000248849, 7036591.827799998223782 ], [ 257175.440499999560416, 7036591.459600001573563 ], [ 257175.120699999853969, 7036591.157900001853704 ], [ 257174.247399999760091, 7036589.993700001388788 ], [ 257173.900799999944866, 7036589.19200000166893 ], [ 257173.312400000169873, 7036588.171799998730421 ], [ 257172.520600000396371, 7036586.055100001394749 ], [ 257172.14780000038445, 7036584.974500000476837 ], [ 257171.342699999921024, 7036583.894200000911951 ], [ 257170.662999999709427, 7036583.505800001323223 ], [ 257169.971699999645352, 7036583.20890000090003 ], [ 257168.820299999788404, 7036582.935100000351667 ], [ 257168.225300000049174, 7036582.699499998241663 ], [ 257166.438000000081956, 7036581.540699999779463 ], [ 257164.848600000143051, 7036579.921 ], [ 257163.898199999704957, 7036579.005199998617172 ], [ 257161.924100000411272, 7036576.607500001788139 ], [ 257161.190700000151992, 7036575.540699999779463 ], [ 257160.745099999941885, 7036575.29109999909997 ], [ 257159.009200000204146, 7036574.358600001782179 ], [ 257158.122100000269711, 7036574.009700000286102 ], [ 257157.417500000447035, 7036573.784400001168251 ], [ 257155.280899999663234, 7036573.402100000530481 ], [ 257151.905199999921024, 7036572.774399999529123 ], [ 257149.894399999640882, 7036572.34010000154376 ], [ 257146.393199999816716, 7036571.553300000727177 ], [ 257142.458300000056624, 7036571.179200001060963 ] ] ] } },
{ "type": "Feature", "properties": { "fid": 1217, "objtype": "Elvekant", "lokalid": "dd2cbb29-67f8-4222-978a-07e0661f1f40", "medium": "T", "vannbredde": null, "vannsperretype": null, "arealRegineEnhet_km2": null, "elveordenStrahler": null, "catch_area": 1.8191759039708113, "water_depth": 1.5, "gradient": 0.0, "aggressive": 0.0, "aggressiveness": 0.0, "id": 1217 }, "geometry": { "type": "MultiLineString", "coordinates": [ [ [ 258056.482986059330869, 7038997.850281688384712 ], [ 258060.219700000248849, 7038994.745900001376867 ], [ 258062.276700000278652, 7038992.783700000494719 ], [ 258066.726700000464916, 7038989.4408 ], [ 258067.748599999584258, 7038987.907600000500679 ], [ 258068.212500000372529, 7038986.105099998414516 ], [ 258066.041600000113249, 7038982.147999998182058 ], [ 258063.350899999961257, 7038978.8629 ], [ 258061.265800000168383, 7038976.887800000607967 ], [ 258059.422899999655783, 7038975.352299999445677 ] ] ] } },
{ "type": "Feature", "properties": { "fid": 1522, "objtype": "Elvekant", "lokalid": "b79d2b02-c6d5-4bf1-beec-d8e6a2077a39", "medium": "T", "vannbredde": null, "vannsperretype": null, "arealRegineEnhet_km2": null, "elveordenStrahler": null, "catch_area": 1.7918265502439235, "water_depth": 1.5, "gradient": 0.0, "aggressive": 0.0, "aggressiveness": 0.0, "id": 1522 }, "geometry": { "type": "MultiLineString", "coordinates": [ [ [ 257997.211900000460446, 7042529.205200001597404 ], [ 257996.584400000050664, 7042527.233899999409914 ], [ 257996.636800000444055, 7042523.299100000411272 ], [ 257997.1579, 7042521.25 ], [ 257997.955500000156462, 7042519.898600000888109 ], [ 257998.927799999713898, 7042516.661299999803305 ], [ 257999.416600000113249, 7042515.338899999856949 ] ] ] } },
{ "type": "Feature", "properties": { "fid": 1069, "objtype": "ElvBekk", "lokalid": "eb08f898-39d7-402f-8bc0-4022bc266365", "medium": "T", "vannbredde": 1.0, "vannsperretype": null, "arealRegineEnhet_km2": null, "elveordenStrahler": null, "catch_area": 0.054257793979701138, "water_depth": 0.3329244679943561, "gradient": 0.0, "aggressive": 0.0, "aggressiveness": 0.0, "id": 1069 }, "geometry": { "type": "MultiLineString", "coordinates": [ [ [ 258190.940100000239909, 7036054.957699999213219 ], [ 258170.388399999588728, 7036038.394499998539686 ] ] ] } },
{ "type": "Feature", "properties": { "fid": 30, "objtype": "ElvBekk", "lokalid": "516aa8b0-6d75-4fb9-961f-bd323f09dcb0", "medium": "T", "vannbredde": 1.0, "vannsperretype": null, "arealRegineEnhet_km2": null, "elveordenStrahler": null, "catch_area": 0.16079309470021244, "water_depth": 0.43209473768978518, "gradient": 0.0, "aggressive": 0.0, "aggressiveness": 0.0, "id": 30 }, "geometry": { "type": "MultiLineString", "coordinates": [ [ [ 256560.824212599196471, 7034157.544133592396975 ], [ 256560.575899999588728, 7034157.431600000709295 ], [ 256557.983599999919534, 7034155.51410000026226 ], [ 256556.368900000117719, 7034153.625399999320507 ], [ 256554.127500000409782, 7034151.162399999797344 ], [ 256551.502010501164477, 7034149.107736714184284 ] ] ] } },
{ "type": "Feature", "properties": { "fid": 1266, "objtype": "Elvekant", "lokalid": "196a5a37-f36e-4120-9d39-4259cc6e8988", "medium": "T", "vannbredde": null, "vannsperretype": null, "arealRegineEnhet_km2": null, "elveordenStrahler": null, "catch_area": 0.77243644960709545, "water_depth": 1.5, "gradient": 0.0, "aggressive": 0.0, "aggressiveness": 0.0, "id": 1266 }, "geometry": { "type": "MultiLineString", "coordinates": [ [ [ 258694.289003525016597, 7040034.196408687159419 ], [ 258692.745799999684095, 7040031.491900000721216 ], [ 258689.71860000025481, 7040026.871500000357628 ], [ 258684.252600000239909, 7040018.972600001841784 ], [ 258679.287399999797344, 7040011.589400000870228 ], [ 258674.588399999774992, 7040005.970300000160933 ], [ 258668.558699999935925, 7039998.918299999088049 ], [ 258663.757699999958277, 7039992.213199999183416 ], [ 258659.253100000321865, 7039985.882199998944998 ], [ 258653.665300000458956, 7039977.864100001752377 ], [ 258654.306400000117719, 7039969.9239999987185 ], [ 258654.418600000441074, 7039968.978799998760223 ], [ 258652.429999999701977, 7039962.682799998670816 ], [ 258642.822200000286102, 7039953.383900001645088 ], [ 258641.72941028396599, 7039952.249791876412928 ] ] ] } },
{ "type": "Feature", "properties": { "fid": 998, "objtype": "ElvBekk", "lokalid": "ad1f5a65-b515-4a2e-b39e-249493984953", "medium": "T", "vannbredde": 1.0, "vannsperretype": null, "arealRegineEnhet_km2": null, "elveordenStrahler": null, "catch_area": 0.1258032530463524, "water_depth": 0.4073810768358016, "gradient": 0.0, "aggressive": 0.0, "aggressiveness": 0.0, "id": 998 }, "geometry": { "type": "MultiLineString", "coordinates": [ [ [ 259186.494199999608099, 7034481.032800000160933 ], [ 259184.164800000376999, 7034481.271600000560284 ], [ 259182.64049999974668, 7034481.414799999445677 ], [ 259180.649400000460446, 7034481.511300001293421 ], [ 259178.107599999755621, 7034481.307799998670816 ], [ 259175.874800000339746, 7034480.542500000447035 ], [ 259171.777300000190735, 7034478.756400000303984 ], [ 259168.481499999761581, 7034477.910100001841784 ], [ 259165.458399999886751, 7034477.611000001430511 ], [ 259163.614199999719858, 7034477.130899999290705 ], [ 259161.001000000163913, 7034476.381299998611212 ], [ 259158.783400000073016, 7034475.564399998635054 ], [ 259156.781299999915063, 7034474.36540000140667 ], [ 259155.058100000023842, 7034472.818599998950958 ], [ 259152.055200000293553, 7034471.130699999630451 ], [ 259149.326000000350177, 7034470.964899998158216 ], [ 259146.733799999579787, 7034471.509799998253584 ], [ 259144.963499999605119, 7034471.495200000703335 ], [ 259143.725899999961257, 7034471.159099999815226 ], [ 259141.880400000140071, 7034470.558499999344349 ] ] ] } },
{ "type": "Feature", "properties": { "fid": 635, "objtype": "ElvBekk", "lokalid": "f0076bd3-bf5c-4a84-b53a-d74030402b3e", "medium": "T", "vannbredde": 1.0, "vannsperretype": null, "arealRegineEnhet_km2": null, "elveordenStrahler": null, "catch_area": 0.53993264713519573, "water_depth": 0.57787818996047935, "gradient": 0.0, "aggressive": 0.0, "aggressiveness": 0.0, "id": 635 }, "geometry": { "type": "MultiLineString", "coordinates": [ [ [ 256303.766800000332296, 7038498.745700001716614 ], [ 256303.798200000077486, 7038498.330600000917912 ], [ 256305.646300000138581, 7038496.498599998652935 ], [ 256307.137799999676645, 7038495.363400001078844 ], [ 256307.237900000065565, 7038494.610300000756979 ], [ 256307.074900000356138, 7038491.911800000816584 ], [ 256307.080099999904633, 7038490.041900001466274 ], [ 256306.522699999623001, 7038486.35530000180006 ], [ 256305.048499999567866, 7038484.785100001841784 ], [ 256302.493700000457466, 7038482.090199999511242 ], [ 256301.823099999688566, 7038480.514899998903275 ], [ 256301.619599999859929, 7038478.242400001734495 ], [ 256303.585500000044703, 7038473.38399999961257 ], [ 256304.178399999625981, 7038470.493999999016523 ], [ 256303.764399999752641, 7038465.979800000786781 ], [ 256302.475700000301003, 7038462.854400001466274 ], [ 256302.126199999824166, 7038462.022799998521805 ], [ 256300.924100000411272, 7038458.427000001072884 ], [ 256300.625, 7038455.992600001394749 ] ] ] } },
{ "type": "Feature", "properties": { "fid": 1314, "objtype": "ElvBekk", "lokalid": "acd9923f-cd3c-4973-98c6-174416ba06e8", "medium": "T", "vannbredde": 1.0, "vannsperretype": null, "arealRegineEnhet_km2": null, "elveordenStrahler": null, "catch_area": 0.57203806423249226, "water_depth": 0.58594490936533172, "gradient": 0.0, "aggressive": 0.0, "aggressiveness": 0.0, "id": 1314 }, "geometry": { "type": "MultiLineString", "coordinates": [ [ [ 258092.120061762077967, 7040935.480357487685978 ], [ 258090.43059999961406, 7040961.197299998253584 ], [ 258089.133600000292063, 7040971.7820999994874 ], [ 258088.022900000214577, 7040975.685600001364946 ] ] ] } },
{ "type": "Feature", "properties": { "fid": 602, "objtype": "Innsjøkant", "lokalid": "fc10fb1b-1664-4018-9ac8-c2868973f305", "medium": "T", "vannbredde": null, "vannsperretype": null, "arealRegineEnhet_km2": null, "elveordenStrahler": null, "catch_area": 3.2476209774817635, "water_depth": 1.0, "gradient": 0.0, "aggressive": 0.0, "aggressiveness": 0.0, "id": 602 }, "geometry": { "type": "MultiLineString", "coordinates": [ [ [ 256805.406299999915063, 7037848.727299999445677 ], [ 256806.435300000011921, 7037847.163199998438358 ], [ 256808.042600000277162, 7037845.977000001817942 ], [ 256808.169200000353158, 7037845.291700001806021 ], [ 256807.570899999700487, 7037844.27250000089407 ], [ 256806.53870000038296, 7037843.876899998635054 ], [ 256804.535699999891222, 7037843.63289999961853 ], [ 256802.236100000329316, 7037843.547400001436472 ], [ 256800.553100000135601, 7037843.072299998253584 ], [ 256798.672899999655783, 7037841.459800001233816 ], [ 256796.624200000427663, 7037838.054099999368191 ], [ 256795.749099999666214, 7037836.5482 ] ] ] } },
{ "type": "Feature", "properties": { "fid": 31, "objtype": "ElvBekk", "lokalid": "827f217b-14d8-4cad-9c4f-120cfe2de18d", "medium": "T", "vannbredde": 1.0, "vannsperretype": null, "arealRegineEnhet_km2": null, "elveordenStrahler": null, "catch_area": 0.0095356839476859242, "water_depth": 0.21934071068603925, "gradient": 0.0, "aggressive": 0.0, "aggressiveness": 0.0, "id": 31 }, "geometry": { "type": "MultiLineString", "coordinates": [ [ [ 256636.282100000418723, 7034148.151099998503923 ], [ 256624.760700000450015, 7034136.8805 ], [ 256617.150299999862909, 7034130.117400001734495 ], [ 256609.678100000135601, 7034123.220600001513958 ], [ 256602.105700000189245, 7034114.936200000345707 ], [ 256597.85259999986738, 7034106.892799999564886 ], [ 256596.883100000210106, 7034105.345600001513958 ], [ 256596.69309958384838, 7034105.202782452106476 ] ] ] } },
{ "type": "Feature", "properties": { "fid": 622, "objtype": "Innsjøkant", "lokalid": "9e4bcd71-5aae-496e-90c0-5b63ab13d86f", "medium": "T", "vannbredde": null, "vannsperretype": null, "arealRegineEnhet_km2": null, "elveordenStrahler": null, "catch_area": 1.9380094964788981, "water_depth": 1.0, "gradient": 0.0, "aggressive": 0.0, "aggressiveness": 0.0, "id": 622 }, "geometry": { "type": "MultiLineString", "coordinates": [ [ [ 256450.74959999974817, 7038064.647900000214577 ], [ 256449.529500000178814, 7038066.531500000506639 ], [ 256448.087899999693036, 7038067.983600001782179 ], [ 256447.233, 7038068.405600000172853 ], [ 256446.769500000402331, 7038068.821100000292063 ], [ 256445.453300000168383, 7038070.110599998384714 ], [ 256443.860299999825656, 7038071.235199999064207 ], [ 256442.730200000107288, 7038071.723299998790026 ], [ 256440.346900000236928, 7038072.138099998235703 ], [ 256438.879099999554455, 7038071.491999998688698 ], [ 256437.986399999819696, 7038071.083399999886751 ], [ 256436.648599999956787, 7038071.500599998980761 ], [ 256435.736499999649823, 7038072.169199999421835 ], [ 256432.563900000415742, 7038075.844300001859665 ], [ 256428.928399999625981, 7038078.33669999986887 ], [ 256427.226599999703467, 7038080.0143 ], [ 256427.042799999937415, 7038081.267799999564886 ], [ 256427.486399999819696, 7038084.49269999936223 ], [ 256428.408800000324845, 7038086.928899999707937 ], [ 256430.997800000011921, 7038094.052999999374151 ], [ 256432.028900000266731, 7038095.614500001072884 ], [ 256433.801400000229478, 7038096.935600001364946 ], [ 256435.781000000424683, 7038098.749699998646975 ], [ 256437.033599999733269, 7038100.742800001055002 ], [ 256438.175699999555945, 7038102.736099999397993 ], [ 256437.978199999779463, 7038103.9507 ], [ 256437.162499999627471, 7038105.967199999839067 ], [ 256436.75069999974221, 7038108.217099998146296 ], [ 256437.541899999603629, 7038113.42960000038147 ], [ 256437.998999999836087, 7038116.904399998486042 ], [ 256438.5307, 7038121.709100000560284 ], [ 256438.693799999542534, 7038128.046 ], [ 256438.261699999682605, 7038129.865600001066923 ], [ 256437.544200000353158, 7038130.787300001829863 ], [ 256436.57010000012815, 7038131.3310999982059 ], [ 256435.456799999810755, 7038131.998500000685453 ], [ 256434.71100000012666, 7038133.154100000858307 ], [ 256434.309000000357628, 7038134.438200000673532 ], [ 256434.638700000010431, 7038135.914900001138449 ], [ 256435.438799999654293, 7038137.156399998813868 ], [ 256436.348299999721348, 7038138.920299999415874 ], [ 256436.321100000292063, 7038141.626600001007318 ], [ 256435.914514246222097, 7038143.888789296150208 ] ] ] } },
{ "type": "Feature", "properties": { "fid": 163, "objtype": "Elvekant", "lokalid": "b36b1853-1423-49b5-83cc-24b08761f0b2", "medium": "T", "vannbredde": null, "vannsperretype": null, "arealRegineEnhet_km2": null, "elveordenStrahler": null, "catch_area": 22.137544897854372, "water_depth": 1.5, "gradient": 0.0, "aggressive": 0.0, "aggressiveness": 0.0, "id": 163 }, "geometry": { "type": "MultiLineString", "coordinates": [ [ [ 257059.474027749849483, 7036084.675653708167374 ], [ 257058.593000000342727, 7036085.6689000017941 ], [ 257055.777999999932945, 7036090.476300001144409 ], [ 257054.23450000025332, 7036093.3048 ], [ 257053.89989999961108, 7036095.62779999896884 ], [ 257053.096400000154972, 7036097.773800000548363 ], [ 257051.454800000414252, 7036100.521099999547005 ], [ 257049.18099999986589, 7036103.920800000429153 ], [ 257047.165400000289083, 7036106.431800000369549 ], [ 257045.649400000460446, 7036108.162300001829863 ], [ 257043.23340000025928, 7036113.686000000685453 ], [ 257041.517599999904633, 7036115.857299998402596 ], [ 257040.289499999955297, 7036118.405000001192093 ], [ 257040.073699999600649, 7036120.174100000411272 ], [ 257040.32799999974668, 7036123.416799999773502 ], [ 257040.940700000151992, 7036128.334399998188019 ], [ 257042.07010000012815, 7036136.7212999984622 ], [ 257043.143400000408292, 7036142.691199999302626 ], [ 257044.474600000306964, 7036145.199499998241663 ], [ 257045.821600000374019, 7036146.05799999833107 ], [ 257047.968100000172853, 7036146.439399998635054 ], [ 257049.380099999718368, 7036146.598200000822544 ], [ 257053.300900000147521, 7036146.501299999654293 ], [ 257054.889000000432134, 7036146.18129999935627 ], [ 257056.467899999581277, 7036146.083299998193979 ], [ 257057.380199999548495, 7036146.37950000166893 ], [ 257058.996000000275671, 7036147.745400000363588 ], [ 257059.78969999961555, 7036148.384500000625849 ], [ 257060.698900000192225, 7036148.540300000458956 ], [ 257064.950500000268221, 7036147.578099999576807 ], [ 257067.976300000213087, 7036146.298900000751019 ], [ 257071.330599999986589, 7036144.023899998515844 ], [ 257074.643899999558926, 7036143.451400000602007 ], [ 257075.685464399226476, 7036143.33162936847657 ] ] ] } },
{ "type": "Feature", "properties": { "fid": 1282, "objtype": "Elvekant", "lokalid": "6e067f71-a72e-4c59-af34-22ee9e79e69e", "medium": "T", "vannbredde": null, "vannsperretype": null, "arealRegineEnhet_km2": null, "elveordenStrahler": null, "catch_area": 1.1539488978228229, "water_depth": 1.5, "gradient": 0.0, "aggressive": 0.0, "aggressiveness": 0.0, "id": 1282 }, "geometry": { "type": "MultiLineString", "coordinates": [ [ [ 258427.675848346552812, 7039832.701043398119509 ], [ 258426.665599999949336, 7039832.347800001502037 ], [ 258425.259100000374019, 7039831.605599999427795 ], [ 258424.141200000420213, 7039830.725600000470877 ], [ 258422.821299999952316, 7039829.834499999880791 ], [ 258419.217400000430644, 7039826.243200000375509 ], [ 258416.138399999588728, 7039822.783500000834465 ], [ 258414.937300000339746, 7039821.660100001841784 ], [ 258411.747499999590218, 7039818.090300001204014 ], [ 258408.896499999798834, 7039815.131799999624491 ], [ 258407.229700000025332, 7039812.795800000429153 ], [ 258405.63300000037998, 7039811.739700000733137 ], [ 258401.765599999576807, 7039810.907000001519918 ], [ 258398.253200000151992, 7039808.824799999594688 ], [ 258393.313799999654293, 7039806.102800000458956 ], [ 258390.074000000022352, 7039801.894299998879433 ], [ 258385.934799999929965, 7039798.061900001019239 ], [ 258382.927099999971688, 7039794.504999998956919 ], [ 258380.569799999706447, 7039793.590799998492002 ], [ 258379.741600000299513, 7039793.548000000417233 ], [ 258374.904500000178814, 7039792.022399999201298 ], [ 258370.234699999913573, 7039793.988899998366833 ], [ 258363.161999999545515, 7039792.844200000166893 ], [ 258358.528199999593198, 7039791.128699999302626 ], [ 258354.646099999547005, 7039786.930399999022484 ], [ 258352.113099999725819, 7039784.253600001335144 ], [ 258347.187734053150052, 7039783.481984851881862 ] ] ] } },
{ "type": "Feature", "properties": { "fid": 531, "objtype": "ElvBekk", "lokalid": "84dafa1e-ce2c-4283-b695-9210b757e095", "medium": "T", "vannbredde": 1.0, "vannsperretype": null, "arealRegineEnhet_km2": null, "elveordenStrahler": null, "catch_area": 0.80309145508690949, "water_depth": 0.63565051605103029, "gradient": 0.0, "aggressive": 0.0, "aggressiveness": 0.0, "id": 531 }, "geometry": { "type": "MultiLineString", "coordinates": [ [ [ 255452.183325031219283, 7038181.315552705898881 ], [ 255459.762400000356138, 7038187.249200001358986 ], [ 255462.310100000351667, 7038189.974899999797344 ], [ 255463.332700000144541, 7038191.125199999660254 ] ] ] } },
{ "type": "Feature", "properties": { "fid": 366, "objtype": "Elvekant", "lokalid": "f15e746f-af1f-4d6c-9fe1-0016eb7846d1", "medium": "T", "vannbredde": null, "vannsperretype": null, "arealRegineEnhet_km2": null, "elveordenStrahler": null, "catch_area": 15.625316045989749, "water_depth": 1.5, "gradient": 0.0, "aggressive": 0.0, "aggressiveness": 0.0, "id": 366 }, "geometry": { "type": "MultiLineString", "coordinates": [ [ [ 257126.119699999690056, 7036455.440200001001358 ], [ 257126.320600000210106, 7036454.154899999499321 ], [ 257127.575100000016391, 7036451.353500001132488 ], [ 257130.322300000116229, 7036446.894200000911951 ], [ 257133.38399999961257, 7036442.787300001829863 ], [ 257137.291899999603629, 7036438.379799999296665 ], [ 257140.487499999813735, 7036436.340900000184774 ], [ 257144.98369999974966, 7036434.451099999248981 ], [ 257148.4693, 7036433.038199998438358 ], [ 257153.760700000450015, 7036427.736900001764297 ] ] ] } },
{ "type": "Feature", "properties": { "fid": 1559, "objtype": "Elvekant", "lokalid": "92c596d9-574e-485a-9dca-190e76d6e954", "medium": "T", "vannbredde": null, "vannsperretype": null, "arealRegineEnhet_km2": null, "elveordenStrahler": null, "catch_area": 2.5728106191415159, "water_depth": 1.5, "gradient": 0.0, "aggressive": 0.0, "aggressiveness": 0.0, "id": 1559 }, "geometry": { "type": "MultiLineString", "coordinates": [ [ [ 257786.724299999885261, 7042164.237500000745058 ], [ 257783.190499999560416, 7042166.740600001066923 ], [ 257780.138199999928474, 7042169.127999998629093 ], [ 257777.21059999987483, 7042171.986200001090765 ], [ 257775.021900000050664, 7042175.006099998950958 ], [ 257772.501600000075996, 7042179.524599999189377 ], [ 257770.401999999769032, 7042183.279899999499321 ], [ 257766.461500000208616, 7042189.6908 ], [ 257761.001000000163913, 7042196.827399998903275 ], [ 257759.10149999987334, 7042199.609099999070168 ] ] ] } },
{ "type": "Feature", "properties": { "fid": 1532, "objtype": "Elvekant", "lokalid": "7c014a61-d690-4ac8-b17c-a42e613a399c", "medium": "T", "vannbredde": null, "vannsperretype": null, "arealRegineEnhet_km2": null, "elveordenStrahler": null, "catch_area": 7.3255003504044112, "water_depth": 1.5, "gradient": 0.0, "aggressive": 0.0, "aggressiveness": 0.0, "id": 1532 }, "geometry": { "type": "MultiLineString", "coordinates": [ [ [ 258597.479600000195205, 7042967.307700000703335 ], [ 258584.534699999727309, 7042968.061900001019239 ], [ 258574.194899999536574, 7042968.088700000196695 ], [ 258565.080900000408292, 7042966.613400001078844 ], [ 258558.973000000230968, 7042965.468699999153614 ], [ 258545.434600000269711, 7042968.8918999992311 ], [ 258531.144000000320375, 7042975.219999998807907 ], [ 258527.602500000037253, 7042977.000199999660254 ], [ 258513.506199999712408, 7042984.646800000220537 ], [ 258503.967899999581277, 7042989.030799999833107 ], [ 258503.016794109949842, 7042989.68598279170692 ] ] ] } },
{ "type": "Feature", "properties": { "fid": 260, "objtype": "ElvBekk", "lokalid": "af9229af-7715-4157-8ce5-71affbd673e1", "medium": "T", "vannbredde": 1.0, "vannsperretype": null, "arealRegineEnhet_km2": null, "elveordenStrahler": null, "catch_area": 0.097932506812749842, "water_depth": 0.38361647632625878, "gradient": 0.0, "aggressive": 0.0, "aggressiveness": 0.0, "id": 260 }, "geometry": { "type": "MultiLineString", "coordinates": [ [ [ 255873.100399999879301, 7037150.007199998944998 ], [ 255877.507000000216067, 7037148.447500001639128 ], [ 255882.07079999987036, 7037146.7423 ], [ 255884.754800000227988, 7037145.997699998319149 ], [ 255888.089900000020862, 7037145.121599998325109 ], [ 255891.348399999551475, 7037144.714999999850988 ], [ 255894.9227, 7037144.781300000846386 ], [ 255899.833700000308454, 7037144.953200001269579 ], [ 255903.803000000305474, 7037145.9070999994874 ] ] ] } },
{ "type": "Feature", "properties": { "fid": 742, "objtype": "KystkonturTekniskeAnlegg", "lokalid": "ec2e2f44-4364-44fc-acdb-16872df9de01", "medium": "T", "vannbredde": null, "vannsperretype": null, "arealRegineEnhet_km2": null, "elveordenStrahler": null, "catch_area": 0.0037803399950309606, "water_depth": 7.5, "gradient": 0.0, "aggressive": 0.0, "aggressiveness": 0.0, "id": 742 }, "geometry": { "type": "MultiLineString", "coordinates": [ [ [ 253095.275100000202656, 7038113.882800001651049 ], [ 253095.502899999730289, 7038113.419199999421835 ], [ 253096.068099999800324, 7038112.15989999845624 ], [ 253080.456899999640882, 7038105.293999999761581 ], [ 253079.488400000147521, 7038107.395199999213219 ] ] ] } },
{ "type": "Feature", "properties": { "fid": 434, "objtype": "Elvekant", "lokalid": "7d09f05e-ab34-435e-9b97-fc5ee206dcf2", "medium": "T", "vannbredde": null, "vannsperretype": null, "arealRegineEnhet_km2": null, "elveordenStrahler": null, "catch_area": 11.938581075130294, "water_depth": 1.5, "gradient": 0.0, "aggressive": 0.0, "aggressiveness": 0.0, "id": 434 }, "geometry": { "type": "MultiLineString", "coordinates": [ [ [ 257028.798899999819696, 7036777.445000000298023 ], [ 257028.028599999845028, 7036780.693500000983477 ], [ 257028.009100000374019, 7036781.127500001341105 ], [ 257028.203599999658763, 7036782.234900001436472 ], [ 257030.607599999755621, 7036786.6426 ], [ 257035.778300000354648, 7036795.785599999129772 ], [ 257042.472799999639392, 7036806.172600001096725 ], [ 257045.239699999801815, 7036814.657000001519918 ], [ 257046.504999999888241, 7036821.171700000762939 ], [ 257047.194099999964237, 7036828.614999998360872 ], [ 257047.122100000269711, 7036833.948699999600649 ], [ 257046.756000000052154, 7036835.721900001168251 ], [ 257046.7818, 7036838.885499998927116 ], [ 257046.360100000165403, 7036841.457899998873472 ] ] ] } },
{ "type": "Feature", "properties": { "fid": 1620, "objtype": "Kystkontur", "lokalid": "87742828-440b-4f96-a3b9-b133239daf84", "medium": "T", "vannbredde": null, "vannsperretype": null, "arealRegineEnhet_km2": null, "elveordenStrahler": null, "catch_area": 0.015176403914794315, "water_depth": 7.5, "gradient": 0.0, "aggressive": 0.0, "aggressiveness": 0.0, "id": 1620 }, "geometry": { "type": "MultiLineString", "coordinates": [ [ [ 254507.940776198840467, 7040697.274207597598433 ], [ 254509.233300000429153, 7040697.86879999935627 ], [ 254510.061300000175834, 7040698.444299999624491 ], [ 254511.81290000025183, 7040699.435600001364946 ], [ 254513.200799999758601, 7040700.300299998372793 ], [ 254514.54009999986738, 7040700.968499999493361 ], [ 254515.842199999839067, 7040701.348700001835823 ], [ 254517.169900000095367, 7040701.46510000154376 ], [ 254518.356399999931455, 7040701.363699998706579 ], [ 254519.171400000341237, 7040700.623799998313189 ], [ 254520.193900000303984, 7040699.311500001698732 ], [ 254520.953900000080466, 7040697.4510000012815 ], [ 254521.206699999980628, 7040695.969900000840425 ], [ 254521.341000000014901, 7040694.831500001251698 ], [ 254521.333599999547005, 7040693.575800001621246 ], [ 254521.22580000013113, 7040692.108399998396635 ], [ 254520.643600000068545, 7040690.72580000013113 ], [ 254520.193500000052154, 7040689.572000000625849 ], [ 254519.286000000312924, 7040688.4712999984622 ], [ 254518.209699999541044, 7040687.285900000482798 ], [ 254517.604500000365078, 7040686.086300000548363 ], [ 254516.860999999567866, 7040684.698800001293421 ], [ 254516.444199999794364, 7040683.793099999427795 ], [ 254516.714800000190735, 7040682.501299999654293 ], [ 254516.931499999947846, 7040680.74210000038147 ], [ 254517.452600000426173, 7040679.014600001275539 ], [ 254517.88289999961853, 7040677.496599998325109 ], [ 254518.019100000150502, 7040676.378199998289347 ], [ 254518.307400000281632, 7040674.954 ], [ 254518.395600000396371, 7040673.538600001484156 ], [ 254517.947900000028312, 7040672.304200001060963 ], [ 254516.92850000038743, 7040670.761599998921156 ], [ 254515.619800000451505, 7040668.814100001007318 ], [ 254514.896999999880791, 7040667.967300001531839 ], [ 254513.92850000038743, 7040667.073300000280142 ], [ 254513.223199999891222, 7040666.627000000327826 ], [ 254512.408900000154972, 7040666.412000000476837 ], [ 254511.282100000418723, 7040666.186200000345707 ], [ 254510.484000000171363, 7040665.929499998688698 ], [ 254509.155100000090897, 7040665.370900001376867 ], [ 254507.787800000049174, 7040664.725400000810623 ], [ 254506.528099999763072, 7040663.728100001811981 ], [ 254505.484299999661744, 7040662.780799999833107 ], [ 254504.770800000056624, 7040662.033700000494719 ], [ 254503.79079999960959, 7040660.909600000828505 ], [ 254503.140700000338256, 7040659.875100001692772 ], [ 254502.273000000044703, 7040658.449000000953674 ], [ 254501.598299999721348, 7040657.0449 ], [ 254501.203200000338256, 7040655.51410000026226 ], [ 254500.762199999764562, 7040653.495000001043081 ], [ 254500.094899999909103, 7040651.205800000578165 ], [ 254499.380300000309944, 7040649.805500000715256 ], [ 254498.584599999710917, 7040647.327199999243021 ], [ 254497.202100000344217, 7040645.235800001770258 ], [ 254495.588800000026822, 7040642.934999998658895 ], [ 254494.225399999879301, 7040639.977400001138449 ], [ 254491.934999999590218, 7040636.353100001811981 ], [ 254489.015399999916553, 7040633.521600000560284 ], [ 254487.422799999825656, 7040631.761500000953674 ], [ 254486.832899999804795, 7040630.831900000572205 ], [ 254486.3421, 7040630.315200001001358 ], [ 254485.851599999703467, 7040629.909000001847744 ], [ 254485.334400000050664, 7040629.324299998581409 ], [ 254484.853500000201166, 7040628.806699998676777 ], [ 254484.674030575755751, 7040628.637661403045058 ] ] ] } },
{ "type": "Feature", "properties": { "fid": 528, "objtype": "ElvBekk", "lokalid": "ff57013e-be4f-48dc-8f83-7ba26eacd1b5", "medium": "T", "vannbredde": 1.0, "vannsperretype": null, "arealRegineEnhet_km2": null, "elveordenStrahler": null, "catch_area": 1.2376267451002838, "water_depth": 0.7051740584124665, "gradient": 0.0, "aggressive": 0.0, "aggressiveness": 0.0, "id": 528 }, "geometry": { "type": "MultiLineString", "coordinates": [ [ [ 255585.363199999555945, 7038181.722300000488758 ], [ 255585.953200000338256, 7038181.797499999403954 ], [ 255588.460799999535084, 7038181.742899999022484 ], [ 255592.193900000303984, 7038181.251499999314547 ], [ 255597.78110000025481, 7038179.741599999368191 ], [ 255604.534799999557436, 7038177.167300000786781 ], [ 255608.110500000417233, 7038175.002099998295307 ], [ 255611.715200000442564, 7038172.502599999308586 ], [ 255614.531999999657273, 7038168.890999998897314 ], [ 255616.612399999983609, 7038165.68019999936223 ], [ 255619.455299999564886, 7038161.7043999992311 ], [ 255623.297500000335276, 7038157.453699998557568 ], [ 255626.494599999859929, 7038154.680799998342991 ], [ 255630.100200000219047, 7038152.191199999302626 ], [ 255632.880400000140071, 7038149.688700001686811 ], [ 255636.600899999961257, 7038145.6404 ], [ 255640.351999999955297, 7038143.629599999636412 ], [ 255643.530899999663234, 7038143.873799998313189 ], [ 255648.223000000230968, 7038145.352699998766184 ], [ 255652.591099999845028, 7038147.877300001680851 ], [ 255659.454900000244379, 7038153.323399998247623 ], [ 255661.94440000038594, 7038154.466499999165535 ] ] ] } },
{ "type": "Feature", "properties": { "fid": 549, "objtype": "ElvBekk", "lokalid": "f5eec0b4-f72d-4b25-a06f-6d7abd536c5b", "medium": "T", "vannbredde": 1.0, "vannsperretype": null, "arealRegineEnhet_km2": null, "elveordenStrahler": null, "catch_area": 0.40153578527669487, "water_depth": 0.53823089633640764, "gradient": 0.0, "aggressive": 0.0, "aggressiveness": 0.0, "id": 549 }, "geometry": { "type": "MultiLineString", "coordinates": [ [ [ 256715.803199999965727, 7037405.546700000762939 ], [ 256721.269000000320375, 7037405.525800000876188 ], [ 256734.288499999791384, 7037406.634700000286102 ], [ 256750.14809999987483, 7037408.873799998313189 ], [ 256753.7034, 7037408.630300000309944 ], [ 256756.248599999584258, 7037408.119899999350309 ], [ 256759.46129999961704, 7037407.546700000762939 ], [ 256764.965499999932945, 7037406.758299998939037 ], [ 256769.62430000025779, 7037407.134799998253584 ], [ 256773.25760000012815, 7037408.150400001555681 ], [ 256776.841300000436604, 7037408.637899998575449 ], [ 256780.411000000312924, 7037407.478500001132488 ], [ 256788.310999999754131, 7037403.1985 ], [ 256797.654900000430644, 7037401.235300000756979 ], [ 256805.117999999783933, 7037398.081799998879433 ], [ 256806.296000000089407, 7037397.5691 ], [ 256807.60259999986738, 7037397.034299999475479 ], [ 256810.36629999987781, 7037395.96059999987483 ], [ 256812.662358154193498, 7037395.439266063272953 ] ] ] } },
{ "type": "Feature", "properties": { "fid": 1147, "objtype": "ElvBekk", "lokalid": "04fce146-21fd-49bb-bc13-d1ec7e6232f8", "medium": "T", "vannbredde": 1.0, "vannsperretype": null, "arealRegineEnhet_km2": null, "elveordenStrahler": null, "catch_area": 1.0768323252299501, "water_depth": 0.68200937234245784, "gradient": 0.0, "aggressive": 0.0, "aggressiveness": 0.0, "id": 1147 }, "geometry": { "type": "MultiLineString", "coordinates": [ [ [ 258065.846220746258041, 7037296.80063443724066 ], [ 258069.834800000302494, 7037294.369899999350309 ], [ 258080.309200000017881, 7037287.536400001496077 ], [ 258087.174300000071526, 7037284.117600001394749 ], [ 258092.734199999831617, 7037281.675599999725819 ], [ 258098.185300000011921, 7037280.108199998736382 ], [ 258105.898599999956787, 7037276.73030000180006 ], [ 258109.386900000274181, 7037276.844900000840425 ], [ 258113.38329999987036, 7037278.087699998170137 ], [ 258117.56319999974221, 7037278.287999998778105 ], [ 258119.38300000037998, 7037278.187399998307228 ], [ 258122.427099999971688, 7037278.816100001335144 ], [ 258124.622999999672174, 7037278.760600000619888 ], [ 258127.907999999821186, 7037276.9243 ], [ 258130.043300000019372, 7037275.688499998301268 ], [ 258132.998599999584258, 7037274.19480000063777 ], [ 258135.529299999587238, 7037274.2787000015378 ], [ 258138.495900000445545, 7037274.723700001835823 ], [ 258141.743700000457466, 7037275.916200000792742 ], [ 258145.049200000241399, 7037276.972600001841784 ], [ 258150.66579999960959, 7037278.666200000792742 ], [ 258156.165000000037253, 7037279.536699999123812 ], [ 258158.720539134548744, 7037279.732131373137236 ] ] ] } },
{ "type": "Feature", "properties": { "fid": 846, "objtype": "Elvekant", "lokalid": "cc212258-06c8-41e0-9efb-c423d4e83751", "medium": "T", "vannbredde": null, "vannsperretype": null, "arealRegineEnhet_km2": null, "elveordenStrahler": null, "catch_area": 6.572459404855465, "water_depth": 1.5, "gradient": 0.0, "aggressive": 0.0, "aggressiveness": 0.0, "id": 846 }, "geometry": { "type": "MultiLineString", "coordinates": [ [ [ 256957.819146044872468, 7038006.147393460385501 ], [ 256954.585699999704957, 7038005.197299998253584 ], [ 256947.267400000244379, 7038001.975000001490116 ], [ 256935.4545, 7037996.913400001823902 ], [ 256924.840099999681115, 7037992.412599999457598 ], [ 256923.622899999842048, 7037991.65260000154376 ], [ 256917.917700000107288, 7037986.12779999896884 ], [ 256912.490899999625981, 7037980.999000001698732 ], [ 256908.267199999652803, 7037977.978500001132488 ], [ 256901.902099999599159, 7037973.561000000685453 ], [ 256899.034699999727309, 7037971.176899999380112 ], [ 256892.663399999961257, 7037963.161800000816584 ], [ 256887.0148, 7037954.495799999684095 ], [ 256885.430499999783933, 7037950.363000001758337 ], [ 256883.925200000405312, 7037948.67509999871254 ], [ 256882.096424600516912, 7037945.727848096750677 ] ] ] } },
{ "type": "Feature", "properties": { "fid": 301, "objtype": "ElvBekk", "lokalid": "0d220870-fb09-4bde-9614-faeb57d989c0", "medium": "T", "vannbredde": 1.0, "vannsperretype": null, "arealRegineEnhet_km2": null, "elveordenStrahler": null, "catch_area": 0.26605623051351401, "water_depth": 0.48760531041518773, "gradient": 0.0, "aggressive": 0.0, "aggressiveness": 0.0, "id": 301 }, "geometry": { "type": "MultiLineString", "coordinates": [ [ [ 256680.333200000226498, 7036170.908100001513958 ], [ 256680.884399999864399, 7036171.31870000064373 ], [ 256691.384800000116229, 7036177.709800001233816 ], [ 256693.825100000016391, 7036179.400299999862909 ], [ 256695.082700000144541, 7036181.232099998742342 ], [ 256696.588399999774992, 7036186.6689000017941 ] ] ] } }
]
}
